nohup: ignoring input
Pull latest base images (compiler/runtime)? (y/N): Traceback (most recent call last):
  File "/home/ursula/lab2/oss-fuzz/projects/libpng/../../infra/helper.py", line 1738, in <module>
    sys.exit(main())
             ^^^^^^
  File "/home/ursula/lab2/oss-fuzz/projects/libpng/../../infra/helper.py", line 224, in main
    result = build_image(args)
             ^^^^^^^^^^^^^^^^^
  File "/home/ursula/lab2/oss-fuzz/projects/libpng/../../infra/helper.py", line 791, in build_image
    y_or_n = raw_input('Pull latest base images (compiler/runtime)? (y/N): ')
             ^^^^^^^^^^^^^^^^^^^^^^^^^^^^^^^^^^^^^^^^^^^^^^^^^^^^^^^^^^^^^^^^
OSError: [Errno 9] Bad file descriptor
INFO:__main__:Running: docker build -t gcr.io/oss-fuzz/libpng --file /home/ursula/lab2/oss-fuzz/projects/libpng/Dockerfile /home/ursula/lab2/oss-fuzz/projects/libpng.
#0 building with "default" instance using docker driver

#1 [internal] load build definition from Dockerfile
#1 transferring dockerfile: 1.14kB done
#1 DONE 0.1s

#2 [internal] load metadata for gcr.io/oss-fuzz-base/base-builder:latest
#2 DONE 0.0s

#3 [internal] load .dockerignore
#3 transferring context: 2B done
#3 DONE 0.1s

#4 [1/7] FROM gcr.io/oss-fuzz-base/base-builder:latest
#4 DONE 0.0s

#5 [internal] load build context
#5 transferring context: 74B done
#5 DONE 0.1s

#6 [2/7] RUN apt-get update &&     apt-get install -y make autoconf automake libtool zlib1g-dev
#6 CACHED

#7 [3/7] RUN git clone --depth 1 https://github.com/madler/zlib.git
#7 CACHED

#8 [4/7] RUN git clone --depth 1 --branch v1.6.48 https://github.com/pnggroup/libpng.git
#8 CACHED

#9 [5/7] COPY libpng_my_read_fuzzer.cc /src/libpng/contrib/oss-fuzz/libpng_my_read_fuzzer.cc
#9 CACHED

#10 [6/7] COPY build.sh /src
#10 CACHED

#11 [7/7] WORKDIR libpng
#11 CACHED

#12 exporting to image
#12 exporting layers done
#12 writing image sha256:e56cdc104ad5f5753beedd74f471a2f7dd8bbc6ae4166bffefc9f3e60f0872fe 0.1s done
#12 naming to gcr.io/oss-fuzz/libpng 0.1s done
#12 DONE 0.1s

 [33m1 warning found (use docker --debug to expand):
[0m - WorkdirRelativePath: Relative workdir "libpng" can have unexpected results if the base image changes (line 31)
INFO:__main__:Keeping existing build artifacts as-is (if any).
INFO:__main__:Running: docker run --privileged --shm-size=2g --platform linux/amd64 --rm -e FUZZING_ENGINE=libfuzzer -e SANITIZER=address -e ARCHITECTURE=x86_64 -e PROJECT_NAME=libpng -e HELPER=True -e FUZZING_LANGUAGE=c++ -v /home/ursula/lab2/oss-fuzz/build/out/libpng/:/out -v /home/ursula/lab2/oss-fuzz/build/work/libpng:/work gcr.io/oss-fuzz/libpng.
---------------------------------------------------------------
vm.mmap_rnd_bits = 28
Compiling libFuzzer to /usr/lib/libFuzzingEngine.a...  done.
---------------------------------------------------------------
CC=clang
CXX=clang++
CFLAGS=-O1   -fno-omit-frame-pointer   -gline-tables-only   -Wno-error=enum-constexpr-conversion   -Wno-error=incompatible-function-pointer-types   -Wno-error=int-conversion   -Wno-error=deprecated-declarations   -Wno-error=implicit-function-declaration   -Wno-error=implicit-int   -Wno-error=vla-cxx-extension   -DFUZZING_BUILD_MODE_UNSAFE_FOR_PRODUCTION -fsanitize=address -fsanitize-address-use-after-scope -fsanitize=fuzzer-no-link
CXXFLAGS=-O1   -fno-omit-frame-pointer   -gline-tables-only   -Wno-error=enum-constexpr-conversion   -Wno-error=incompatible-function-pointer-types   -Wno-error=int-conversion   -Wno-error=deprecated-declarations   -Wno-error=implicit-function-declaration   -Wno-error=implicit-int   -Wno-error=vla-cxx-extension   -DFUZZING_BUILD_MODE_UNSAFE_FOR_PRODUCTION -fsanitize=address -fsanitize-address-use-after-scope -fsanitize=fuzzer-no-link -stdlib=libc++
RUSTFLAGS=--cfg fuzzing -Zsanitizer=address -Cdebuginfo=1 -Cforce-frame-pointers
---------------------------------------------------------------
+ cat scripts/pnglibconf.dfa
+ sed -e 's/option STDIO/option STDIO disabled/' -e 's/option WARNING /option WARNING disabled/' -e 's/option WRITE enables WRITE_INT_FUNCTIONS/option WRITE disabled/' -e 's/^\(option READ_[^ ]*\) disabled/\1/'
+ mv scripts/pnglibconf.dfa.temp scripts/pnglibconf.dfa
+ autoreconf -f -i
libtoolize: putting auxiliary files in '.'.
libtoolize: copying file './ltmain.sh'
libtoolize: putting macros in AC_CONFIG_MACRO_DIRS, 'scripts/autoconf'.
libtoolize: copying file 'scripts/autoconf/libtool.m4'
libtoolize: copying file 'scripts/autoconf/ltoptions.m4'
libtoolize: copying file 'scripts/autoconf/ltsugar.m4'
libtoolize: copying file 'scripts/autoconf/ltversion.m4'
libtoolize: copying file 'scripts/autoconf/lt~obsolete.m4'
configure.ac:61: installing './compile'
configure.ac:37: installing './missing'
Makefile.am: installing './depcomp'
+ ./configure
checking for a BSD-compatible install... /usr/bin/install -c
checking whether build environment is sane... yes
checking for a thread-safe mkdir -p... /usr/bin/mkdir -p
checking for gawk... no
checking for mawk... mawk
checking whether make sets $(MAKE)... yes
checking whether make supports nested variables... yes
checking whether to enable maintainer-specific portions of Makefiles... no
checking for gcc... clang
checking whether the C compiler works... yes
checking for C compiler default output file name... a.out
checking for suffix of executables... 
checking whether we are cross compiling... no
checking for suffix of object files... o
checking whether we are using the GNU C compiler... yes
checking whether clang accepts -g... yes
checking for clang option to accept ISO C89... none needed
checking whether clang understands -c and -o together... yes
checking whether make supports the include directive... yes (GNU style)
checking dependency style of clang... gcc3
checking dependency style of clang... gcc3
checking build system type... x86_64-pc-linux-gnu
checking host system type... x86_64-pc-linux-gnu
checking for a sed that does not truncate output... /usr/bin/sed
checking for grep that handles long lines and -e... /usr/bin/grep
checking for egrep... /usr/bin/grep -E
checking for fgrep... /usr/bin/grep -F
checking how to print strings... printf
checking for ld used by clang... /usr/bin/ld
checking if the linker (/usr/bin/ld) is GNU ld... yes
checking how to run the C preprocessor... clang -E
checking for gawk... (cached) mawk
checking whether ln -s works... yes
checking whether make sets $(MAKE)... (cached) yes
checking for BSD- or MS-compatible name lister (nm)... /usr/bin/nm -B
checking the name lister (/usr/bin/nm -B) interface... BSD nm
checking the maximum length of command line arguments... 1572864
checking how to convert x86_64-pc-linux-gnu file names to x86_64-pc-linux-gnu format... func_convert_file_noop
checking how to convert x86_64-pc-linux-gnu file names to toolchain format... func_convert_file_noop
checking for /usr/bin/ld option to reload object files... -r
checking for objdump... objdump
checking how to recognize dependent libraries... pass_all
checking for dlltool... no
checking how to associate runtime and link libraries... printf %s\n
checking for ar... ar
checking for archiver @FILE support... @
checking for strip... strip
checking for ranlib... ranlib
checking command to parse /usr/bin/nm -B output from clang object... ok
checking for sysroot... no
checking for a working dd... /usr/bin/dd
checking how to truncate binary pipes... /usr/bin/dd bs=4096 count=1
checking for mt... no
checking if : is a manifest tool... no
checking for ANSI C header files... yes
checking for sys/types.h... yes
checking for sys/stat.h... yes
checking for stdlib.h... yes
checking for string.h... yes
checking for memory.h... yes
checking for strings.h... yes
checking for inttypes.h... yes
checking for stdint.h... yes
checking for unistd.h... yes
checking for dlfcn.h... yes
checking for objdir... .libs
checking if clang supports -fno-rtti -fno-exceptions... yes
checking for clang option to produce PIC... -fPIC -DPIC
checking if clang PIC flag -fPIC -DPIC works... yes
checking if clang static flag -static works... no
checking if clang supports -c -o file.o... yes
checking if clang supports -c -o file.o... (cached) yes
checking whether the clang linker (/usr/bin/ld -m elf_x86_64) supports shared libraries... yes
checking whether -lc should be explicitly linked in... no
checking dynamic linker characteristics... GNU/Linux ld.so
checking how to hardcode library paths into programs... immediate
checking whether stripping libraries is possible... yes
checking if libtool supports shared libraries... yes
checking whether to build shared libraries... yes
checking whether to build static libraries... yes
checking if awk (mawk) works... yes
checking if we need to force back C standard to C89... no
checking whether struct tm is in sys/time.h or time.h... time.h
checking for C/C++ restrict keyword... __restrict
checking for pow... yes
checking for clock_gettime... yes
checking for zlibVersion in -lz... yes
checking for feenableexcept in -lm... yes
checking for feenableexcept... yes
checking if using Solaris linker... no
checking if libraries can be versioned... yes
checking for symbol prefix... 
configure: pkgconfig directory is ${libdir}/pkgconfig
configure: Extra options for compiler: 
checking that generated files are newer than configure... done
configure: creating ./config.status
config.status: creating Makefile
config.status: creating libpng.pc
config.status: creating libpng-config
config.status: creating config.h
config.status: executing depfiles commands
config.status: executing libtool commands
++ nproc
+ make -j4 clean
test -z "*.tf? pngout.png libpng16.pc libpng16-config libpng.vers libpng.sym check.new pnglibconf.h pngprefix.h symbols.new pngtest-log.txt pnglibconf.out pnglibconf.c pnglibconf.pre pnglibconf.dfn scripts/*.out scripts/*.chk" || rm -f *.tf? pngout.png libpng16.pc libpng16-config libpng.vers libpng.sym check.new pnglibconf.h pngprefix.h symbols.new pngtest-log.txt pnglibconf.out pnglibconf.c pnglibconf.pre pnglibconf.dfn scripts/*.out scripts/*.chk
 rm -f pngfix png-fix-itxt
test -z "libpng16.la" || rm -f libpng16.la
 rm -f pngtest pngunknown pngstest pngvalid pngimage pngcp timepng
rm -rf .libs _libs
test -z "" || rm -f 
rm -f *.o
rm -rf arm/.libs arm/_libs
rm -f arm/*.o
rm -f ./so_locations
rm -rf intel/.libs intel/_libs
test -z "tests/pngtest-all.log tests/pngvalid-gamma-16-to-8.log tests/pngvalid-gamma-alpha-mode.log tests/pngvalid-gamma-background.log tests/pngvalid-gamma-expand16-alpha-mode.log tests/pngvalid-gamma-expand16-background.log tests/pngvalid-gamma-expand16-transform.log tests/pngvalid-gamma-sbit.log tests/pngvalid-gamma-threshold.log tests/pngvalid-gamma-transform.log tests/pngvalid-progressive-size.log tests/pngvalid-progressive-interlace-standard.log tests/pngvalid-transform.log tests/pngvalid-progressive-standard.log tests/pngvalid-standard.log tests/pngstest-1.8.log tests/pngstest-1.8-alpha.log tests/pngstest-linear.log tests/pngstest-linear-alpha.log tests/pngstest-none.log tests/pngstest-none-alpha.log tests/pngstest-sRGB.log tests/pngstest-sRGB-alpha.log tests/pngunknown-IDAT.log tests/pngunknown-discard.log tests/pngunknown-if-safe.log tests/pngunknown-sAPI.log tests/pngunknown-sTER.log tests/pngunknown-save.log tests/pngunknown-vpAg.log tests/pngimage-quick.log tests/pngimage-full.log" || rm -f tests/pngtest-all.log tests/pngvalid-gamma-16-to-8.log tests/pngvalid-gamma-alpha-mode.log tests/pngvalid-gamma-background.log tests/pngvalid-gamma-expand16-alpha-mode.log tests/pngvalid-gamma-expand16-background.log tests/pngvalid-gamma-expand16-transform.log tests/pngvalid-gamma-sbit.log tests/pngvalid-gamma-threshold.log tests/pngvalid-gamma-transform.log tests/pngvalid-progressive-size.log tests/pngvalid-progressive-interlace-standard.log tests/pngvalid-transform.log tests/pngvalid-progressive-standard.log tests/pngvalid-standard.log tests/pngstest-1.8.log tests/pngstest-1.8-alpha.log tests/pngstest-linear.log tests/pngstest-linear-alpha.log tests/pngstest-none.log tests/pngstest-none-alpha.log tests/pngstest-sRGB.log tests/pngstest-sRGB-alpha.log tests/pngunknown-IDAT.log tests/pngunknown-discard.log tests/pngunknown-if-safe.log tests/pngunknown-sAPI.log tests/pngunknown-sTER.log tests/pngunknown-save.log tests/pngunknown-vpAg.log tests/pngimage-quick.log tests/pngimage-full.log
rm -rf loongarch/.libs loongarch/_libs
rm -f *.lo
rm -f arm/*.lo
test -z "tests/pngtest-all.trs tests/pngvalid-gamma-16-to-8.trs tests/pngvalid-gamma-alpha-mode.trs tests/pngvalid-gamma-background.trs tests/pngvalid-gamma-expand16-alpha-mode.trs tests/pngvalid-gamma-expand16-background.trs tests/pngvalid-gamma-expand16-transform.trs tests/pngvalid-gamma-sbit.trs tests/pngvalid-gamma-threshold.trs tests/pngvalid-gamma-transform.trs tests/pngvalid-progressive-size.trs tests/pngvalid-progressive-interlace-standard.trs tests/pngvalid-transform.trs tests/pngvalid-progressive-standard.trs tests/pngvalid-standard.trs tests/pngstest-1.8.trs tests/pngstest-1.8-alpha.trs tests/pngstest-linear.trs tests/pngstest-linear-alpha.trs tests/pngstest-none.trs tests/pngstest-none-alpha.trs tests/pngstest-sRGB.trs tests/pngstest-sRGB-alpha.trs tests/pngunknown-IDAT.trs tests/pngunknown-discard.trs tests/pngunknown-if-safe.trs tests/pngunknown-sAPI.trs tests/pngunknown-sTER.trs tests/pngunknown-save.trs tests/pngunknown-vpAg.trs tests/pngimage-quick.trs tests/pngimage-full.trs" || rm -f tests/pngtest-all.trs tests/pngvalid-gamma-16-to-8.trs tests/pngvalid-gamma-alpha-mode.trs tests/pngvalid-gamma-background.trs tests/pngvalid-gamma-expand16-alpha-mode.trs tests/pngvalid-gamma-expand16-background.trs tests/pngvalid-gamma-expand16-transform.trs tests/pngvalid-gamma-sbit.trs tests/pngvalid-gamma-threshold.trs tests/pngvalid-gamma-transform.trs tests/pngvalid-progressive-size.trs tests/pngvalid-progressive-interlace-standard.trs tests/pngvalid-transform.trs tests/pngvalid-progressive-standard.trs tests/pngvalid-standard.trs tests/pngstest-1.8.trs tests/pngstest-1.8-alpha.trs tests/pngstest-linear.trs tests/pngstest-linear-alpha.trs tests/pngstest-none.trs tests/pngstest-none-alpha.trs tests/pngstest-sRGB.trs tests/pngstest-sRGB-alpha.trs tests/pngunknown-IDAT.trs tests/pngunknown-discard.trs tests/pngunknown-if-safe.trs tests/pngunknown-sAPI.trs tests/pngunknown-sTER.trs tests/pngunknown-save.trs tests/pngunknown-vpAg.trs tests/pngimage-quick.trs tests/pngimage-full.trs
rm -f contrib/libtests/*.o
rm -rf mips/.libs mips/_libs
test -z "test-suite.log" || rm -f test-suite.log
rm -f contrib/tools/*.o
rm -rf powerpc/.libs powerpc/_libs
rm -f intel/*.o
rm -f intel/*.lo
rm -f loongarch/*.o
rm -f loongarch/*.lo
rm -f mips/*.o
rm -f mips/*.lo
rm -f powerpc/*.o
rm -f powerpc/*.lo
++ nproc
+ make -j4 libpng16.la
rm -f pnglibconf.c pnglibconf.tf[45]
:>pngprefix.h
mawk -f ./scripts/options.awk out=pnglibconf.tf4 version=search\
    ./pngconf.h ./scripts/pnglibconf.dfa\
    ./pngusr.dfa  1>&2
mawk -f ./scripts/options.awk out=pnglibconf.tf5 pnglibconf.tf4 1>&2
rm pnglibconf.tf4
mv pnglibconf.tf5 pnglibconf.c
rm -f pnglibconf.out pnglibconf.tf[12]
test -d scripts || mkdir scripts || test -d scripts
clang -E -DHAVE_CONFIG_H -I. \
     -DPNGLIB_LIBNAME='PNG16_0' -DPNGLIB_VERSION='1.6.48' -DSYMBOL_PREFIX='' -DPNG_NO_USE_READ_MACROS -DPNG_BUILDING_SYMBOL_TABLE  pnglibconf.c > pnglibconf.tf1
mawk -f "./scripts/dfn.awk" out="pnglibconf.tf2" pnglibconf.tf1 1>&2
rm -f pnglibconf.tf1
mv pnglibconf.tf2 pnglibconf.out
rm -f pnglibconf.h
cp pnglibconf.out pnglibconf.h
depbase=`echo png.lo | sed 's|[^/]*$|.deps/&|;s|\.lo$||'`;\
/bin/bash ./libtool  --tag=CC   --mode=compile clang -DHAVE_CONFIG_H -I.     -O1   -fno-omit-frame-pointer   -gline-tables-only   -Wno-error=enum-constexpr-conversion   -Wno-error=incompatible-function-pointer-types   -Wno-error=int-conversion   -Wno-error=deprecated-declarations   -Wno-error=implicit-function-declaration   -Wno-error=implicit-int   -Wno-error=vla-cxx-extension   -DFUZZING_BUILD_MODE_UNSAFE_FOR_PRODUCTION -fsanitize=address -fsanitize-address-use-after-scope -fsanitize=fuzzer-no-link -MT png.lo -MD -MP -MF $depbase.Tpo -c -o png.lo png.c &&\
mv -f $depbase.Tpo $depbase.Plo
depbase=`echo pngerror.lo | sed 's|[^/]*$|.deps/&|;s|\.lo$||'`;\
/bin/bash ./libtool  --tag=CC   --mode=compile clang -DHAVE_CONFIG_H -I.     -O1   -fno-omit-frame-pointer   -gline-tables-only   -Wno-error=enum-constexpr-conversion   -Wno-error=incompatible-function-pointer-types   -Wno-error=int-conversion   -Wno-error=deprecated-declarations   -Wno-error=implicit-function-declaration   -Wno-error=implicit-int   -Wno-error=vla-cxx-extension   -DFUZZING_BUILD_MODE_UNSAFE_FOR_PRODUCTION -fsanitize=address -fsanitize-address-use-after-scope -fsanitize=fuzzer-no-link -MT pngerror.lo -MD -MP -MF $depbase.Tpo -c -o pngerror.lo pngerror.c &&\
mv -f $depbase.Tpo $depbase.Plo
depbase=`echo pngget.lo | sed 's|[^/]*$|.deps/&|;s|\.lo$||'`;\
/bin/bash ./libtool  --tag=CC   --mode=compile clang -DHAVE_CONFIG_H -I.     -O1   -fno-omit-frame-pointer   -gline-tables-only   -Wno-error=enum-constexpr-conversion   -Wno-error=incompatible-function-pointer-types   -Wno-error=int-conversion   -Wno-error=deprecated-declarations   -Wno-error=implicit-function-declaration   -Wno-error=implicit-int   -Wno-error=vla-cxx-extension   -DFUZZING_BUILD_MODE_UNSAFE_FOR_PRODUCTION -fsanitize=address -fsanitize-address-use-after-scope -fsanitize=fuzzer-no-link -MT pngget.lo -MD -MP -MF $depbase.Tpo -c -o pngget.lo pngget.c &&\
mv -f $depbase.Tpo $depbase.Plo
depbase=`echo pngmem.lo | sed 's|[^/]*$|.deps/&|;s|\.lo$||'`;\
/bin/bash ./libtool  --tag=CC   --mode=compile clang -DHAVE_CONFIG_H -I.     -O1   -fno-omit-frame-pointer   -gline-tables-only   -Wno-error=enum-constexpr-conversion   -Wno-error=incompatible-function-pointer-types   -Wno-error=int-conversion   -Wno-error=deprecated-declarations   -Wno-error=implicit-function-declaration   -Wno-error=implicit-int   -Wno-error=vla-cxx-extension   -DFUZZING_BUILD_MODE_UNSAFE_FOR_PRODUCTION -fsanitize=address -fsanitize-address-use-after-scope -fsanitize=fuzzer-no-link -MT pngmem.lo -MD -MP -MF $depbase.Tpo -c -o pngmem.lo pngmem.c &&\
mv -f $depbase.Tpo $depbase.Plo
libtool: compile:  clang -DHAVE_CONFIG_H -I. -O1 -fno-omit-frame-pointer -gline-tables-only -Wno-error=enum-constexpr-conversion -Wno-error=incompatible-function-pointer-types -Wno-error=int-conversion -Wno-error=deprecated-declarations -Wno-error=implicit-function-declaration -Wno-error=implicit-int -Wno-error=vla-cxx-extension -DFUZZING_BUILD_MODE_UNSAFE_FOR_PRODUCTION -fsanitize=address -fsanitize-address-use-after-scope -fsanitize=fuzzer-no-link -MT pngmem.lo -MD -MP -MF .deps/pngmem.Tpo -c pngmem.c  -fPIC -DPIC -o .libs/pngmem.o
libtool: compile:  clang -DHAVE_CONFIG_H -I. -O1 -fno-omit-frame-pointer -gline-tables-only -Wno-error=enum-constexpr-conversion -Wno-error=incompatible-function-pointer-types -Wno-error=int-conversion -Wno-error=deprecated-declarations -Wno-error=implicit-function-declaration -Wno-error=implicit-int -Wno-error=vla-cxx-extension -DFUZZING_BUILD_MODE_UNSAFE_FOR_PRODUCTION -fsanitize=address -fsanitize-address-use-after-scope -fsanitize=fuzzer-no-link -MT pngerror.lo -MD -MP -MF .deps/pngerror.Tpo -c pngerror.c  -fPIC -DPIC -o .libs/pngerror.o
libtool: compile:  clang -DHAVE_CONFIG_H -I. -O1 -fno-omit-frame-pointer -gline-tables-only -Wno-error=enum-constexpr-conversion -Wno-error=incompatible-function-pointer-types -Wno-error=int-conversion -Wno-error=deprecated-declarations -Wno-error=implicit-function-declaration -Wno-error=implicit-int -Wno-error=vla-cxx-extension -DFUZZING_BUILD_MODE_UNSAFE_FOR_PRODUCTION -fsanitize=address -fsanitize-address-use-after-scope -fsanitize=fuzzer-no-link -MT pngget.lo -MD -MP -MF .deps/pngget.Tpo -c pngget.c  -fPIC -DPIC -o .libs/pngget.o
libtool: compile:  clang -DHAVE_CONFIG_H -I. -O1 -fno-omit-frame-pointer -gline-tables-only -Wno-error=enum-constexpr-conversion -Wno-error=incompatible-function-pointer-types -Wno-error=int-conversion -Wno-error=deprecated-declarations -Wno-error=implicit-function-declaration -Wno-error=implicit-int -Wno-error=vla-cxx-extension -DFUZZING_BUILD_MODE_UNSAFE_FOR_PRODUCTION -fsanitize=address -fsanitize-address-use-after-scope -fsanitize=fuzzer-no-link -MT png.lo -MD -MP -MF .deps/png.Tpo -c png.c  -fPIC -DPIC -o .libs/png.o
libtool: compile:  clang -DHAVE_CONFIG_H -I. -O1 -fno-omit-frame-pointer -gline-tables-only -Wno-error=enum-constexpr-conversion -Wno-error=incompatible-function-pointer-types -Wno-error=int-conversion -Wno-error=deprecated-declarations -Wno-error=implicit-function-declaration -Wno-error=implicit-int -Wno-error=vla-cxx-extension -DFUZZING_BUILD_MODE_UNSAFE_FOR_PRODUCTION -fsanitize=address -fsanitize-address-use-after-scope -fsanitize=fuzzer-no-link -MT pngmem.lo -MD -MP -MF .deps/pngmem.Tpo -c pngmem.c -o pngmem.o >/dev/null 2>&1
depbase=`echo pngpread.lo | sed 's|[^/]*$|.deps/&|;s|\.lo$||'`;\
/bin/bash ./libtool  --tag=CC   --mode=compile clang -DHAVE_CONFIG_H -I.     -O1   -fno-omit-frame-pointer   -gline-tables-only   -Wno-error=enum-constexpr-conversion   -Wno-error=incompatible-function-pointer-types   -Wno-error=int-conversion   -Wno-error=deprecated-declarations   -Wno-error=implicit-function-declaration   -Wno-error=implicit-int   -Wno-error=vla-cxx-extension   -DFUZZING_BUILD_MODE_UNSAFE_FOR_PRODUCTION -fsanitize=address -fsanitize-address-use-after-scope -fsanitize=fuzzer-no-link -MT pngpread.lo -MD -MP -MF $depbase.Tpo -c -o pngpread.lo pngpread.c &&\
mv -f $depbase.Tpo $depbase.Plo
libtool: compile:  clang -DHAVE_CONFIG_H -I. -O1 -fno-omit-frame-pointer -gline-tables-only -Wno-error=enum-constexpr-conversion -Wno-error=incompatible-function-pointer-types -Wno-error=int-conversion -Wno-error=deprecated-declarations -Wno-error=implicit-function-declaration -Wno-error=implicit-int -Wno-error=vla-cxx-extension -DFUZZING_BUILD_MODE_UNSAFE_FOR_PRODUCTION -fsanitize=address -fsanitize-address-use-after-scope -fsanitize=fuzzer-no-link -MT pngpread.lo -MD -MP -MF .deps/pngpread.Tpo -c pngpread.c  -fPIC -DPIC -o .libs/pngpread.o
libtool: compile:  clang -DHAVE_CONFIG_H -I. -O1 -fno-omit-frame-pointer -gline-tables-only -Wno-error=enum-constexpr-conversion -Wno-error=incompatible-function-pointer-types -Wno-error=int-conversion -Wno-error=deprecated-declarations -Wno-error=implicit-function-declaration -Wno-error=implicit-int -Wno-error=vla-cxx-extension -DFUZZING_BUILD_MODE_UNSAFE_FOR_PRODUCTION -fsanitize=address -fsanitize-address-use-after-scope -fsanitize=fuzzer-no-link -MT pngerror.lo -MD -MP -MF .deps/pngerror.Tpo -c pngerror.c -o pngerror.o >/dev/null 2>&1
depbase=`echo pngread.lo | sed 's|[^/]*$|.deps/&|;s|\.lo$||'`;\
/bin/bash ./libtool  --tag=CC   --mode=compile clang -DHAVE_CONFIG_H -I.     -O1   -fno-omit-frame-pointer   -gline-tables-only   -Wno-error=enum-constexpr-conversion   -Wno-error=incompatible-function-pointer-types   -Wno-error=int-conversion   -Wno-error=deprecated-declarations   -Wno-error=implicit-function-declaration   -Wno-error=implicit-int   -Wno-error=vla-cxx-extension   -DFUZZING_BUILD_MODE_UNSAFE_FOR_PRODUCTION -fsanitize=address -fsanitize-address-use-after-scope -fsanitize=fuzzer-no-link -MT pngread.lo -MD -MP -MF $depbase.Tpo -c -o pngread.lo pngread.c &&\
mv -f $depbase.Tpo $depbase.Plo
libtool: compile:  clang -DHAVE_CONFIG_H -I. -O1 -fno-omit-frame-pointer -gline-tables-only -Wno-error=enum-constexpr-conversion -Wno-error=incompatible-function-pointer-types -Wno-error=int-conversion -Wno-error=deprecated-declarations -Wno-error=implicit-function-declaration -Wno-error=implicit-int -Wno-error=vla-cxx-extension -DFUZZING_BUILD_MODE_UNSAFE_FOR_PRODUCTION -fsanitize=address -fsanitize-address-use-after-scope -fsanitize=fuzzer-no-link -MT pngread.lo -MD -MP -MF .deps/pngread.Tpo -c pngread.c  -fPIC -DPIC -o .libs/pngread.o
libtool: compile:  clang -DHAVE_CONFIG_H -I. -O1 -fno-omit-frame-pointer -gline-tables-only -Wno-error=enum-constexpr-conversion -Wno-error=incompatible-function-pointer-types -Wno-error=int-conversion -Wno-error=deprecated-declarations -Wno-error=implicit-function-declaration -Wno-error=implicit-int -Wno-error=vla-cxx-extension -DFUZZING_BUILD_MODE_UNSAFE_FOR_PRODUCTION -fsanitize=address -fsanitize-address-use-after-scope -fsanitize=fuzzer-no-link -MT pngpread.lo -MD -MP -MF .deps/pngpread.Tpo -c pngpread.c -o pngpread.o >/dev/null 2>&1
libtool: compile:  clang -DHAVE_CONFIG_H -I. -O1 -fno-omit-frame-pointer -gline-tables-only -Wno-error=enum-constexpr-conversion -Wno-error=incompatible-function-pointer-types -Wno-error=int-conversion -Wno-error=deprecated-declarations -Wno-error=implicit-function-declaration -Wno-error=implicit-int -Wno-error=vla-cxx-extension -DFUZZING_BUILD_MODE_UNSAFE_FOR_PRODUCTION -fsanitize=address -fsanitize-address-use-after-scope -fsanitize=fuzzer-no-link -MT pngget.lo -MD -MP -MF .deps/pngget.Tpo -c pngget.c -o pngget.o >/dev/null 2>&1
depbase=`echo pngrio.lo | sed 's|[^/]*$|.deps/&|;s|\.lo$||'`;\
/bin/bash ./libtool  --tag=CC   --mode=compile clang -DHAVE_CONFIG_H -I.     -O1   -fno-omit-frame-pointer   -gline-tables-only   -Wno-error=enum-constexpr-conversion   -Wno-error=incompatible-function-pointer-types   -Wno-error=int-conversion   -Wno-error=deprecated-declarations   -Wno-error=implicit-function-declaration   -Wno-error=implicit-int   -Wno-error=vla-cxx-extension   -DFUZZING_BUILD_MODE_UNSAFE_FOR_PRODUCTION -fsanitize=address -fsanitize-address-use-after-scope -fsanitize=fuzzer-no-link -MT pngrio.lo -MD -MP -MF $depbase.Tpo -c -o pngrio.lo pngrio.c &&\
mv -f $depbase.Tpo $depbase.Plo
libtool: compile:  clang -DHAVE_CONFIG_H -I. -O1 -fno-omit-frame-pointer -gline-tables-only -Wno-error=enum-constexpr-conversion -Wno-error=incompatible-function-pointer-types -Wno-error=int-conversion -Wno-error=deprecated-declarations -Wno-error=implicit-function-declaration -Wno-error=implicit-int -Wno-error=vla-cxx-extension -DFUZZING_BUILD_MODE_UNSAFE_FOR_PRODUCTION -fsanitize=address -fsanitize-address-use-after-scope -fsanitize=fuzzer-no-link -MT pngrio.lo -MD -MP -MF .deps/pngrio.Tpo -c pngrio.c  -fPIC -DPIC -o .libs/pngrio.o
libtool: compile:  clang -DHAVE_CONFIG_H -I. -O1 -fno-omit-frame-pointer -gline-tables-only -Wno-error=enum-constexpr-conversion -Wno-error=incompatible-function-pointer-types -Wno-error=int-conversion -Wno-error=deprecated-declarations -Wno-error=implicit-function-declaration -Wno-error=implicit-int -Wno-error=vla-cxx-extension -DFUZZING_BUILD_MODE_UNSAFE_FOR_PRODUCTION -fsanitize=address -fsanitize-address-use-after-scope -fsanitize=fuzzer-no-link -MT png.lo -MD -MP -MF .deps/png.Tpo -c png.c -o png.o >/dev/null 2>&1
libtool: compile:  clang -DHAVE_CONFIG_H -I. -O1 -fno-omit-frame-pointer -gline-tables-only -Wno-error=enum-constexpr-conversion -Wno-error=incompatible-function-pointer-types -Wno-error=int-conversion -Wno-error=deprecated-declarations -Wno-error=implicit-function-declaration -Wno-error=implicit-int -Wno-error=vla-cxx-extension -DFUZZING_BUILD_MODE_UNSAFE_FOR_PRODUCTION -fsanitize=address -fsanitize-address-use-after-scope -fsanitize=fuzzer-no-link -MT pngrio.lo -MD -MP -MF .deps/pngrio.Tpo -c pngrio.c -o pngrio.o >/dev/null 2>&1
depbase=`echo pngrtran.lo | sed 's|[^/]*$|.deps/&|;s|\.lo$||'`;\
/bin/bash ./libtool  --tag=CC   --mode=compile clang -DHAVE_CONFIG_H -I.     -O1   -fno-omit-frame-pointer   -gline-tables-only   -Wno-error=enum-constexpr-conversion   -Wno-error=incompatible-function-pointer-types   -Wno-error=int-conversion   -Wno-error=deprecated-declarations   -Wno-error=implicit-function-declaration   -Wno-error=implicit-int   -Wno-error=vla-cxx-extension   -DFUZZING_BUILD_MODE_UNSAFE_FOR_PRODUCTION -fsanitize=address -fsanitize-address-use-after-scope -fsanitize=fuzzer-no-link -MT pngrtran.lo -MD -MP -MF $depbase.Tpo -c -o pngrtran.lo pngrtran.c &&\
mv -f $depbase.Tpo $depbase.Plo
depbase=`echo pngrutil.lo | sed 's|[^/]*$|.deps/&|;s|\.lo$||'`;\
/bin/bash ./libtool  --tag=CC   --mode=compile clang -DHAVE_CONFIG_H -I.     -O1   -fno-omit-frame-pointer   -gline-tables-only   -Wno-error=enum-constexpr-conversion   -Wno-error=incompatible-function-pointer-types   -Wno-error=int-conversion   -Wno-error=deprecated-declarations   -Wno-error=implicit-function-declaration   -Wno-error=implicit-int   -Wno-error=vla-cxx-extension   -DFUZZING_BUILD_MODE_UNSAFE_FOR_PRODUCTION -fsanitize=address -fsanitize-address-use-after-scope -fsanitize=fuzzer-no-link -MT pngrutil.lo -MD -MP -MF $depbase.Tpo -c -o pngrutil.lo pngrutil.c &&\
mv -f $depbase.Tpo $depbase.Plo
libtool: compile:  clang -DHAVE_CONFIG_H -I. -O1 -fno-omit-frame-pointer -gline-tables-only -Wno-error=enum-constexpr-conversion -Wno-error=incompatible-function-pointer-types -Wno-error=int-conversion -Wno-error=deprecated-declarations -Wno-error=implicit-function-declaration -Wno-error=implicit-int -Wno-error=vla-cxx-extension -DFUZZING_BUILD_MODE_UNSAFE_FOR_PRODUCTION -fsanitize=address -fsanitize-address-use-after-scope -fsanitize=fuzzer-no-link -MT pngrtran.lo -MD -MP -MF .deps/pngrtran.Tpo -c pngrtran.c  -fPIC -DPIC -o .libs/pngrtran.o
libtool: compile:  clang -DHAVE_CONFIG_H -I. -O1 -fno-omit-frame-pointer -gline-tables-only -Wno-error=enum-constexpr-conversion -Wno-error=incompatible-function-pointer-types -Wno-error=int-conversion -Wno-error=deprecated-declarations -Wno-error=implicit-function-declaration -Wno-error=implicit-int -Wno-error=vla-cxx-extension -DFUZZING_BUILD_MODE_UNSAFE_FOR_PRODUCTION -fsanitize=address -fsanitize-address-use-after-scope -fsanitize=fuzzer-no-link -MT pngrutil.lo -MD -MP -MF .deps/pngrutil.Tpo -c pngrutil.c  -fPIC -DPIC -o .libs/pngrutil.o
libtool: compile:  clang -DHAVE_CONFIG_H -I. -O1 -fno-omit-frame-pointer -gline-tables-only -Wno-error=enum-constexpr-conversion -Wno-error=incompatible-function-pointer-types -Wno-error=int-conversion -Wno-error=deprecated-declarations -Wno-error=implicit-function-declaration -Wno-error=implicit-int -Wno-error=vla-cxx-extension -DFUZZING_BUILD_MODE_UNSAFE_FOR_PRODUCTION -fsanitize=address -fsanitize-address-use-after-scope -fsanitize=fuzzer-no-link -MT pngread.lo -MD -MP -MF .deps/pngread.Tpo -c pngread.c -o pngread.o >/dev/null 2>&1
depbase=`echo pngset.lo | sed 's|[^/]*$|.deps/&|;s|\.lo$||'`;\
/bin/bash ./libtool  --tag=CC   --mode=compile clang -DHAVE_CONFIG_H -I.     -O1   -fno-omit-frame-pointer   -gline-tables-only   -Wno-error=enum-constexpr-conversion   -Wno-error=incompatible-function-pointer-types   -Wno-error=int-conversion   -Wno-error=deprecated-declarations   -Wno-error=implicit-function-declaration   -Wno-error=implicit-int   -Wno-error=vla-cxx-extension   -DFUZZING_BUILD_MODE_UNSAFE_FOR_PRODUCTION -fsanitize=address -fsanitize-address-use-after-scope -fsanitize=fuzzer-no-link -MT pngset.lo -MD -MP -MF $depbase.Tpo -c -o pngset.lo pngset.c &&\
mv -f $depbase.Tpo $depbase.Plo
libtool: compile:  clang -DHAVE_CONFIG_H -I. -O1 -fno-omit-frame-pointer -gline-tables-only -Wno-error=enum-constexpr-conversion -Wno-error=incompatible-function-pointer-types -Wno-error=int-conversion -Wno-error=deprecated-declarations -Wno-error=implicit-function-declaration -Wno-error=implicit-int -Wno-error=vla-cxx-extension -DFUZZING_BUILD_MODE_UNSAFE_FOR_PRODUCTION -fsanitize=address -fsanitize-address-use-after-scope -fsanitize=fuzzer-no-link -MT pngset.lo -MD -MP -MF .deps/pngset.Tpo -c pngset.c  -fPIC -DPIC -o .libs/pngset.o
libtool: compile:  clang -DHAVE_CONFIG_H -I. -O1 -fno-omit-frame-pointer -gline-tables-only -Wno-error=enum-constexpr-conversion -Wno-error=incompatible-function-pointer-types -Wno-error=int-conversion -Wno-error=deprecated-declarations -Wno-error=implicit-function-declaration -Wno-error=implicit-int -Wno-error=vla-cxx-extension -DFUZZING_BUILD_MODE_UNSAFE_FOR_PRODUCTION -fsanitize=address -fsanitize-address-use-after-scope -fsanitize=fuzzer-no-link -MT pngrutil.lo -MD -MP -MF .deps/pngrutil.Tpo -c pngrutil.c -o pngrutil.o >/dev/null 2>&1
depbase=`echo pngtrans.lo | sed 's|[^/]*$|.deps/&|;s|\.lo$||'`;\
/bin/bash ./libtool  --tag=CC   --mode=compile clang -DHAVE_CONFIG_H -I.     -O1   -fno-omit-frame-pointer   -gline-tables-only   -Wno-error=enum-constexpr-conversion   -Wno-error=incompatible-function-pointer-types   -Wno-error=int-conversion   -Wno-error=deprecated-declarations   -Wno-error=implicit-function-declaration   -Wno-error=implicit-int   -Wno-error=vla-cxx-extension   -DFUZZING_BUILD_MODE_UNSAFE_FOR_PRODUCTION -fsanitize=address -fsanitize-address-use-after-scope -fsanitize=fuzzer-no-link -MT pngtrans.lo -MD -MP -MF $depbase.Tpo -c -o pngtrans.lo pngtrans.c &&\
mv -f $depbase.Tpo $depbase.Plo
libtool: compile:  clang -DHAVE_CONFIG_H -I. -O1 -fno-omit-frame-pointer -gline-tables-only -Wno-error=enum-constexpr-conversion -Wno-error=incompatible-function-pointer-types -Wno-error=int-conversion -Wno-error=deprecated-declarations -Wno-error=implicit-function-declaration -Wno-error=implicit-int -Wno-error=vla-cxx-extension -DFUZZING_BUILD_MODE_UNSAFE_FOR_PRODUCTION -fsanitize=address -fsanitize-address-use-after-scope -fsanitize=fuzzer-no-link -MT pngset.lo -MD -MP -MF .deps/pngset.Tpo -c pngset.c -o pngset.o >/dev/null 2>&1
libtool: compile:  clang -DHAVE_CONFIG_H -I. -O1 -fno-omit-frame-pointer -gline-tables-only -Wno-error=enum-constexpr-conversion -Wno-error=incompatible-function-pointer-types -Wno-error=int-conversion -Wno-error=deprecated-declarations -Wno-error=implicit-function-declaration -Wno-error=implicit-int -Wno-error=vla-cxx-extension -DFUZZING_BUILD_MODE_UNSAFE_FOR_PRODUCTION -fsanitize=address -fsanitize-address-use-after-scope -fsanitize=fuzzer-no-link -MT pngtrans.lo -MD -MP -MF .deps/pngtrans.Tpo -c pngtrans.c  -fPIC -DPIC -o .libs/pngtrans.o
libtool: compile:  clang -DHAVE_CONFIG_H -I. -O1 -fno-omit-frame-pointer -gline-tables-only -Wno-error=enum-constexpr-conversion -Wno-error=incompatible-function-pointer-types -Wno-error=int-conversion -Wno-error=deprecated-declarations -Wno-error=implicit-function-declaration -Wno-error=implicit-int -Wno-error=vla-cxx-extension -DFUZZING_BUILD_MODE_UNSAFE_FOR_PRODUCTION -fsanitize=address -fsanitize-address-use-after-scope -fsanitize=fuzzer-no-link -MT pngtrans.lo -MD -MP -MF .deps/pngtrans.Tpo -c pngtrans.c -o pngtrans.o >/dev/null 2>&1
depbase=`echo pngwio.lo | sed 's|[^/]*$|.deps/&|;s|\.lo$||'`;\
/bin/bash ./libtool  --tag=CC   --mode=compile clang -DHAVE_CONFIG_H -I.     -O1   -fno-omit-frame-pointer   -gline-tables-only   -Wno-error=enum-constexpr-conversion   -Wno-error=incompatible-function-pointer-types   -Wno-error=int-conversion   -Wno-error=deprecated-declarations   -Wno-error=implicit-function-declaration   -Wno-error=implicit-int   -Wno-error=vla-cxx-extension   -DFUZZING_BUILD_MODE_UNSAFE_FOR_PRODUCTION -fsanitize=address -fsanitize-address-use-after-scope -fsanitize=fuzzer-no-link -MT pngwio.lo -MD -MP -MF $depbase.Tpo -c -o pngwio.lo pngwio.c &&\
mv -f $depbase.Tpo $depbase.Plo
depbase=`echo pngwrite.lo | sed 's|[^/]*$|.deps/&|;s|\.lo$||'`;\
/bin/bash ./libtool  --tag=CC   --mode=compile clang -DHAVE_CONFIG_H -I.     -O1   -fno-omit-frame-pointer   -gline-tables-only   -Wno-error=enum-constexpr-conversion   -Wno-error=incompatible-function-pointer-types   -Wno-error=int-conversion   -Wno-error=deprecated-declarations   -Wno-error=implicit-function-declaration   -Wno-error=implicit-int   -Wno-error=vla-cxx-extension   -DFUZZING_BUILD_MODE_UNSAFE_FOR_PRODUCTION -fsanitize=address -fsanitize-address-use-after-scope -fsanitize=fuzzer-no-link -MT pngwrite.lo -MD -MP -MF $depbase.Tpo -c -o pngwrite.lo pngwrite.c &&\
mv -f $depbase.Tpo $depbase.Plo
libtool: compile:  clang -DHAVE_CONFIG_H -I. -O1 -fno-omit-frame-pointer -gline-tables-only -Wno-error=enum-constexpr-conversion -Wno-error=incompatible-function-pointer-types -Wno-error=int-conversion -Wno-error=deprecated-declarations -Wno-error=implicit-function-declaration -Wno-error=implicit-int -Wno-error=vla-cxx-extension -DFUZZING_BUILD_MODE_UNSAFE_FOR_PRODUCTION -fsanitize=address -fsanitize-address-use-after-scope -fsanitize=fuzzer-no-link -MT pngwio.lo -MD -MP -MF .deps/pngwio.Tpo -c pngwio.c  -fPIC -DPIC -o .libs/pngwio.o
libtool: compile:  clang -DHAVE_CONFIG_H -I. -O1 -fno-omit-frame-pointer -gline-tables-only -Wno-error=enum-constexpr-conversion -Wno-error=incompatible-function-pointer-types -Wno-error=int-conversion -Wno-error=deprecated-declarations -Wno-error=implicit-function-declaration -Wno-error=implicit-int -Wno-error=vla-cxx-extension -DFUZZING_BUILD_MODE_UNSAFE_FOR_PRODUCTION -fsanitize=address -fsanitize-address-use-after-scope -fsanitize=fuzzer-no-link -MT pngwio.lo -MD -MP -MF .deps/pngwio.Tpo -c pngwio.c -o pngwio.o >/dev/null 2>&1
libtool: compile:  clang -DHAVE_CONFIG_H -I. -O1 -fno-omit-frame-pointer -gline-tables-only -Wno-error=enum-constexpr-conversion -Wno-error=incompatible-function-pointer-types -Wno-error=int-conversion -Wno-error=deprecated-declarations -Wno-error=implicit-function-declaration -Wno-error=implicit-int -Wno-error=vla-cxx-extension -DFUZZING_BUILD_MODE_UNSAFE_FOR_PRODUCTION -fsanitize=address -fsanitize-address-use-after-scope -fsanitize=fuzzer-no-link -MT pngwrite.lo -MD -MP -MF .deps/pngwrite.Tpo -c pngwrite.c  -fPIC -DPIC -o .libs/pngwrite.o
libtool: compile:  clang -DHAVE_CONFIG_H -I. -O1 -fno-omit-frame-pointer -gline-tables-only -Wno-error=enum-constexpr-conversion -Wno-error=incompatible-function-pointer-types -Wno-error=int-conversion -Wno-error=deprecated-declarations -Wno-error=implicit-function-declaration -Wno-error=implicit-int -Wno-error=vla-cxx-extension -DFUZZING_BUILD_MODE_UNSAFE_FOR_PRODUCTION -fsanitize=address -fsanitize-address-use-after-scope -fsanitize=fuzzer-no-link -MT pngwrite.lo -MD -MP -MF .deps/pngwrite.Tpo -c pngwrite.c -o pngwrite.o >/dev/null 2>&1
depbase=`echo pngwtran.lo | sed 's|[^/]*$|.deps/&|;s|\.lo$||'`;\
/bin/bash ./libtool  --tag=CC   --mode=compile clang -DHAVE_CONFIG_H -I.     -O1   -fno-omit-frame-pointer   -gline-tables-only   -Wno-error=enum-constexpr-conversion   -Wno-error=incompatible-function-pointer-types   -Wno-error=int-conversion   -Wno-error=deprecated-declarations   -Wno-error=implicit-function-declaration   -Wno-error=implicit-int   -Wno-error=vla-cxx-extension   -DFUZZING_BUILD_MODE_UNSAFE_FOR_PRODUCTION -fsanitize=address -fsanitize-address-use-after-scope -fsanitize=fuzzer-no-link -MT pngwtran.lo -MD -MP -MF $depbase.Tpo -c -o pngwtran.lo pngwtran.c &&\
mv -f $depbase.Tpo $depbase.Plo
depbase=`echo pngwutil.lo | sed 's|[^/]*$|.deps/&|;s|\.lo$||'`;\
/bin/bash ./libtool  --tag=CC   --mode=compile clang -DHAVE_CONFIG_H -I.     -O1   -fno-omit-frame-pointer   -gline-tables-only   -Wno-error=enum-constexpr-conversion   -Wno-error=incompatible-function-pointer-types   -Wno-error=int-conversion   -Wno-error=deprecated-declarations   -Wno-error=implicit-function-declaration   -Wno-error=implicit-int   -Wno-error=vla-cxx-extension   -DFUZZING_BUILD_MODE_UNSAFE_FOR_PRODUCTION -fsanitize=address -fsanitize-address-use-after-scope -fsanitize=fuzzer-no-link -MT pngwutil.lo -MD -MP -MF $depbase.Tpo -c -o pngwutil.lo pngwutil.c &&\
mv -f $depbase.Tpo $depbase.Plo
libtool: compile:  clang -DHAVE_CONFIG_H -I. -O1 -fno-omit-frame-pointer -gline-tables-only -Wno-error=enum-constexpr-conversion -Wno-error=incompatible-function-pointer-types -Wno-error=int-conversion -Wno-error=deprecated-declarations -Wno-error=implicit-function-declaration -Wno-error=implicit-int -Wno-error=vla-cxx-extension -DFUZZING_BUILD_MODE_UNSAFE_FOR_PRODUCTION -fsanitize=address -fsanitize-address-use-after-scope -fsanitize=fuzzer-no-link -MT pngwtran.lo -MD -MP -MF .deps/pngwtran.Tpo -c pngwtran.c  -fPIC -DPIC -o .libs/pngwtran.o
libtool: compile:  clang -DHAVE_CONFIG_H -I. -O1 -fno-omit-frame-pointer -gline-tables-only -Wno-error=enum-constexpr-conversion -Wno-error=incompatible-function-pointer-types -Wno-error=int-conversion -Wno-error=deprecated-declarations -Wno-error=implicit-function-declaration -Wno-error=implicit-int -Wno-error=vla-cxx-extension -DFUZZING_BUILD_MODE_UNSAFE_FOR_PRODUCTION -fsanitize=address -fsanitize-address-use-after-scope -fsanitize=fuzzer-no-link -MT pngwutil.lo -MD -MP -MF .deps/pngwutil.Tpo -c pngwutil.c  -fPIC -DPIC -o .libs/pngwutil.o
libtool: compile:  clang -DHAVE_CONFIG_H -I. -O1 -fno-omit-frame-pointer -gline-tables-only -Wno-error=enum-constexpr-conversion -Wno-error=incompatible-function-pointer-types -Wno-error=int-conversion -Wno-error=deprecated-declarations -Wno-error=implicit-function-declaration -Wno-error=implicit-int -Wno-error=vla-cxx-extension -DFUZZING_BUILD_MODE_UNSAFE_FOR_PRODUCTION -fsanitize=address -fsanitize-address-use-after-scope -fsanitize=fuzzer-no-link -MT pngwutil.lo -MD -MP -MF .deps/pngwutil.Tpo -c pngwutil.c -o pngwutil.o >/dev/null 2>&1
libtool: compile:  clang -DHAVE_CONFIG_H -I. -O1 -fno-omit-frame-pointer -gline-tables-only -Wno-error=enum-constexpr-conversion -Wno-error=incompatible-function-pointer-types -Wno-error=int-conversion -Wno-error=deprecated-declarations -Wno-error=implicit-function-declaration -Wno-error=implicit-int -Wno-error=vla-cxx-extension -DFUZZING_BUILD_MODE_UNSAFE_FOR_PRODUCTION -fsanitize=address -fsanitize-address-use-after-scope -fsanitize=fuzzer-no-link -MT pngwtran.lo -MD -MP -MF .deps/pngwtran.Tpo -c pngwtran.c -o pngwtran.o >/dev/null 2>&1
libtool: compile:  clang -DHAVE_CONFIG_H -I. -O1 -fno-omit-frame-pointer -gline-tables-only -Wno-error=enum-constexpr-conversion -Wno-error=incompatible-function-pointer-types -Wno-error=int-conversion -Wno-error=deprecated-declarations -Wno-error=implicit-function-declaration -Wno-error=implicit-int -Wno-error=vla-cxx-extension -DFUZZING_BUILD_MODE_UNSAFE_FOR_PRODUCTION -fsanitize=address -fsanitize-address-use-after-scope -fsanitize=fuzzer-no-link -MT pngrtran.lo -MD -MP -MF .deps/pngrtran.Tpo -c pngrtran.c -o pngrtran.o >/dev/null 2>&1
depbase=`echo mips/mips_init.lo | sed 's|[^/]*$|.deps/&|;s|\.lo$||'`;\
/bin/bash ./libtool  --tag=CC   --mode=compile clang -DHAVE_CONFIG_H -I.     -O1   -fno-omit-frame-pointer   -gline-tables-only   -Wno-error=enum-constexpr-conversion   -Wno-error=incompatible-function-pointer-types   -Wno-error=int-conversion   -Wno-error=deprecated-declarations   -Wno-error=implicit-function-declaration   -Wno-error=implicit-int   -Wno-error=vla-cxx-extension   -DFUZZING_BUILD_MODE_UNSAFE_FOR_PRODUCTION -fsanitize=address -fsanitize-address-use-after-scope -fsanitize=fuzzer-no-link -MT mips/mips_init.lo -MD -MP -MF $depbase.Tpo -c -o mips/mips_init.lo mips/mips_init.c &&\
mv -f $depbase.Tpo $depbase.Plo
depbase=`echo mips/filter_msa_intrinsics.lo | sed 's|[^/]*$|.deps/&|;s|\.lo$||'`;\
/bin/bash ./libtool  --tag=CC   --mode=compile clang -DHAVE_CONFIG_H -I.     -O1   -fno-omit-frame-pointer   -gline-tables-only   -Wno-error=enum-constexpr-conversion   -Wno-error=incompatible-function-pointer-types   -Wno-error=int-conversion   -Wno-error=deprecated-declarations   -Wno-error=implicit-function-declaration   -Wno-error=implicit-int   -Wno-error=vla-cxx-extension   -DFUZZING_BUILD_MODE_UNSAFE_FOR_PRODUCTION -fsanitize=address -fsanitize-address-use-after-scope -fsanitize=fuzzer-no-link -MT mips/filter_msa_intrinsics.lo -MD -MP -MF $depbase.Tpo -c -o mips/filter_msa_intrinsics.lo mips/filter_msa_intrinsics.c &&\
mv -f $depbase.Tpo $depbase.Plo
libtool: compile:  clang -DHAVE_CONFIG_H -I. -O1 -fno-omit-frame-pointer -gline-tables-only -Wno-error=enum-constexpr-conversion -Wno-error=incompatible-function-pointer-types -Wno-error=int-conversion -Wno-error=deprecated-declarations -Wno-error=implicit-function-declaration -Wno-error=implicit-int -Wno-error=vla-cxx-extension -DFUZZING_BUILD_MODE_UNSAFE_FOR_PRODUCTION -fsanitize=address -fsanitize-address-use-after-scope -fsanitize=fuzzer-no-link -MT mips/filter_msa_intrinsics.lo -MD -MP -MF mips/.deps/filter_msa_intrinsics.Tpo -c mips/filter_msa_intrinsics.c  -fPIC -DPIC -o mips/.libs/filter_msa_intrinsics.o
libtool: compile:  clang -DHAVE_CONFIG_H -I. -O1 -fno-omit-frame-pointer -gline-tables-only -Wno-error=enum-constexpr-conversion -Wno-error=incompatible-function-pointer-types -Wno-error=int-conversion -Wno-error=deprecated-declarations -Wno-error=implicit-function-declaration -Wno-error=implicit-int -Wno-error=vla-cxx-extension -DFUZZING_BUILD_MODE_UNSAFE_FOR_PRODUCTION -fsanitize=address -fsanitize-address-use-after-scope -fsanitize=fuzzer-no-link -MT mips/mips_init.lo -MD -MP -MF mips/.deps/mips_init.Tpo -c mips/mips_init.c  -fPIC -DPIC -o mips/.libs/mips_init.o
libtool: compile:  clang -DHAVE_CONFIG_H -I. -O1 -fno-omit-frame-pointer -gline-tables-only -Wno-error=enum-constexpr-conversion -Wno-error=incompatible-function-pointer-types -Wno-error=int-conversion -Wno-error=deprecated-declarations -Wno-error=implicit-function-declaration -Wno-error=implicit-int -Wno-error=vla-cxx-extension -DFUZZING_BUILD_MODE_UNSAFE_FOR_PRODUCTION -fsanitize=address -fsanitize-address-use-after-scope -fsanitize=fuzzer-no-link -MT mips/filter_msa_intrinsics.lo -MD -MP -MF mips/.deps/filter_msa_intrinsics.Tpo -c mips/filter_msa_intrinsics.c -o mips/filter_msa_intrinsics.o >/dev/null 2>&1
depbase=`echo mips/filter_mmi_inline_assembly.lo | sed 's|[^/]*$|.deps/&|;s|\.lo$||'`;\
/bin/bash ./libtool  --tag=CC   --mode=compile clang -DHAVE_CONFIG_H -I.     -O1   -fno-omit-frame-pointer   -gline-tables-only   -Wno-error=enum-constexpr-conversion   -Wno-error=incompatible-function-pointer-types   -Wno-error=int-conversion   -Wno-error=deprecated-declarations   -Wno-error=implicit-function-declaration   -Wno-error=implicit-int   -Wno-error=vla-cxx-extension   -DFUZZING_BUILD_MODE_UNSAFE_FOR_PRODUCTION -fsanitize=address -fsanitize-address-use-after-scope -fsanitize=fuzzer-no-link -MT mips/filter_mmi_inline_assembly.lo -MD -MP -MF $depbase.Tpo -c -o mips/filter_mmi_inline_assembly.lo mips/filter_mmi_inline_assembly.c &&\
mv -f $depbase.Tpo $depbase.Plo
libtool: compile:  clang -DHAVE_CONFIG_H -I. -O1 -fno-omit-frame-pointer -gline-tables-only -Wno-error=enum-constexpr-conversion -Wno-error=incompatible-function-pointer-types -Wno-error=int-conversion -Wno-error=deprecated-declarations -Wno-error=implicit-function-declaration -Wno-error=implicit-int -Wno-error=vla-cxx-extension -DFUZZING_BUILD_MODE_UNSAFE_FOR_PRODUCTION -fsanitize=address -fsanitize-address-use-after-scope -fsanitize=fuzzer-no-link -MT mips/mips_init.lo -MD -MP -MF mips/.deps/mips_init.Tpo -c mips/mips_init.c -o mips/mips_init.o >/dev/null 2>&1
depbase=`echo intel/intel_init.lo | sed 's|[^/]*$|.deps/&|;s|\.lo$||'`;\
/bin/bash ./libtool  --tag=CC   --mode=compile clang -DHAVE_CONFIG_H -I.     -O1   -fno-omit-frame-pointer   -gline-tables-only   -Wno-error=enum-constexpr-conversion   -Wno-error=incompatible-function-pointer-types   -Wno-error=int-conversion   -Wno-error=deprecated-declarations   -Wno-error=implicit-function-declaration   -Wno-error=implicit-int   -Wno-error=vla-cxx-extension   -DFUZZING_BUILD_MODE_UNSAFE_FOR_PRODUCTION -fsanitize=address -fsanitize-address-use-after-scope -fsanitize=fuzzer-no-link -MT intel/intel_init.lo -MD -MP -MF $depbase.Tpo -c -o intel/intel_init.lo intel/intel_init.c &&\
mv -f $depbase.Tpo $depbase.Plo
libtool: compile:  clang -DHAVE_CONFIG_H -I. -O1 -fno-omit-frame-pointer -gline-tables-only -Wno-error=enum-constexpr-conversion -Wno-error=incompatible-function-pointer-types -Wno-error=int-conversion -Wno-error=deprecated-declarations -Wno-error=implicit-function-declaration -Wno-error=implicit-int -Wno-error=vla-cxx-extension -DFUZZING_BUILD_MODE_UNSAFE_FOR_PRODUCTION -fsanitize=address -fsanitize-address-use-after-scope -fsanitize=fuzzer-no-link -MT mips/filter_mmi_inline_assembly.lo -MD -MP -MF mips/.deps/filter_mmi_inline_assembly.Tpo -c mips/filter_mmi_inline_assembly.c  -fPIC -DPIC -o mips/.libs/filter_mmi_inline_assembly.o
depbase=`echo intel/filter_sse2_intrinsics.lo | sed 's|[^/]*$|.deps/&|;s|\.lo$||'`;\
/bin/bash ./libtool  --tag=CC   --mode=compile clang -DHAVE_CONFIG_H -I.     -O1   -fno-omit-frame-pointer   -gline-tables-only   -Wno-error=enum-constexpr-conversion   -Wno-error=incompatible-function-pointer-types   -Wno-error=int-conversion   -Wno-error=deprecated-declarations   -Wno-error=implicit-function-declaration   -Wno-error=implicit-int   -Wno-error=vla-cxx-extension   -DFUZZING_BUILD_MODE_UNSAFE_FOR_PRODUCTION -fsanitize=address -fsanitize-address-use-after-scope -fsanitize=fuzzer-no-link -MT intel/filter_sse2_intrinsics.lo -MD -MP -MF $depbase.Tpo -c -o intel/filter_sse2_intrinsics.lo intel/filter_sse2_intrinsics.c &&\
mv -f $depbase.Tpo $depbase.Plo
libtool: compile:  clang -DHAVE_CONFIG_H -I. -O1 -fno-omit-frame-pointer -gline-tables-only -Wno-error=enum-constexpr-conversion -Wno-error=incompatible-function-pointer-types -Wno-error=int-conversion -Wno-error=deprecated-declarations -Wno-error=implicit-function-declaration -Wno-error=implicit-int -Wno-error=vla-cxx-extension -DFUZZING_BUILD_MODE_UNSAFE_FOR_PRODUCTION -fsanitize=address -fsanitize-address-use-after-scope -fsanitize=fuzzer-no-link -MT intel/intel_init.lo -MD -MP -MF intel/.deps/intel_init.Tpo -c intel/intel_init.c  -fPIC -DPIC -o intel/.libs/intel_init.o
libtool: compile:  clang -DHAVE_CONFIG_H -I. -O1 -fno-omit-frame-pointer -gline-tables-only -Wno-error=enum-constexpr-conversion -Wno-error=incompatible-function-pointer-types -Wno-error=int-conversion -Wno-error=deprecated-declarations -Wno-error=implicit-function-declaration -Wno-error=implicit-int -Wno-error=vla-cxx-extension -DFUZZING_BUILD_MODE_UNSAFE_FOR_PRODUCTION -fsanitize=address -fsanitize-address-use-after-scope -fsanitize=fuzzer-no-link -MT mips/filter_mmi_inline_assembly.lo -MD -MP -MF mips/.deps/filter_mmi_inline_assembly.Tpo -c mips/filter_mmi_inline_assembly.c -o mips/filter_mmi_inline_assembly.o >/dev/null 2>&1
libtool: compile:  clang -DHAVE_CONFIG_H -I. -O1 -fno-omit-frame-pointer -gline-tables-only -Wno-error=enum-constexpr-conversion -Wno-error=incompatible-function-pointer-types -Wno-error=int-conversion -Wno-error=deprecated-declarations -Wno-error=implicit-function-declaration -Wno-error=implicit-int -Wno-error=vla-cxx-extension -DFUZZING_BUILD_MODE_UNSAFE_FOR_PRODUCTION -fsanitize=address -fsanitize-address-use-after-scope -fsanitize=fuzzer-no-link -MT intel/filter_sse2_intrinsics.lo -MD -MP -MF intel/.deps/filter_sse2_intrinsics.Tpo -c intel/filter_sse2_intrinsics.c  -fPIC -DPIC -o intel/.libs/filter_sse2_intrinsics.o
libtool: compile:  clang -DHAVE_CONFIG_H -I. -O1 -fno-omit-frame-pointer -gline-tables-only -Wno-error=enum-constexpr-conversion -Wno-error=incompatible-function-pointer-types -Wno-error=int-conversion -Wno-error=deprecated-declarations -Wno-error=implicit-function-declaration -Wno-error=implicit-int -Wno-error=vla-cxx-extension -DFUZZING_BUILD_MODE_UNSAFE_FOR_PRODUCTION -fsanitize=address -fsanitize-address-use-after-scope -fsanitize=fuzzer-no-link -MT intel/filter_sse2_intrinsics.lo -MD -MP -MF intel/.deps/filter_sse2_intrinsics.Tpo -c intel/filter_sse2_intrinsics.c -o intel/filter_sse2_intrinsics.o >/dev/null 2>&1
depbase=`echo powerpc/powerpc_init.lo | sed 's|[^/]*$|.deps/&|;s|\.lo$||'`;\
/bin/bash ./libtool  --tag=CC   --mode=compile clang -DHAVE_CONFIG_H -I.     -O1   -fno-omit-frame-pointer   -gline-tables-only   -Wno-error=enum-constexpr-conversion   -Wno-error=incompatible-function-pointer-types   -Wno-error=int-conversion   -Wno-error=deprecated-declarations   -Wno-error=implicit-function-declaration   -Wno-error=implicit-int   -Wno-error=vla-cxx-extension   -DFUZZING_BUILD_MODE_UNSAFE_FOR_PRODUCTION -fsanitize=address -fsanitize-address-use-after-scope -fsanitize=fuzzer-no-link -MT powerpc/powerpc_init.lo -MD -MP -MF $depbase.Tpo -c -o powerpc/powerpc_init.lo powerpc/powerpc_init.c &&\
mv -f $depbase.Tpo $depbase.Plo
libtool: compile:  clang -DHAVE_CONFIG_H -I. -O1 -fno-omit-frame-pointer -gline-tables-only -Wno-error=enum-constexpr-conversion -Wno-error=incompatible-function-pointer-types -Wno-error=int-conversion -Wno-error=deprecated-declarations -Wno-error=implicit-function-declaration -Wno-error=implicit-int -Wno-error=vla-cxx-extension -DFUZZING_BUILD_MODE_UNSAFE_FOR_PRODUCTION -fsanitize=address -fsanitize-address-use-after-scope -fsanitize=fuzzer-no-link -MT intel/intel_init.lo -MD -MP -MF intel/.deps/intel_init.Tpo -c intel/intel_init.c -o intel/intel_init.o >/dev/null 2>&1
depbase=`echo powerpc/filter_vsx_intrinsics.lo | sed 's|[^/]*$|.deps/&|;s|\.lo$||'`;\
/bin/bash ./libtool  --tag=CC   --mode=compile clang -DHAVE_CONFIG_H -I.     -O1   -fno-omit-frame-pointer   -gline-tables-only   -Wno-error=enum-constexpr-conversion   -Wno-error=incompatible-function-pointer-types   -Wno-error=int-conversion   -Wno-error=deprecated-declarations   -Wno-error=implicit-function-declaration   -Wno-error=implicit-int   -Wno-error=vla-cxx-extension   -DFUZZING_BUILD_MODE_UNSAFE_FOR_PRODUCTION -fsanitize=address -fsanitize-address-use-after-scope -fsanitize=fuzzer-no-link -MT powerpc/filter_vsx_intrinsics.lo -MD -MP -MF $depbase.Tpo -c -o powerpc/filter_vsx_intrinsics.lo powerpc/filter_vsx_intrinsics.c &&\
mv -f $depbase.Tpo $depbase.Plo
rm -f scripts/vers.out scripts/vers.tf[12]
test -d scripts || mkdir scripts || test -d scripts
libtool: compile:  clang -DHAVE_CONFIG_H -I. -O1 -fno-omit-frame-pointer -gline-tables-only -Wno-error=enum-constexpr-conversion -Wno-error=incompatible-function-pointer-types -Wno-error=int-conversion -Wno-error=deprecated-declarations -Wno-error=implicit-function-declaration -Wno-error=implicit-int -Wno-error=vla-cxx-extension -DFUZZING_BUILD_MODE_UNSAFE_FOR_PRODUCTION -fsanitize=address -fsanitize-address-use-after-scope -fsanitize=fuzzer-no-link -MT powerpc/powerpc_init.lo -MD -MP -MF powerpc/.deps/powerpc_init.Tpo -c powerpc/powerpc_init.c  -fPIC -DPIC -o powerpc/.libs/powerpc_init.o
clang -E -DHAVE_CONFIG_H -I. \
     -DPNGLIB_LIBNAME='PNG16_0' -DPNGLIB_VERSION='1.6.48' -DSYMBOL_PREFIX='' -DPNG_NO_USE_READ_MACROS -DPNG_BUILDING_SYMBOL_TABLE  scripts/vers.c > scripts/vers.tf1
mawk -f "./scripts/dfn.awk" out="scripts/vers.tf2" scripts/vers.tf1 1>&2
rm -f scripts/vers.tf1
mv scripts/vers.tf2 scripts/vers.out
rm -f libpng.vers
cp scripts/vers.out libpng.vers
libtool: compile:  clang -DHAVE_CONFIG_H -I. -O1 -fno-omit-frame-pointer -gline-tables-only -Wno-error=enum-constexpr-conversion -Wno-error=incompatible-function-pointer-types -Wno-error=int-conversion -Wno-error=deprecated-declarations -Wno-error=implicit-function-declaration -Wno-error=implicit-int -Wno-error=vla-cxx-extension -DFUZZING_BUILD_MODE_UNSAFE_FOR_PRODUCTION -fsanitize=address -fsanitize-address-use-after-scope -fsanitize=fuzzer-no-link -MT powerpc/filter_vsx_intrinsics.lo -MD -MP -MF powerpc/.deps/filter_vsx_intrinsics.Tpo -c powerpc/filter_vsx_intrinsics.c  -fPIC -DPIC -o powerpc/.libs/filter_vsx_intrinsics.o
libtool: compile:  clang -DHAVE_CONFIG_H -I. -O1 -fno-omit-frame-pointer -gline-tables-only -Wno-error=enum-constexpr-conversion -Wno-error=incompatible-function-pointer-types -Wno-error=int-conversion -Wno-error=deprecated-declarations -Wno-error=implicit-function-declaration -Wno-error=implicit-int -Wno-error=vla-cxx-extension -DFUZZING_BUILD_MODE_UNSAFE_FOR_PRODUCTION -fsanitize=address -fsanitize-address-use-after-scope -fsanitize=fuzzer-no-link -MT powerpc/powerpc_init.lo -MD -MP -MF powerpc/.deps/powerpc_init.Tpo -c powerpc/powerpc_init.c -o powerpc/powerpc_init.o >/dev/null 2>&1
libtool: compile:  clang -DHAVE_CONFIG_H -I. -O1 -fno-omit-frame-pointer -gline-tables-only -Wno-error=enum-constexpr-conversion -Wno-error=incompatible-function-pointer-types -Wno-error=int-conversion -Wno-error=deprecated-declarations -Wno-error=implicit-function-declaration -Wno-error=implicit-int -Wno-error=vla-cxx-extension -DFUZZING_BUILD_MODE_UNSAFE_FOR_PRODUCTION -fsanitize=address -fsanitize-address-use-after-scope -fsanitize=fuzzer-no-link -MT powerpc/filter_vsx_intrinsics.lo -MD -MP -MF powerpc/.deps/filter_vsx_intrinsics.Tpo -c powerpc/filter_vsx_intrinsics.c -o powerpc/filter_vsx_intrinsics.o >/dev/null 2>&1
/bin/bash ./libtool  --tag=CC   --mode=link clang  -O1   -fno-omit-frame-pointer   -gline-tables-only   -Wno-error=enum-constexpr-conversion   -Wno-error=incompatible-function-pointer-types   -Wno-error=int-conversion   -Wno-error=deprecated-declarations   -Wno-error=implicit-function-declaration   -Wno-error=implicit-int   -Wno-error=vla-cxx-extension   -DFUZZING_BUILD_MODE_UNSAFE_FOR_PRODUCTION -fsanitize=address -fsanitize-address-use-after-scope -fsanitize=fuzzer-no-link -no-undefined -export-dynamic -version-number 16:48:0  -Wl,--version-script=libpng.vers   -o libpng16.la -rpath /usr/local/lib png.lo pngerror.lo pngget.lo pngmem.lo pngpread.lo pngread.lo pngrio.lo pngrtran.lo pngrutil.lo pngset.lo pngtrans.lo pngwio.lo pngwrite.lo pngwtran.lo pngwutil.lo  mips/mips_init.lo mips/filter_msa_intrinsics.lo  mips/filter_mmi_inline_assembly.lo intel/intel_init.lo intel/filter_sse2_intrinsics.lo powerpc/powerpc_init.lo powerpc/filter_vsx_intrinsics.lo   -lm -lz 
libtool: link: clang -shared  -fPIC -DPIC  .libs/png.o .libs/pngerror.o .libs/pngget.o .libs/pngmem.o .libs/pngpread.o .libs/pngread.o .libs/pngrio.o .libs/pngrtran.o .libs/pngrutil.o .libs/pngset.o .libs/pngtrans.o .libs/pngwio.o .libs/pngwrite.o .libs/pngwtran.o .libs/pngwutil.o mips/.libs/mips_init.o mips/.libs/filter_msa_intrinsics.o mips/.libs/filter_mmi_inline_assembly.o intel/.libs/intel_init.o intel/.libs/filter_sse2_intrinsics.o powerpc/.libs/powerpc_init.o powerpc/.libs/filter_vsx_intrinsics.o   -lm -lz  -O1 -gline-tables-only -fsanitize=address -fsanitize=fuzzer-no-link -Wl,--version-script=libpng.vers   -Wl,-soname -Wl,libpng16.so.16 -o .libs/libpng16.so.16.48.0
libtool: link: (cd ".libs" && rm -f "libpng16.so.16" && ln -s "libpng16.so.16.48.0" "libpng16.so.16")
libtool: link: (cd ".libs" && rm -f "libpng16.so" && ln -s "libpng16.so.16.48.0" "libpng16.so")
libtool: link: ar cr .libs/libpng16.a  png.o pngerror.o pngget.o pngmem.o pngpread.o pngread.o pngrio.o pngrtran.o pngrutil.o pngset.o pngtrans.o pngwio.o pngwrite.o pngwtran.o pngwutil.o mips/mips_init.o mips/filter_msa_intrinsics.o mips/filter_mmi_inline_assembly.o intel/intel_init.o intel/filter_sse2_intrinsics.o powerpc/powerpc_init.o powerpc/filter_vsx_intrinsics.o
libtool: link: ranlib .libs/libpng16.a
libtool: link: ( cd ".libs" && rm -f "libpng16.la" && ln -s "../libpng16.la" "libpng16.la" )
+ clang++ -O1 -fno-omit-frame-pointer -gline-tables-only -Wno-error=enum-constexpr-conversion -Wno-error=incompatible-function-pointer-types -Wno-error=int-conversion -Wno-error=deprecated-declarations -Wno-error=implicit-function-declaration -Wno-error=implicit-int -Wno-error=vla-cxx-extension -DFUZZING_BUILD_MODE_UNSAFE_FOR_PRODUCTION -fsanitize=address -fsanitize-address-use-after-scope -fsanitize=fuzzer-no-link -stdlib=libc++ -std=c++11 -I. /src/libpng/contrib/oss-fuzz/libpng_my_read_fuzzer.cc -o /out/libpng_my_read_fuzzer -lFuzzingEngine .libs/libpng16.a -lz
+ find /src/libpng -name '*.png'
+ grep -v crashers
+ xargs zip /out/libpng_my_read_fuzzer_seed_corpus.zip
updating: src/libpng/pngnow.png (deflated 0%)
updating: src/libpng/pngbar.png (stored 0%)
updating: src/libpng/pngtest.png (deflated 0%)
updating: src/libpng/contrib/pngsuite/ftp1n3p08.png (deflated 1%)
updating: src/libpng/contrib/pngsuite/ftbbn0g02.png (deflated 3%)
updating: src/libpng/contrib/pngsuite/ftbbn0g04.png (stored 0%)
updating: src/libpng/contrib/pngsuite/ftbgn2c16.png (stored 0%)
updating: src/libpng/contrib/pngsuite/ftbyn3p08.png (deflated 1%)
updating: src/libpng/contrib/pngsuite/basn3p08.png (deflated 15%)
updating: src/libpng/contrib/pngsuite/ibasn6a08.png (stored 0%)
updating: src/libpng/contrib/pngsuite/basn0g01.png (deflated 3%)
updating: src/libpng/contrib/pngsuite/iftp0n3p08.png (deflated 0%)
updating: src/libpng/contrib/pngsuite/iftbwn0g16.png (stored 0%)
updating: src/libpng/contrib/pngsuite/ftbbn2c16.png (stored 0%)
updating: src/libpng/contrib/pngsuite/iftbgn2c16.png (deflated 4%)
updating: src/libpng/contrib/pngsuite/basn0g04.png (deflated 3%)
updating: src/libpng/contrib/pngsuite/ibasn6a16.png (stored 0%)
updating: src/libpng/contrib/pngsuite/ftbgn3p08.png (deflated 1%)
updating: src/libpng/contrib/pngsuite/ibasn2c16.png (stored 0%)
updating: src/libpng/contrib/pngsuite/iftbbn3p08.png (deflated 0%)
updating: src/libpng/contrib/pngsuite/ftbwn0g16.png (stored 0%)
updating: src/libpng/contrib/pngsuite/ibasn4a16.png (stored 0%)
updating: src/libpng/contrib/pngsuite/ftbrn2c08.png (stored 0%)
updating: src/libpng/contrib/pngsuite/ibasn3p08.png (deflated 21%)
updating: src/libpng/contrib/pngsuite/basn6a08.png (deflated 1%)
updating: src/libpng/contrib/pngsuite/basn0g16.png (deflated 2%)
updating: src/libpng/contrib/pngsuite/interlaced/ibasn0g01.png (stored 0%)
updating: src/libpng/contrib/pngsuite/interlaced/ibasn3p01.png (deflated 3%)
updating: src/libpng/contrib/pngsuite/interlaced/ibasn3p04.png (deflated 0%)
updating: src/libpng/contrib/pngsuite/interlaced/iftbbn0g04.png (stored 0%)
updating: src/libpng/contrib/pngsuite/interlaced/iftbbn0g02.png (stored 0%)
updating: src/libpng/contrib/pngsuite/interlaced/iftbbn0g01.png (stored 0%)
updating: src/libpng/contrib/pngsuite/interlaced/ibasn0g02.png (deflated 1%)
updating: src/libpng/contrib/pngsuite/interlaced/ibasn3p02.png (deflated 4%)
updating: src/libpng/contrib/pngsuite/interlaced/ibasn0g04.png (stored 0%)
updating: src/libpng/contrib/pngsuite/ftbbn3p08.png (deflated 1%)
updating: src/libpng/contrib/pngsuite/basn4a08.png (deflated 3%)
updating: src/libpng/contrib/pngsuite/basn3p01.png (deflated 6%)
updating: src/libpng/contrib/pngsuite/basn3p02.png (deflated 7%)
updating: src/libpng/contrib/pngsuite/ftp0n2c08.png (stored 0%)
updating: src/libpng/contrib/pngsuite/basn0g08.png (deflated 4%)
updating: src/libpng/contrib/pngsuite/iftbwn3p08.png (deflated 0%)
updating: src/libpng/contrib/pngsuite/ftbwn3p08.png (deflated 1%)
updating: src/libpng/contrib/pngsuite/ibasn2c08.png (stored 0%)
updating: src/libpng/contrib/pngsuite/ftp0n0g08.png (stored 0%)
updating: src/libpng/contrib/pngsuite/ftp0n3p08.png (deflated 1%)
updating: src/libpng/contrib/pngsuite/iftp1n3p08.png (deflated 0%)
updating: src/libpng/contrib/pngsuite/ibasn0g08.png (stored 0%)
updating: src/libpng/contrib/pngsuite/basn6a16.png (deflated 0%)
updating: src/libpng/contrib/pngsuite/basn3p04.png (deflated 4%)
updating: src/libpng/contrib/pngsuite/iftbgn3p08.png (deflated 0%)
updating: src/libpng/contrib/pngsuite/ibasn0g16.png (deflated 1%)
updating: src/libpng/contrib/pngsuite/basn4a16.png (stored 0%)
updating: src/libpng/contrib/pngsuite/basn0g02.png (deflated 7%)
updating: src/libpng/contrib/pngsuite/iftbyn3p08.png (deflated 0%)
updating: src/libpng/contrib/pngsuite/basn2c08.png (deflated 2%)
updating: src/libpng/contrib/pngsuite/iftbbn2c16.png (deflated 4%)
updating: src/libpng/contrib/pngsuite/iftp0n0g08.png (stored 0%)
updating: src/libpng/contrib/pngsuite/iftp0n2c08.png (stored 0%)
updating: src/libpng/contrib/pngsuite/basn2c16.png (stored 0%)
updating: src/libpng/contrib/pngsuite/ibasn4a08.png (stored 0%)
updating: src/libpng/contrib/pngsuite/ftbbn0g01.png (deflated 4%)
updating: src/libpng/contrib/pngsuite/iftbrn2c08.png (stored 0%)
updating: src/libpng/contrib/visupng/VisualPng.png (deflated 2%)
updating: src/libpng/contrib/gregbook/toucan.png (deflated 2%)
updating: src/libpng/contrib/testpngs/gray-2-1.8.png (deflated 2%)
updating: src/libpng/contrib/testpngs/gray-1-sRGB.png (deflated 3%)
updating: src/libpng/contrib/testpngs/rgb-alpha-16.png (deflated 71%)
updating: src/libpng/contrib/testpngs/gray-8-1.8-tRNS.png (deflated 3%)
updating: src/libpng/contrib/testpngs/rgb-alpha-16-1.8.png (deflated 68%)
updating: src/libpng/contrib/testpngs/gray-8.png (deflated 2%)
updating: src/libpng/contrib/testpngs/rgb-alpha-16-linear.png (deflated 68%)
updating: src/libpng/contrib/testpngs/gray-16-tRNS.png (deflated 57%)
updating: src/libpng/contrib/testpngs/rgb-alpha-8.png (deflated 61%)
updating: src/libpng/contrib/testpngs/gray-alpha-8-1.8.png (deflated 53%)
updating: src/libpng/contrib/testpngs/gray-2-sRGB.png (deflated 2%)
updating: src/libpng/contrib/testpngs/palette-1.png (deflated 1%)
updating: src/libpng/contrib/testpngs/gray-2-1.8-tRNS.png (deflated 3%)
updating: src/libpng/contrib/testpngs/palette-2.png (deflated 3%)
updating: src/libpng/contrib/testpngs/rgb-16-sRGB.png (deflated 66%)
updating: src/libpng/contrib/testpngs/palette-2-sRGB-tRNS.png (deflated 4%)
updating: src/libpng/contrib/testpngs/rgb-alpha-16-sRGB.png (deflated 70%)
updating: src/libpng/contrib/testpngs/rgb-8-1.8.png (deflated 53%)
updating: src/libpng/contrib/testpngs/palette-4-linear.png (deflated 5%)
updating: src/libpng/contrib/testpngs/gray-4-tRNS.png (deflated 2%)
updating: src/libpng/contrib/testpngs/gray-16-linear.png (deflated 53%)
updating: src/libpng/contrib/testpngs/rgb-16-sRGB-tRNS.png (deflated 66%)
updating: src/libpng/contrib/testpngs/gray-alpha-16-linear.png (deflated 57%)
updating: src/libpng/contrib/testpngs/rgb-8-1.8-tRNS.png (deflated 53%)
updating: src/libpng/contrib/testpngs/gray-2-linear-tRNS.png (deflated 2%)
updating: src/libpng/contrib/testpngs/gray-alpha-8-sRGB.png (deflated 56%)
updating: src/libpng/contrib/testpngs/rgb-8.png (deflated 57%)
updating: src/libpng/contrib/testpngs/gray-4-1.8-tRNS.png (deflated 3%)
updating: src/libpng/contrib/testpngs/gray-1-1.8.png (deflated 3%)
updating: src/libpng/contrib/testpngs/palette-1-sRGB-tRNS.png (deflated 3%)
updating: src/libpng/contrib/testpngs/gray-2-tRNS.png (deflated 2%)
updating: src/libpng/contrib/testpngs/palette-4.png (deflated 5%)
updating: src/libpng/contrib/testpngs/png-3/cicp-display-p3_reencoded.png (deflated 11%)
updating: src/libpng/contrib/testpngs/palette-8-1.8.png (deflated 14%)
updating: src/libpng/contrib/testpngs/gray-8-tRNS.png (deflated 2%)
updating: src/libpng/contrib/testpngs/rgb-16-tRNS.png (deflated 67%)
updating: src/libpng/contrib/testpngs/rgb-16-1.8.png (deflated 64%)
updating: src/libpng/contrib/testpngs/gray-4-linear.png (deflated 2%)
updating: src/libpng/contrib/testpngs/gray-16-sRGB-tRNS.png (deflated 56%)
updating: src/libpng/contrib/testpngs/gray-16.png (deflated 57%)
updating: src/libpng/contrib/testpngs/palette-4-tRNS.png (deflated 4%)
updating: src/libpng/contrib/testpngs/palette-8.png (deflated 15%)
updating: src/libpng/contrib/testpngs/palette-2-linear-tRNS.png (deflated 3%)
updating: src/libpng/contrib/testpngs/gray-1-1.8-tRNS.png (deflated 3%)
updating: src/libpng/contrib/testpngs/rgb-8-linear.png (deflated 53%)
updating: src/libpng/contrib/testpngs/palette-4-sRGB-tRNS.png (deflated 5%)
updating: src/libpng/contrib/testpngs/gray-4-sRGB-tRNS.png (deflated 3%)
updating: src/libpng/contrib/testpngs/rgb-8-sRGB-tRNS.png (deflated 56%)
updating: src/libpng/contrib/testpngs/gray-16-1.8-tRNS.png (deflated 53%)
updating: src/libpng/contrib/testpngs/badpal/small-palette-2.png (deflated 3%)
updating: src/libpng/contrib/testpngs/badpal/small-palette-8.png (deflated 15%)
updating: src/libpng/contrib/testpngs/badpal/test-palette-1.png (stored 0%)
updating: src/libpng/contrib/testpngs/badpal/small-palette-4.png (deflated 5%)
updating: src/libpng/contrib/testpngs/badpal/test-palette-4.png (deflated 1%)
updating: src/libpng/contrib/testpngs/badpal/test-palette-2.png (deflated 4%)
updating: src/libpng/contrib/testpngs/badpal/test-palette-8.png (deflated 18%)
updating: src/libpng/contrib/testpngs/badpal/regression-palette-8.png (deflated 15%)
updating: src/libpng/contrib/testpngs/badpal/small-palette-1.png (deflated 2%)
updating: src/libpng/contrib/testpngs/rgb-16-linear-tRNS.png (deflated 64%)
updating: src/libpng/contrib/testpngs/gray-4-1.8.png (deflated 2%)
updating: src/libpng/contrib/testpngs/gray-alpha-16.png (deflated 61%)
updating: src/libpng/contrib/testpngs/palette-8-1.8-tRNS.png (deflated 12%)
updating: src/libpng/contrib/testpngs/rgb-16-1.8-tRNS.png (deflated 64%)
updating: src/libpng/contrib/testpngs/gray-4-sRGB.png (deflated 3%)
updating: src/libpng/contrib/testpngs/rgb-16-linear.png (deflated 64%)
updating: src/libpng/contrib/testpngs/gray-1-tRNS.png (deflated 3%)
updating: src/libpng/contrib/testpngs/palette-8-linear.png (deflated 14%)
updating: src/libpng/contrib/testpngs/palette-2-sRGB.png (deflated 3%)
updating: src/libpng/contrib/testpngs/palette-1-1.8-tRNS.png (deflated 3%)
updating: src/libpng/contrib/testpngs/gray-2-sRGB-tRNS.png (deflated 3%)
updating: src/libpng/contrib/testpngs/rgb-alpha-8-1.8.png (deflated 57%)
updating: src/libpng/contrib/testpngs/palette-4-sRGB.png (deflated 6%)
updating: src/libpng/contrib/testpngs/gray-16-1.8.png (deflated 53%)
updating: src/libpng/contrib/testpngs/rgb-8-sRGB.png (deflated 56%)
updating: src/libpng/contrib/testpngs/rgb-alpha-8-sRGB.png (deflated 60%)
updating: src/libpng/contrib/testpngs/palette-4-1.8.png (deflated 5%)
updating: src/libpng/contrib/testpngs/palette-8-sRGB-tRNS.png (deflated 12%)
updating: src/libpng/contrib/testpngs/palette-8-sRGB.png (deflated 15%)
updating: src/libpng/contrib/testpngs/gray-4.png (deflated 2%)
updating: src/libpng/contrib/testpngs/palette-8-tRNS.png (deflated 13%)
updating: src/libpng/contrib/testpngs/gray-alpha-8-linear.png (deflated 53%)
updating: src/libpng/contrib/testpngs/gray-alpha-16-sRGB.png (deflated 60%)
updating: src/libpng/contrib/testpngs/palette-2-tRNS.png (deflated 3%)
updating: src/libpng/contrib/testpngs/palette-2-linear.png (deflated 3%)
updating: src/libpng/contrib/testpngs/gray-1-linear-tRNS.png (deflated 3%)
updating: src/libpng/contrib/testpngs/gray-16-linear-tRNS.png (deflated 53%)
updating: src/libpng/contrib/testpngs/gray-4-linear-tRNS.png (deflated 2%)
updating: src/libpng/contrib/testpngs/gray-2.png (deflated 2%)
updating: src/libpng/contrib/testpngs/gray-alpha-16-1.8.png (deflated 57%)
updating: src/libpng/contrib/testpngs/rgb-8-linear-tRNS.png (deflated 53%)
updating: src/libpng/contrib/testpngs/palette-1-linear-tRNS.png (deflated 2%)
updating: src/libpng/contrib/testpngs/gray-16-sRGB.png (deflated 56%)
updating: src/libpng/contrib/testpngs/palette-4-linear-tRNS.png (deflated 4%)
updating: src/libpng/contrib/testpngs/gray-8-sRGB.png (deflated 3%)
updating: src/libpng/contrib/testpngs/gray-8-sRGB-tRNS.png (deflated 3%)
updating: src/libpng/contrib/testpngs/gray-1-linear.png (deflated 2%)
updating: src/libpng/contrib/testpngs/palette-8-linear-tRNS.png (deflated 11%)
updating: src/libpng/contrib/testpngs/gray-alpha-8.png (deflated 57%)
updating: src/libpng/contrib/testpngs/palette-1-1.8.png (deflated 2%)
updating: src/libpng/contrib/testpngs/palette-1-linear.png (deflated 2%)
updating: src/libpng/contrib/testpngs/rgb-alpha-8-linear.png (deflated 57%)
updating: src/libpng/contrib/testpngs/gray-8-linear.png (deflated 2%)
updating: src/libpng/contrib/testpngs/palette-4-1.8-tRNS.png (deflated 4%)
updating: src/libpng/contrib/testpngs/gray-8-1.8.png (deflated 2%)
updating: src/libpng/contrib/testpngs/rgb-8-tRNS.png (deflated 56%)
updating: src/libpng/contrib/testpngs/gray-8-linear-tRNS.png (deflated 2%)
updating: src/libpng/contrib/testpngs/rgb-16.png (deflated 67%)
updating: src/libpng/contrib/testpngs/gray-1-sRGB-tRNS.png (deflated 4%)
updating: src/libpng/contrib/testpngs/palette-1-tRNS.png (deflated 2%)
updating: src/libpng/contrib/testpngs/palette-2-1.8-tRNS.png (deflated 3%)
updating: src/libpng/contrib/testpngs/palette-1-sRGB.png (deflated 2%)
updating: src/libpng/contrib/testpngs/palette-2-1.8.png (deflated 4%)
updating: src/libpng/contrib/testpngs/gray-2-linear.png (deflated 2%)
updating: src/libpng/contrib/testpngs/gray-1.png (deflated 2%)
+ cp /src/libpng/contrib/oss-fuzz/png.dict /src/libpng/contrib/oss-fuzz/libpng_read_fuzzer.options /out/
=== Fuzz run #1: output → build/out/my_fuzzer_run1 ===
INFO:__main__:Running: docker run --privileged --shm-size=2g --platform linux/amd64 --rm -e FUZZING_ENGINE=libfuzzer -e SANITIZER=address -e RUN_FUZZER_MODE=interactive -e HELPER=True -v /home/ursula/lab2/oss-fuzz/build/out/my_fuzzer_run1:/tmp/libpng_my_read_fuzzer_corpus -v /home/ursula/lab2/oss-fuzz/build/out/libpng:/out -t gcr.io/oss-fuzz-base/base-runner timeout 100 run_fuzzer libpng_my_read_fuzzer.
vm.mmap_rnd_bits = 28
rm: cannot remove '/tmp/libpng_my_read_fuzzer_corpus': Device or resource busy
Using seed corpus: libpng_my_read_fuzzer_seed_corpus.zip
/out/libpng_my_read_fuzzer -rss_limit_mb=2560 -timeout=25 /tmp/libpng_my_read_fuzzer_corpus < /dev/null
INFO: Running with entropic power schedule (0xFF, 100).
INFO: Seed: 2383352594
INFO: Loaded 1 modules   (5466 inline 8-bit counters): 5466 [0x55ec0b276a68, 0x55ec0b277fc2), 
INFO: Loaded 1 PC tables (5466 PCs): 5466 [0x55ec0b277fc8,0x55ec0b28d568), 
INFO:      179 files found in /tmp/libpng_my_read_fuzzer_corpus
INFO: -max_len is not provided; libFuzzer will not generate inputs larger than 12901 bytes
INFO: seed corpus: files: 179 min: 104b max: 12901b total: 158464b rss: 32Mb
#180	INITED cov: 1139 ft: 1828 corp: 75/70Kb exec/s: 0 rss: 51Mb
	NEW_FUNC[1/6]: 0x55ec0b187f40 in png_error /src/libpng/pngerror.c:41
	NEW_FUNC[2/6]: 0x55ec0b18a1f0 in png_chunk_warning /src/libpng/pngerror.c:498
#181	NEW    cov: 1174 ft: 2012 corp: 76/70Kb lim: 12901 exec/s: 181 rss: 51Mb L: 403/12901 MS: 1 InsertRepeatedBytes-
#182	NEW    cov: 1177 ft: 2065 corp: 77/71Kb lim: 12901 exec/s: 182 rss: 51Mb L: 330/12901 MS: 1 InsertByte-
#183	NEW    cov: 1184 ft: 2193 corp: 78/72Kb lim: 12901 exec/s: 183 rss: 51Mb L: 1624/12901 MS: 1 ChangeBinInt-
#184	NEW    cov: 1185 ft: 2235 corp: 79/73Kb lim: 12901 exec/s: 184 rss: 51Mb L: 769/12901 MS: 1 InsertRepeatedBytes-
#185	NEW    cov: 1186 ft: 2308 corp: 80/75Kb lim: 12901 exec/s: 185 rss: 51Mb L: 2041/12901 MS: 1 ShuffleBytes-
	NEW_FUNC[1/1]: 0x55ec0b18c1b0 in png_safe_warning /src/libpng/pngerror.c:922
#186	NEW    cov: 1195 ft: 2328 corp: 81/75Kb lim: 12901 exec/s: 186 rss: 51Mb L: 265/12901 MS: 1 CopyPart-
#187	NEW    cov: 1195 ft: 2363 corp: 82/75Kb lim: 12901 exec/s: 187 rss: 51Mb L: 198/12901 MS: 1 ChangeBinInt-
#188	NEW    cov: 1196 ft: 2365 corp: 83/76Kb lim: 12901 exec/s: 188 rss: 51Mb L: 327/12901 MS: 1 ChangeByte-
#189	NEW    cov: 1197 ft: 2370 corp: 84/76Kb lim: 12901 exec/s: 189 rss: 51Mb L: 170/12901 MS: 1 EraseBytes-
	NEW_FUNC[1/1]: 0x55ec0b18bd30 in png_safe_error /src/libpng/pngerror.c:887
#190	NEW    cov: 1208 ft: 2442 corp: 85/77Kb lim: 12901 exec/s: 190 rss: 51Mb L: 1093/12901 MS: 1 ChangeBinInt-
#192	NEW    cov: 1208 ft: 2462 corp: 86/77Kb lim: 12901 exec/s: 192 rss: 51Mb L: 342/12901 MS: 2 ChangeBit-ShuffleBytes-
#193	NEW    cov: 1208 ft: 2475 corp: 87/77Kb lim: 12901 exec/s: 193 rss: 51Mb L: 313/12901 MS: 1 ChangeBit-
#194	NEW    cov: 1209 ft: 2478 corp: 88/78Kb lim: 12901 exec/s: 194 rss: 51Mb L: 267/12901 MS: 1 CrossOver-
#195	NEW    cov: 1209 ft: 2489 corp: 89/78Kb lim: 12901 exec/s: 195 rss: 51Mb L: 349/12901 MS: 1 InsertRepeatedBytes-
#196	NEW    cov: 1209 ft: 2500 corp: 90/79Kb lim: 12901 exec/s: 196 rss: 51Mb L: 1313/12901 MS: 1 ChangeBit-
#202	NEW    cov: 1209 ft: 2514 corp: 91/80Kb lim: 12901 exec/s: 202 rss: 51Mb L: 208/12901 MS: 1 ChangeByte-
#204	NEW    cov: 1209 ft: 2531 corp: 92/80Kb lim: 12901 exec/s: 204 rss: 51Mb L: 146/12901 MS: 2 ShuffleBytes-ChangeByte-
#207	NEW    cov: 1209 ft: 2536 corp: 93/80Kb lim: 12901 exec/s: 207 rss: 51Mb L: 367/12901 MS: 3 ChangeBinInt-ChangeByte-CrossOver-
#208	NEW    cov: 1209 ft: 2567 corp: 94/82Kb lim: 12901 exec/s: 208 rss: 51Mb L: 2318/12901 MS: 1 CrossOver-
#210	NEW    cov: 1210 ft: 2569 corp: 95/83Kb lim: 12901 exec/s: 210 rss: 51Mb L: 297/12901 MS: 2 ChangeASCIIInt-InsertRepeatedBytes-
#212	NEW    cov: 1210 ft: 2570 corp: 96/83Kb lim: 12901 exec/s: 212 rss: 51Mb L: 847/12901 MS: 2 ShuffleBytes-ChangeBinInt-
#213	NEW    cov: 1210 ft: 2585 corp: 97/84Kb lim: 12901 exec/s: 213 rss: 51Mb L: 328/12901 MS: 1 InsertByte-
#214	NEW    cov: 1210 ft: 2588 corp: 98/84Kb lim: 12901 exec/s: 214 rss: 51Mb L: 112/12901 MS: 1 ShuffleBytes-
#215	NEW    cov: 1210 ft: 2595 corp: 99/86Kb lim: 12901 exec/s: 215 rss: 51Mb L: 2247/12901 MS: 1 CopyPart-
#216	NEW    cov: 1210 ft: 2597 corp: 100/86Kb lim: 12901 exec/s: 216 rss: 51Mb L: 103/12901 MS: 1 EraseBytes-
#217	NEW    cov: 1212 ft: 2607 corp: 101/86Kb lim: 12901 exec/s: 217 rss: 51Mb L: 313/12901 MS: 1 ChangeByte-
#218	NEW    cov: 1212 ft: 2611 corp: 102/87Kb lim: 12901 exec/s: 218 rss: 51Mb L: 89/12901 MS: 1 EraseBytes-
#220	NEW    cov: 1212 ft: 2619 corp: 103/87Kb lim: 12901 exec/s: 220 rss: 51Mb L: 104/12901 MS: 2 ShuffleBytes-ChangeASCIIInt-
#222	NEW    cov: 1212 ft: 2620 corp: 104/87Kb lim: 12901 exec/s: 222 rss: 51Mb L: 282/12901 MS: 2 ShuffleBytes-ChangeBit-
#223	NEW    cov: 1212 ft: 2626 corp: 105/89Kb lim: 12901 exec/s: 223 rss: 51Mb L: 1758/12901 MS: 1 EraseBytes-
#224	NEW    cov: 1213 ft: 2637 corp: 106/89Kb lim: 12901 exec/s: 224 rss: 51Mb L: 286/12901 MS: 1 CMP- DE: "NRHc"-
#226	NEW    cov: 1213 ft: 2639 corp: 107/89Kb lim: 12901 exec/s: 226 rss: 51Mb L: 291/12901 MS: 2 ChangeBit-InsertByte-
#229	NEW    cov: 1213 ft: 2640 corp: 108/89Kb lim: 12901 exec/s: 229 rss: 51Mb L: 89/12901 MS: 3 ChangeBinInt-ChangeByte-ChangeBinInt-
	NEW_FUNC[1/1]: 0x55ec0b1bc7e0 in png_crc_finish /src/libpng/pngrutil.c:361
#230	NEW    cov: 1217 ft: 2644 corp: 109/90Kb lim: 12901 exec/s: 230 rss: 51Mb L: 342/12901 MS: 1 ChangeByte-
#231	NEW    cov: 1217 ft: 2647 corp: 110/92Kb lim: 12901 exec/s: 231 rss: 51Mb L: 2041/12901 MS: 1 ChangeBinInt-
#232	NEW    cov: 1217 ft: 2650 corp: 111/92Kb lim: 12901 exec/s: 232 rss: 51Mb L: 368/12901 MS: 1 CrossOver-
#233	NEW    cov: 1217 ft: 2662 corp: 112/92Kb lim: 12901 exec/s: 233 rss: 51Mb L: 268/12901 MS: 1 CMP- DE: "P\211\000\000"-
#234	NEW    cov: 1218 ft: 2665 corp: 113/92Kb lim: 12901 exec/s: 234 rss: 51Mb L: 145/12901 MS: 1 PersAutoDict- DE: "P\211\000\000"-
#235	NEW    cov: 1218 ft: 2677 corp: 114/93Kb lim: 12901 exec/s: 235 rss: 51Mb L: 568/12901 MS: 1 EraseBytes-
#236	NEW    cov: 1218 ft: 2682 corp: 115/96Kb lim: 12901 exec/s: 236 rss: 51Mb L: 3435/12901 MS: 1 ChangeBit-
#237	NEW    cov: 1218 ft: 2685 corp: 116/96Kb lim: 12901 exec/s: 237 rss: 51Mb L: 126/12901 MS: 1 ChangeByte-
#242	NEW    cov: 1218 ft: 2686 corp: 117/97Kb lim: 12901 exec/s: 242 rss: 51Mb L: 72/12901 MS: 5 InsertRepeatedBytes-CopyPart-ChangeBinInt-PersAutoDict-EraseBytes- DE: "NRHc"-
#243	NEW    cov: 1218 ft: 2687 corp: 118/97Kb lim: 12901 exec/s: 243 rss: 51Mb L: 126/12901 MS: 1 ChangeBit-
#246	NEW    cov: 1219 ft: 2692 corp: 119/99Kb lim: 12901 exec/s: 246 rss: 51Mb L: 2042/12901 MS: 3 ChangeASCIIInt-InsertByte-PersAutoDict- DE: "P\211\000\000"-
#247	NEW    cov: 1222 ft: 2721 corp: 120/99Kb lim: 12901 exec/s: 247 rss: 51Mb L: 199/12901 MS: 1 InsertByte-
#248	NEW    cov: 1223 ft: 2722 corp: 121/99Kb lim: 12901 exec/s: 248 rss: 51Mb L: 145/12901 MS: 1 ChangeASCIIInt-
#254	NEW    cov: 1223 ft: 2730 corp: 122/102Kb lim: 12901 exec/s: 254 rss: 51Mb L: 2839/12901 MS: 1 ChangeBit-
#270	NEW    cov: 1223 ft: 2742 corp: 123/103Kb lim: 12901 exec/s: 270 rss: 51Mb L: 1633/12901 MS: 1 ShuffleBytes-
#271	NEW    cov: 1223 ft: 2744 corp: 124/103Kb lim: 12901 exec/s: 271 rss: 51Mb L: 116/12901 MS: 1 ChangeASCIIInt-
#272	NEW    cov: 1223 ft: 2754 corp: 125/104Kb lim: 12901 exec/s: 272 rss: 51Mb L: 145/12901 MS: 1 CopyPart-
#283	NEW    cov: 1224 ft: 2755 corp: 126/104Kb lim: 12901 exec/s: 283 rss: 51Mb L: 329/12901 MS: 1 ChangeBinInt-
	NEW_FUNC[1/1]: 0x55ec0b188600 in png_warning /src/libpng/pngerror.c:217
#289	NEW    cov: 1230 ft: 2770 corp: 127/104Kb lim: 12901 exec/s: 289 rss: 51Mb L: 126/12901 MS: 1 PersAutoDict- DE: "NRHc"-
#301	NEW    cov: 1233 ft: 2773 corp: 128/104Kb lim: 12901 exec/s: 301 rss: 51Mb L: 147/12901 MS: 2 ChangeBit-InsertByte-
#303	NEW    cov: 1233 ft: 2776 corp: 129/105Kb lim: 12901 exec/s: 303 rss: 51Mb L: 744/12901 MS: 2 ChangeBinInt-ChangeBit-
#309	NEW    cov: 1236 ft: 2780 corp: 130/105Kb lim: 12901 exec/s: 309 rss: 51Mb L: 264/12901 MS: 1 ChangeBinInt-
#320	NEW    cov: 1236 ft: 2786 corp: 131/105Kb lim: 12901 exec/s: 320 rss: 51Mb L: 97/12901 MS: 1 EraseBytes-
#321	NEW    cov: 1237 ft: 2797 corp: 132/106Kb lim: 12901 exec/s: 321 rss: 51Mb L: 278/12901 MS: 1 ChangeBit-
#333	NEW    cov: 1237 ft: 2798 corp: 133/107Kb lim: 12901 exec/s: 333 rss: 51Mb L: 1625/12901 MS: 2 ChangeBit-EraseBytes-
#334	NEW    cov: 1237 ft: 2799 corp: 134/109Kb lim: 12901 exec/s: 334 rss: 51Mb L: 1448/12901 MS: 1 ChangeASCIIInt-
#336	REDUCE cov: 1237 ft: 2799 corp: 134/108Kb lim: 12901 exec/s: 336 rss: 51Mb L: 84/12901 MS: 2 CopyPart-EraseBytes-
#340	NEW    cov: 1237 ft: 2801 corp: 135/109Kb lim: 12901 exec/s: 340 rss: 51Mb L: 734/12901 MS: 4 EraseBytes-ChangeBinInt-InsertByte-CopyPart-
#341	NEW    cov: 1237 ft: 2806 corp: 136/109Kb lim: 12901 exec/s: 341 rss: 51Mb L: 302/12901 MS: 1 PersAutoDict- DE: "P\211\000\000"-
#342	NEW    cov: 1237 ft: 2817 corp: 137/110Kb lim: 12901 exec/s: 342 rss: 51Mb L: 340/12901 MS: 1 ChangeBit-
#343	NEW    cov: 1237 ft: 2840 corp: 138/111Kb lim: 12901 exec/s: 343 rss: 51Mb L: 1448/12901 MS: 1 ChangeBinInt-
#349	NEW    cov: 1237 ft: 2872 corp: 139/113Kb lim: 12901 exec/s: 349 rss: 51Mb L: 2206/12901 MS: 1 ChangeByte-
#354	NEW    cov: 1239 ft: 2874 corp: 140/114Kb lim: 12901 exec/s: 354 rss: 51Mb L: 329/12901 MS: 5 ShuffleBytes-ChangeByte-ChangeASCIIInt-ShuffleBytes-ChangeBit-
#359	NEW    cov: 1239 ft: 2875 corp: 141/114Kb lim: 12901 exec/s: 359 rss: 51Mb L: 659/12901 MS: 5 PersAutoDict-CopyPart-InsertByte-EraseBytes-ChangeASCIIInt- DE: "P\211\000\000"-
#361	NEW    cov: 1239 ft: 2884 corp: 142/114Kb lim: 12901 exec/s: 361 rss: 51Mb L: 104/12901 MS: 2 ChangeByte-ShuffleBytes-
#372	NEW    cov: 1239 ft: 2892 corp: 143/115Kb lim: 12901 exec/s: 372 rss: 51Mb L: 255/12901 MS: 1 CopyPart-
#378	NEW    cov: 1239 ft: 2894 corp: 144/118Kb lim: 12901 exec/s: 378 rss: 51Mb L: 3435/12901 MS: 1 PersAutoDict- DE: "NRHc"-
#379	NEW    cov: 1239 ft: 3021 corp: 145/127Kb lim: 12901 exec/s: 379 rss: 51Mb L: 8832/12901 MS: 1 InsertByte-
#380	NEW    cov: 1239 ft: 3024 corp: 146/127Kb lim: 12901 exec/s: 380 rss: 51Mb L: 97/12901 MS: 1 PersAutoDict- DE: "NRHc"-
#391	NEW    cov: 1239 ft: 3026 corp: 147/127Kb lim: 12901 exec/s: 195 rss: 51Mb L: 745/12901 MS: 1 InsertByte-
#392	NEW    cov: 1239 ft: 3029 corp: 148/128Kb lim: 12901 exec/s: 196 rss: 51Mb L: 327/12901 MS: 1 ChangeByte-
#393	NEW    cov: 1242 ft: 3032 corp: 149/128Kb lim: 12901 exec/s: 196 rss: 51Mb L: 176/12901 MS: 1 PersAutoDict- DE: "P\211\000\000"-
#403	REDUCE cov: 1242 ft: 3035 corp: 150/128Kb lim: 12901 exec/s: 201 rss: 51Mb L: 342/12901 MS: 5 InsertRepeatedBytes-PersAutoDict-ChangeBit-CrossOver-ChangeBit- DE: "P\211\000\000"-
#424	NEW    cov: 1242 ft: 3039 corp: 151/131Kb lim: 12901 exec/s: 212 rss: 51Mb L: 2575/12901 MS: 1 CopyPart-
#425	NEW    cov: 1242 ft: 3040 corp: 152/131Kb lim: 12901 exec/s: 212 rss: 51Mb L: 156/12901 MS: 1 InsertRepeatedBytes-
#432	NEW    cov: 1242 ft: 3041 corp: 153/131Kb lim: 12901 exec/s: 216 rss: 51Mb L: 145/12901 MS: 2 ChangeBit-ChangeBinInt-
#433	NEW    cov: 1244 ft: 3045 corp: 154/131Kb lim: 12901 exec/s: 216 rss: 51Mb L: 314/12901 MS: 1 EraseBytes-
#445	NEW    cov: 1246 ft: 3047 corp: 155/132Kb lim: 12901 exec/s: 222 rss: 51Mb L: 146/12901 MS: 2 ShuffleBytes-ChangeBit-
#451	NEW    cov: 1246 ft: 3049 corp: 156/133Kb lim: 12901 exec/s: 225 rss: 51Mb L: 1743/12901 MS: 1 InsertRepeatedBytes-
#475	NEW    cov: 1249 ft: 3052 corp: 157/133Kb lim: 12901 exec/s: 237 rss: 51Mb L: 188/12901 MS: 4 InsertByte-ShuffleBytes-ChangeBit-EraseBytes-
#476	NEW    cov: 1249 ft: 3054 corp: 158/135Kb lim: 12901 exec/s: 238 rss: 51Mb L: 2020/12901 MS: 1 CrossOver-
#477	NEW    cov: 1249 ft: 3066 corp: 159/136Kb lim: 12901 exec/s: 238 rss: 51Mb L: 558/12901 MS: 1 ChangeByte-
#488	NEW    cov: 1249 ft: 3116 corp: 160/139Kb lim: 12901 exec/s: 244 rss: 51Mb L: 3219/12901 MS: 1 CopyPart-
#495	NEW    cov: 1249 ft: 3117 corp: 161/139Kb lim: 12901 exec/s: 247 rss: 51Mb L: 268/12901 MS: 2 ChangeBinInt-InsertByte-
#496	NEW    cov: 1249 ft: 3125 corp: 162/146Kb lim: 12901 exec/s: 248 rss: 51Mb L: 6772/12901 MS: 1 CopyPart-
#502	NEW    cov: 1249 ft: 3126 corp: 163/146Kb lim: 12901 exec/s: 251 rss: 51Mb L: 302/12901 MS: 1 CopyPart-
#503	NEW    cov: 1249 ft: 3127 corp: 164/148Kb lim: 12901 exec/s: 251 rss: 51Mb L: 2041/12901 MS: 1 ChangeBit-
#504	NEW    cov: 1249 ft: 3129 corp: 165/155Kb lim: 12901 exec/s: 252 rss: 51Mb L: 6772/12901 MS: 1 CrossOver-
#509	NEW    cov: 1250 ft: 3130 corp: 166/155Kb lim: 12901 exec/s: 254 rss: 51Mb L: 292/12901 MS: 5 CopyPart-InsertByte-CopyPart-InsertRepeatedBytes-ChangeByte-
#512	pulse  cov: 1250 ft: 3132 corp: 166/155Kb lim: 12901 exec/s: 256 rss: 51Mb
#512	NEW    cov: 1250 ft: 3132 corp: 167/162Kb lim: 12901 exec/s: 256 rss: 51Mb L: 6773/12901 MS: 3 ChangeByte-InsertByte-ChangeByte-
#513	NEW    cov: 1250 ft: 3135 corp: 168/167Kb lim: 12901 exec/s: 256 rss: 51Mb L: 5128/12901 MS: 1 EraseBytes-
#524	NEW    cov: 1250 ft: 3144 corp: 169/179Kb lim: 12901 exec/s: 262 rss: 51Mb L: 12901/12901 MS: 1 ChangeASCIIInt-
#525	REDUCE cov: 1250 ft: 3144 corp: 169/179Kb lim: 12901 exec/s: 262 rss: 51Mb L: 291/12901 MS: 1 EraseBytes-
#531	NEW    cov: 1250 ft: 3146 corp: 170/180Kb lim: 12901 exec/s: 265 rss: 51Mb L: 227/12901 MS: 1 InsertRepeatedBytes-
#542	NEW    cov: 1250 ft: 3148 corp: 171/181Kb lim: 12901 exec/s: 271 rss: 51Mb L: 1637/12901 MS: 1 PersAutoDict- DE: "NRHc"-
#555	NEW    cov: 1252 ft: 3150 corp: 172/181Kb lim: 12901 exec/s: 277 rss: 51Mb L: 311/12901 MS: 3 ChangeByte-CopyPart-CrossOver-
#558	NEW    cov: 1252 ft: 3154 corp: 173/184Kb lim: 12901 exec/s: 279 rss: 51Mb L: 2163/12901 MS: 3 PersAutoDict-PersAutoDict-CrossOver- DE: "NRHc"-"NRHc"-
#563	NEW    cov: 1252 ft: 3155 corp: 174/185Kb lim: 12901 exec/s: 281 rss: 51Mb L: 984/12901 MS: 5 CMP-ShuffleBytes-EraseBytes-ChangeBit-InsertRepeatedBytes- DE: "I\000"-
#569	NEW    cov: 1258 ft: 3167 corp: 175/185Kb lim: 12901 exec/s: 284 rss: 51Mb L: 251/12901 MS: 1 CMP- DE: "pCAL"-
#576	NEW    cov: 1259 ft: 3168 corp: 176/185Kb lim: 12901 exec/s: 288 rss: 51Mb L: 442/12901 MS: 2 EraseBytes-EraseBytes-
#577	NEW    cov: 1259 ft: 3170 corp: 177/192Kb lim: 12901 exec/s: 288 rss: 51Mb L: 6774/12901 MS: 1 PersAutoDict- DE: "I\000"-
#588	NEW    cov: 1259 ft: 3172 corp: 178/192Kb lim: 12901 exec/s: 294 rss: 51Mb L: 299/12901 MS: 1 ChangeBit-
#589	NEW    cov: 1259 ft: 3178 corp: 179/192Kb lim: 12901 exec/s: 294 rss: 51Mb L: 139/12901 MS: 1 InsertByte-
#595	NEW    cov: 1259 ft: 3187 corp: 180/192Kb lim: 12901 exec/s: 297 rss: 51Mb L: 176/12901 MS: 1 ChangeBit-
#601	NEW    cov: 1259 ft: 3190 corp: 181/194Kb lim: 12901 exec/s: 300 rss: 51Mb L: 1496/12901 MS: 1 CopyPart-
#609	NEW    cov: 1260 ft: 3194 corp: 182/194Kb lim: 12901 exec/s: 304 rss: 51Mb L: 486/12901 MS: 3 EraseBytes-InsertRepeatedBytes-CrossOver-
#611	NEW    cov: 1260 ft: 3195 corp: 183/195Kb lim: 12901 exec/s: 305 rss: 51Mb L: 275/12901 MS: 2 ShuffleBytes-ShuffleBytes-
#612	NEW    cov: 1261 ft: 3196 corp: 184/195Kb lim: 12901 exec/s: 306 rss: 51Mb L: 265/12901 MS: 1 ChangeBit-
#618	NEW    cov: 1261 ft: 3199 corp: 185/195Kb lim: 12901 exec/s: 309 rss: 51Mb L: 275/12901 MS: 1 PersAutoDict- DE: "I\000"-
#620	NEW    cov: 1262 ft: 3209 corp: 186/195Kb lim: 12901 exec/s: 310 rss: 51Mb L: 265/12901 MS: 2 ChangeASCIIInt-PersAutoDict- DE: "NRHc"-
#631	REDUCE cov: 1262 ft: 3209 corp: 186/195Kb lim: 12901 exec/s: 315 rss: 51Mb L: 81/12901 MS: 1 EraseBytes-
#639	NEW    cov: 1262 ft: 3212 corp: 187/196Kb lim: 12901 exec/s: 319 rss: 51Mb L: 420/12901 MS: 3 CopyPart-InsertRepeatedBytes-PersAutoDict- DE: "pCAL"-
#640	NEW    cov: 1265 ft: 3218 corp: 188/196Kb lim: 12901 exec/s: 320 rss: 51Mb L: 184/12901 MS: 1 ChangeBinInt-
#646	NEW    cov: 1265 ft: 3220 corp: 189/198Kb lim: 12901 exec/s: 323 rss: 51Mb L: 1625/12901 MS: 1 ChangeByte-
#648	NEW    cov: 1265 ft: 3222 corp: 190/206Kb lim: 12901 exec/s: 324 rss: 51Mb L: 8865/12901 MS: 2 InsertRepeatedBytes-PersAutoDict- DE: "P\211\000\000"-
#649	NEW    cov: 1265 ft: 3223 corp: 191/208Kb lim: 12901 exec/s: 324 rss: 51Mb L: 2069/12901 MS: 1 ChangeBit-
#655	NEW    cov: 1265 ft: 3224 corp: 192/209Kb lim: 12901 exec/s: 327 rss: 51Mb L: 313/12901 MS: 1 ChangeBinInt-
#656	NEW    cov: 1265 ft: 3226 corp: 193/221Kb lim: 12901 exec/s: 328 rss: 51Mb L: 12901/12901 MS: 1 ChangeBinInt-
#657	NEW    cov: 1265 ft: 3228 corp: 194/224Kb lim: 12901 exec/s: 328 rss: 51Mb L: 3435/12901 MS: 1 ChangeBit-
#672	NEW    cov: 1265 ft: 3229 corp: 195/227Kb lim: 12901 exec/s: 336 rss: 51Mb L: 2718/12901 MS: 5 ChangeASCIIInt-ChangeByte-ChangeBit-ChangeBit-CrossOver-
#688	NEW    cov: 1265 ft: 3230 corp: 196/229Kb lim: 12901 exec/s: 344 rss: 51Mb L: 2150/12901 MS: 1 CopyPart-
#714	NEW    cov: 1265 ft: 3232 corp: 197/230Kb lim: 12901 exec/s: 357 rss: 51Mb L: 777/12901 MS: 1 PersAutoDict- DE: "NRHc"-
#715	REDUCE cov: 1265 ft: 3232 corp: 197/230Kb lim: 12901 exec/s: 357 rss: 51Mb L: 98/12901 MS: 1 EraseBytes-
#772	NEW    cov: 1266 ft: 3235 corp: 198/230Kb lim: 12901 exec/s: 386 rss: 52Mb L: 328/12901 MS: 2 ChangeASCIIInt-ChangeBinInt-
#786	NEW    cov: 1266 ft: 3244 corp: 199/231Kb lim: 12901 exec/s: 393 rss: 52Mb L: 325/12901 MS: 4 ChangeASCIIInt-ChangeByte-ChangeASCIIInt-ChangeBinInt-
#792	REDUCE cov: 1266 ft: 3244 corp: 199/231Kb lim: 12901 exec/s: 396 rss: 52Mb L: 262/12901 MS: 1 EraseBytes-
#796	NEW    cov: 1266 ft: 3245 corp: 200/242Kb lim: 12901 exec/s: 398 rss: 52Mb L: 11424/12901 MS: 4 ShuffleBytes-ChangeASCIIInt-CopyPart-CopyPart-
#809	REDUCE cov: 1266 ft: 3245 corp: 200/242Kb lim: 12901 exec/s: 404 rss: 52Mb L: 247/12901 MS: 3 ChangeASCIIInt-InsertByte-EraseBytes-
#817	NEW    cov: 1266 ft: 3246 corp: 201/244Kb lim: 12901 exec/s: 408 rss: 52Mb L: 2216/12901 MS: 3 InsertRepeatedBytes-InsertByte-CrossOver-
#839	REDUCE cov: 1267 ft: 3247 corp: 202/244Kb lim: 12901 exec/s: 419 rss: 52Mb L: 398/12901 MS: 2 ChangeASCIIInt-InsertRepeatedBytes-
#855	NEW    cov: 1267 ft: 3249 corp: 203/244Kb lim: 12901 exec/s: 427 rss: 52Mb L: 138/12901 MS: 1 ChangeBinInt-
#866	NEW    cov: 1267 ft: 3250 corp: 204/245Kb lim: 12901 exec/s: 433 rss: 52Mb L: 303/12901 MS: 1 InsertByte-
#867	REDUCE cov: 1267 ft: 3250 corp: 204/244Kb lim: 12901 exec/s: 433 rss: 52Mb L: 635/12901 MS: 1 EraseBytes-
#879	NEW    cov: 1268 ft: 3251 corp: 205/245Kb lim: 12901 exec/s: 439 rss: 52Mb L: 112/12901 MS: 2 CrossOver-ShuffleBytes-
#885	NEW    cov: 1272 ft: 3259 corp: 206/245Kb lim: 12901 exec/s: 442 rss: 52Mb L: 569/12901 MS: 1 CopyPart-
#891	NEW    cov: 1272 ft: 3262 corp: 207/246Kb lim: 12901 exec/s: 445 rss: 53Mb L: 777/12901 MS: 1 ChangeByte-
#922	REDUCE cov: 1272 ft: 3262 corp: 207/245Kb lim: 12901 exec/s: 461 rss: 53Mb L: 1180/12901 MS: 1 EraseBytes-
#923	NEW    cov: 1272 ft: 3264 corp: 208/245Kb lim: 12901 exec/s: 461 rss: 53Mb L: 139/12901 MS: 1 ChangeBinInt-
#925	NEW    cov: 1272 ft: 3265 corp: 209/247Kb lim: 12901 exec/s: 462 rss: 53Mb L: 2077/12901 MS: 2 CrossOver-CMP- DE: "\020\000\000\000\000\000\000\000"-
#950	REDUCE cov: 1272 ft: 3265 corp: 209/247Kb lim: 12901 exec/s: 475 rss: 53Mb L: 63/12901 MS: 5 InsertByte-ShuffleBytes-ChangeByte-ChangeBinInt-EraseBytes-
#957	NEW    cov: 1272 ft: 3286 corp: 210/248Kb lim: 12901 exec/s: 478 rss: 53Mb L: 562/12901 MS: 2 CMP-ShuffleBytes- DE: "sBIT"-
#958	NEW    cov: 1272 ft: 3288 corp: 211/248Kb lim: 12901 exec/s: 479 rss: 53Mb L: 168/12901 MS: 1 CMP- DE: "\000\000\000\001"-
#960	NEW    cov: 1272 ft: 3289 corp: 212/248Kb lim: 12901 exec/s: 480 rss: 53Mb L: 117/12901 MS: 2 InsertByte-ChangeBinInt-
#971	NEW    cov: 1276 ft: 3294 corp: 213/250Kb lim: 12901 exec/s: 485 rss: 53Mb L: 2041/12901 MS: 1 ChangeBit-
#1007	NEW    cov: 1276 ft: 3297 corp: 214/252Kb lim: 12901 exec/s: 503 rss: 53Mb L: 1654/12901 MS: 1 InsertRepeatedBytes-
#1013	NEW    cov: 1276 ft: 3300 corp: 215/255Kb lim: 12901 exec/s: 506 rss: 53Mb L: 3435/12901 MS: 1 PersAutoDict- DE: "sBIT"-
#1020	NEW    cov: 1276 ft: 3301 corp: 216/256Kb lim: 12901 exec/s: 510 rss: 53Mb L: 313/12901 MS: 2 ChangeASCIIInt-ChangeByte-
#1024	pulse  cov: 1276 ft: 3301 corp: 216/256Kb lim: 12901 exec/s: 512 rss: 53Mb
#1043	NEW    cov: 1276 ft: 3303 corp: 217/259Kb lim: 12901 exec/s: 521 rss: 53Mb L: 3468/12901 MS: 3 ShuffleBytes-CrossOver-CMP- DE: "\211PNG\211PNG"-
#1059	NEW    cov: 1276 ft: 3309 corp: 218/259Kb lim: 12901 exec/s: 529 rss: 53Mb L: 302/12901 MS: 1 ChangeBit-
#1060	REDUCE cov: 1276 ft: 3309 corp: 218/259Kb lim: 12901 exec/s: 530 rss: 53Mb L: 454/12901 MS: 1 EraseBytes-
#1062	REDUCE cov: 1276 ft: 3309 corp: 218/259Kb lim: 12901 exec/s: 531 rss: 53Mb L: 197/12901 MS: 2 InsertByte-EraseBytes-
#1068	NEW    cov: 1278 ft: 3311 corp: 219/259Kb lim: 12901 exec/s: 534 rss: 53Mb L: 145/12901 MS: 1 ChangeBit-
#1074	NEW    cov: 1278 ft: 3316 corp: 220/259Kb lim: 12901 exec/s: 537 rss: 53Mb L: 201/12901 MS: 1 CrossOver-
#1075	NEW    cov: 1279 ft: 3317 corp: 221/259Kb lim: 12901 exec/s: 537 rss: 53Mb L: 142/12901 MS: 1 ChangeByte-
#1086	NEW    cov: 1279 ft: 3318 corp: 222/261Kb lim: 12901 exec/s: 543 rss: 53Mb L: 1448/12901 MS: 1 PersAutoDict- DE: "I\000"-
#1129	NEW    cov: 1282 ft: 3321 corp: 223/262Kb lim: 12901 exec/s: 564 rss: 53Mb L: 753/12901 MS: 3 CMP-CMP-InsertByte- DE: "bKGD"-"\000\000\000\374"-
#1146	REDUCE cov: 1282 ft: 3321 corp: 223/262Kb lim: 12901 exec/s: 573 rss: 53Mb L: 53/12901 MS: 2 CMP-EraseBytes- DE: "\000\000\000\000\000\000\000\010"-
#1157	NEW    cov: 1282 ft: 3332 corp: 224/262Kb lim: 12901 exec/s: 578 rss: 53Mb L: 274/12901 MS: 1 ShuffleBytes-
#1159	NEW    cov: 1282 ft: 3333 corp: 225/267Kb lim: 12901 exec/s: 579 rss: 53Mb L: 5135/12901 MS: 2 CrossOver-CrossOver-
#1187	REDUCE cov: 1282 ft: 3333 corp: 225/267Kb lim: 12901 exec/s: 593 rss: 53Mb L: 6546/12901 MS: 3 ChangeBinInt-ShuffleBytes-EraseBytes-
#1190	NEW    cov: 1282 ft: 3344 corp: 226/273Kb lim: 12901 exec/s: 595 rss: 53Mb L: 6775/12901 MS: 3 ChangeBinInt-InsertByte-CopyPart-
#1203	NEW    cov: 1282 ft: 3346 corp: 227/280Kb lim: 12901 exec/s: 601 rss: 54Mb L: 6772/12901 MS: 3 ShuffleBytes-ShuffleBytes-ChangeByte-
#1216	NEW    cov: 1282 ft: 3348 corp: 228/281Kb lim: 12901 exec/s: 608 rss: 54Mb L: 1692/12901 MS: 3 CMP-InsertRepeatedBytes-CMP- DE: "\377\377\377\013"-"\011\000\000\000"-
#1225	NEW    cov: 1283 ft: 3349 corp: 229/282Kb lim: 12901 exec/s: 612 rss: 54Mb L: 148/12901 MS: 4 EraseBytes-ChangeBinInt-ChangeBinInt-EraseBytes-
#1241	NEW    cov: 1283 ft: 3350 corp: 230/284Kb lim: 12901 exec/s: 620 rss: 54Mb L: 2624/12901 MS: 1 ChangeByte-
#1247	NEW    cov: 1283 ft: 3351 corp: 231/285Kb lim: 12901 exec/s: 623 rss: 54Mb L: 910/12901 MS: 1 CopyPart-
#1256	REDUCE cov: 1283 ft: 3351 corp: 231/285Kb lim: 12901 exec/s: 628 rss: 54Mb L: 257/12901 MS: 4 ChangeASCIIInt-InsertByte-PersAutoDict-EraseBytes- DE: "NRHc"-
#1281	REDUCE cov: 1283 ft: 3351 corp: 231/283Kb lim: 12901 exec/s: 640 rss: 54Mb L: 4283/12901 MS: 5 CMP-CopyPart-PersAutoDict-ChangeByte-EraseBytes- DE: "iTXt"-"pCAL"-
#1307	NEW    cov: 1283 ft: 3352 corp: 232/289Kb lim: 12901 exec/s: 653 rss: 54Mb L: 6325/12901 MS: 1 EraseBytes-
#1324	NEW    cov: 1284 ft: 3353 corp: 233/289Kb lim: 12901 exec/s: 662 rss: 54Mb L: 275/12901 MS: 2 CMP-ChangeBinInt- DE: "\303\000\000\000\000\000\000\000"-
#1371	NEW    cov: 1285 ft: 3354 corp: 234/291Kb lim: 12901 exec/s: 685 rss: 54Mb L: 2439/12901 MS: 2 InsertRepeatedBytes-ChangeBit-
#1443	NEW    cov: 1285 ft: 3360 corp: 235/293Kb lim: 12901 exec/s: 721 rss: 54Mb L: 2020/12901 MS: 2 ChangeASCIIInt-CrossOver-
#1454	NEW    cov: 1285 ft: 3361 corp: 236/294Kb lim: 12901 exec/s: 727 rss: 54Mb L: 217/12901 MS: 1 InsertByte-
#1510	NEW    cov: 1285 ft: 3362 corp: 237/296Kb lim: 12901 exec/s: 755 rss: 54Mb L: 2624/12901 MS: 1 ChangeASCIIInt-
#1523	NEW    cov: 1285 ft: 3367 corp: 238/309Kb lim: 12901 exec/s: 761 rss: 54Mb L: 12901/12901 MS: 3 PersAutoDict-ChangeByte-CrossOver- DE: "NRHc"-
#1530	REDUCE cov: 1285 ft: 3367 corp: 238/309Kb lim: 12901 exec/s: 765 rss: 54Mb L: 274/12901 MS: 2 ChangeASCIIInt-EraseBytes-
#1531	NEW    cov: 1286 ft: 3368 corp: 239/309Kb lim: 12901 exec/s: 765 rss: 54Mb L: 265/12901 MS: 1 ChangeBinInt-
#1638	NEW    cov: 1286 ft: 3369 corp: 240/309Kb lim: 12901 exec/s: 819 rss: 54Mb L: 435/12901 MS: 2 ChangeASCIIInt-InsertRepeatedBytes-
#1691	NEW    cov: 1286 ft: 3371 corp: 241/316Kb lim: 12901 exec/s: 845 rss: 54Mb L: 6776/12901 MS: 3 PersAutoDict-ChangeBinInt-ShuffleBytes- DE: "iTXt"-
#1732	NEW    cov: 1286 ft: 3373 corp: 242/317Kb lim: 12901 exec/s: 866 rss: 54Mb L: 558/12901 MS: 1 PersAutoDict- DE: "pCAL"-
#1739	NEW    cov: 1287 ft: 3374 corp: 243/317Kb lim: 12901 exec/s: 869 rss: 54Mb L: 313/12901 MS: 2 InsertByte-InsertByte-
#1744	NEW    cov: 1288 ft: 3376 corp: 244/317Kb lim: 12901 exec/s: 872 rss: 54Mb L: 409/12901 MS: 5 CrossOver-CMP-EraseBytes-InsertRepeatedBytes-InsertRepeatedBytes- DE: "bKGD"-
#1765	NEW    cov: 1288 ft: 3378 corp: 245/318Kb lim: 12901 exec/s: 882 rss: 54Mb L: 641/12901 MS: 1 CrossOver-
#1781	NEW    cov: 1288 ft: 3382 corp: 246/318Kb lim: 12901 exec/s: 890 rss: 54Mb L: 237/12901 MS: 1 ChangeByte-
#1787	REDUCE cov: 1288 ft: 3385 corp: 247/330Kb lim: 12901 exec/s: 893 rss: 54Mb L: 11605/12901 MS: 1 CrossOver-
#1831	NEW    cov: 1288 ft: 3392 corp: 248/330Kb lim: 12901 exec/s: 915 rss: 54Mb L: 628/12901 MS: 4 ChangeBit-CopyPart-ChangeBinInt-PersAutoDict- DE: "bKGD"-
#1835	NEW    cov: 1288 ft: 3393 corp: 249/334Kb lim: 12901 exec/s: 917 rss: 54Mb L: 4222/12901 MS: 4 EraseBytes-ChangeByte-ChangeBit-CrossOver-
#1852	NEW    cov: 1288 ft: 3394 corp: 250/335Kb lim: 12901 exec/s: 926 rss: 54Mb L: 400/12901 MS: 2 ShuffleBytes-InsertRepeatedBytes-
#1853	NEW    cov: 1290 ft: 3396 corp: 251/335Kb lim: 12901 exec/s: 926 rss: 54Mb L: 267/12901 MS: 1 PersAutoDict- DE: "sBIT"-
#1857	NEW    cov: 1290 ft: 3397 corp: 252/335Kb lim: 12901 exec/s: 928 rss: 54Mb L: 570/12901 MS: 4 ChangeBinInt-PersAutoDict-ChangeASCIIInt-CMP- DE: "bKGD"-"\016\000\000\000\000\000\000\000"-
#1869	NEW    cov: 1290 ft: 3399 corp: 253/348Kb lim: 12901 exec/s: 934 rss: 54Mb L: 12901/12901 MS: 2 ChangeByte-PersAutoDict- DE: "\016\000\000\000\000\000\000\000"-
#1883	NEW    cov: 1290 ft: 3400 corp: 254/350Kb lim: 12901 exec/s: 941 rss: 54Mb L: 1752/12901 MS: 4 PersAutoDict-ChangeBinInt-ChangeASCIIInt-InsertByte- DE: "\211PNG\211PNG"-
#1900	NEW    cov: 1290 ft: 3416 corp: 255/350Kb lim: 12901 exec/s: 950 rss: 54Mb L: 199/12901 MS: 2 InsertByte-CopyPart-
#1906	NEW    cov: 1290 ft: 3418 corp: 256/351Kb lim: 12901 exec/s: 953 rss: 54Mb L: 778/12901 MS: 1 InsertByte-
#1910	NEW    cov: 1290 ft: 3422 corp: 257/351Kb lim: 12901 exec/s: 955 rss: 54Mb L: 463/12901 MS: 4 InsertRepeatedBytes-CopyPart-ChangeBit-CrossOver-
#1913	NEW    cov: 1290 ft: 3425 corp: 258/355Kb lim: 12901 exec/s: 956 rss: 54Mb L: 4164/12901 MS: 3 ChangeBinInt-ChangeByte-ChangeASCIIInt-
#1914	NEW    cov: 1290 ft: 3427 corp: 259/359Kb lim: 12901 exec/s: 957 rss: 54Mb L: 4202/12901 MS: 1 CopyPart-
#1930	NEW    cov: 1290 ft: 3428 corp: 260/361Kb lim: 12901 exec/s: 965 rss: 54Mb L: 2020/12901 MS: 1 PersAutoDict- DE: "bKGD"-
#1986	NEW    cov: 1290 ft: 3429 corp: 261/363Kb lim: 12901 exec/s: 993 rss: 54Mb L: 2041/12901 MS: 1 ChangeByte-
#1992	NEW    cov: 1290 ft: 3432 corp: 262/364Kb lim: 12901 exec/s: 996 rss: 54Mb L: 201/12901 MS: 1 ChangeASCIIInt-
#2014	REDUCE cov: 1290 ft: 3432 corp: 262/363Kb lim: 12901 exec/s: 1007 rss: 54Mb L: 392/12901 MS: 2 ChangeASCIIInt-EraseBytes-
#2025	NEW    cov: 1290 ft: 3436 corp: 263/364Kb lim: 12901 exec/s: 1012 rss: 54Mb L: 591/12901 MS: 1 ChangeBinInt-
#2026	NEW    cov: 1290 ft: 3437 corp: 264/366Kb lim: 12901 exec/s: 1013 rss: 54Mb L: 1634/12901 MS: 1 InsertByte-
#2048	pulse  cov: 1290 ft: 3437 corp: 264/366Kb lim: 12901 exec/s: 1024 rss: 54Mb
#2063	NEW    cov: 1290 ft: 3438 corp: 265/368Kb lim: 12901 exec/s: 1031 rss: 54Mb L: 2575/12901 MS: 2 ChangeByte-CopyPart-
#2080	NEW    cov: 1291 ft: 3439 corp: 266/368Kb lim: 12901 exec/s: 1040 rss: 54Mb L: 329/12901 MS: 2 ChangeBit-ChangeBinInt-
#2082	NEW    cov: 1291 ft: 3446 corp: 267/369Kb lim: 12901 exec/s: 1041 rss: 54Mb L: 342/12901 MS: 2 CopyPart-ChangeBit-
#2083	NEW    cov: 1291 ft: 3449 corp: 268/369Kb lim: 12901 exec/s: 1041 rss: 54Mb L: 313/12901 MS: 1 PersAutoDict- DE: "\011\000\000\000"-
#2145	NEW    cov: 1291 ft: 3463 corp: 269/370Kb lim: 12901 exec/s: 1072 rss: 54Mb L: 656/12901 MS: 2 CrossOver-ShuffleBytes-
#2156	NEW    cov: 1291 ft: 3464 corp: 270/370Kb lim: 12901 exec/s: 1078 rss: 54Mb L: 263/12901 MS: 1 InsertRepeatedBytes-
#2167	NEW    cov: 1291 ft: 3465 corp: 271/371Kb lim: 12901 exec/s: 1083 rss: 54Mb L: 777/12901 MS: 1 ChangeBinInt-
#2184	NEW    cov: 1291 ft: 3466 corp: 272/380Kb lim: 12901 exec/s: 1092 rss: 54Mb L: 9649/12901 MS: 2 EraseBytes-CopyPart-
#2195	REDUCE cov: 1291 ft: 3466 corp: 272/380Kb lim: 12901 exec/s: 1097 rss: 54Mb L: 2661/12901 MS: 1 EraseBytes-
#2231	NEW    cov: 1291 ft: 3473 corp: 273/380Kb lim: 12901 exec/s: 1115 rss: 54Mb L: 847/12901 MS: 1 ShuffleBytes-
#2257	NEW    cov: 1291 ft: 3474 corp: 274/381Kb lim: 12901 exec/s: 1128 rss: 54Mb L: 499/12901 MS: 1 ChangeBit-
#2268	NEW    cov: 1291 ft: 3475 corp: 275/381Kb lim: 12901 exec/s: 1134 rss: 54Mb L: 138/12901 MS: 1 ChangeBinInt-
#2296	NEW    cov: 1291 ft: 3478 corp: 276/382Kb lim: 12901 exec/s: 1148 rss: 54Mb L: 777/12901 MS: 3 ChangeBit-ChangeBit-ShuffleBytes-
#2342	NEW    cov: 1291 ft: 3483 corp: 277/386Kb lim: 12901 exec/s: 1171 rss: 54Mb L: 4230/12901 MS: 1 InsertRepeatedBytes-
#2430	NEW    cov: 1291 ft: 3486 corp: 278/395Kb lim: 12901 exec/s: 1215 rss: 54Mb L: 9623/12901 MS: 3 ShuffleBytes-EraseBytes-CopyPart-
#2450	REDUCE cov: 1291 ft: 3486 corp: 278/395Kb lim: 12901 exec/s: 1225 rss: 54Mb L: 307/12901 MS: 5 InsertRepeatedBytes-InsertByte-ChangeBit-CrossOver-EraseBytes-
#2467	NEW    cov: 1291 ft: 3487 corp: 279/396Kb lim: 12901 exec/s: 1233 rss: 55Mb L: 345/12901 MS: 2 InsertByte-CrossOver-
#2473	NEW    cov: 1291 ft: 3488 corp: 280/396Kb lim: 12901 exec/s: 1236 rss: 55Mb L: 168/12901 MS: 1 ChangeBinInt-
#2474	NEW    cov: 1291 ft: 3489 corp: 281/396Kb lim: 12901 exec/s: 1237 rss: 55Mb L: 366/12901 MS: 1 CrossOver-
#2576	NEW    cov: 1291 ft: 3490 corp: 282/396Kb lim: 12901 exec/s: 1288 rss: 55Mb L: 201/12901 MS: 2 ChangeBit-CMP- DE: "pHYs"-
#2608	NEW    cov: 1291 ft: 3491 corp: 283/397Kb lim: 12901 exec/s: 1304 rss: 55Mb L: 603/12901 MS: 2 ChangeByte-CrossOver-
#2639	NEW    cov: 1291 ft: 3493 corp: 284/397Kb lim: 12901 exec/s: 1319 rss: 55Mb L: 371/12901 MS: 1 CopyPart-
#2645	REDUCE cov: 1291 ft: 3493 corp: 284/396Kb lim: 12901 exec/s: 1322 rss: 55Mb L: 5320/12901 MS: 1 EraseBytes-
#2646	NEW    cov: 1291 ft: 3498 corp: 285/397Kb lim: 12901 exec/s: 1323 rss: 55Mb L: 1452/12901 MS: 1 CMP- DE: "gAMA"-
#2652	NEW    cov: 1291 ft: 3499 corp: 286/405Kb lim: 12901 exec/s: 1326 rss: 55Mb L: 7483/12901 MS: 1 CrossOver-
#2655	NEW    cov: 1291 ft: 3500 corp: 287/405Kb lim: 12901 exec/s: 1327 rss: 55Mb L: 392/12901 MS: 3 CrossOver-InsertRepeatedBytes-CopyPart-
#2676	NEW    cov: 1291 ft: 3501 corp: 288/406Kb lim: 12901 exec/s: 1338 rss: 55Mb L: 499/12901 MS: 1 CrossOver-
#2692	NEW    cov: 1291 ft: 3502 corp: 289/406Kb lim: 12901 exec/s: 1346 rss: 55Mb L: 777/12901 MS: 1 ChangeBinInt-
#2698	NEW    cov: 1291 ft: 3503 corp: 290/415Kb lim: 12901 exec/s: 1349 rss: 55Mb L: 8831/12901 MS: 1 PersAutoDict- DE: "\020\000\000\000\000\000\000\000"-
#2715	REDUCE cov: 1291 ft: 3503 corp: 290/415Kb lim: 12901 exec/s: 1357 rss: 55Mb L: 57/12901 MS: 2 CMP-EraseBytes- DE: "\000\000\000\000\000\000\000\303"-
#2732	NEW    cov: 1291 ft: 3505 corp: 291/418Kb lim: 12901 exec/s: 1366 rss: 55Mb L: 2698/12901 MS: 2 ChangeBit-InsertRepeatedBytes-
#2733	REDUCE cov: 1291 ft: 3505 corp: 291/417Kb lim: 12901 exec/s: 1366 rss: 55Mb L: 1897/12901 MS: 1 CrossOver-
#2755	NEW    cov: 1292 ft: 3506 corp: 292/417Kb lim: 12901 exec/s: 1377 rss: 55Mb L: 170/12901 MS: 2 ChangeASCIIInt-EraseBytes-
#2757	NEW    cov: 1292 ft: 3508 corp: 293/418Kb lim: 12901 exec/s: 1378 rss: 55Mb L: 328/12901 MS: 2 ChangeBinInt-CopyPart-
#2771	NEW    cov: 1292 ft: 3509 corp: 294/427Kb lim: 12901 exec/s: 1385 rss: 55Mb L: 9395/12901 MS: 4 PersAutoDict-CopyPart-ChangeBit-CopyPart- DE: "\377\377\377\013"-
#2837	NEW    cov: 1292 ft: 3518 corp: 295/427Kb lim: 12901 exec/s: 1418 rss: 55Mb L: 192/12901 MS: 1 EraseBytes-
#2855	NEW    cov: 1293 ft: 3519 corp: 296/428Kb lim: 12901 exec/s: 1427 rss: 55Mb L: 424/12901 MS: 3 CrossOver-EraseBytes-CMP- DE: "pCAL"-
#2861	NEW    cov: 1294 ft: 3520 corp: 297/428Kb lim: 12901 exec/s: 1430 rss: 55Mb L: 313/12901 MS: 1 ChangeBit-
#2877	NEW    cov: 1294 ft: 3523 corp: 298/428Kb lim: 12901 exec/s: 1438 rss: 55Mb L: 334/12901 MS: 1 CrossOver-
#2889	NEW    cov: 1294 ft: 3524 corp: 299/432Kb lim: 12901 exec/s: 1444 rss: 55Mb L: 3435/12901 MS: 2 ChangeBit-ChangeASCIIInt-
#2963	REDUCE cov: 1294 ft: 3524 corp: 299/431Kb lim: 12901 exec/s: 1481 rss: 55Mb L: 2029/12901 MS: 4 InsertByte-ShuffleBytes-InsertByte-EraseBytes-
#2984	NEW    cov: 1294 ft: 3525 corp: 300/432Kb lim: 12901 exec/s: 1492 rss: 55Mb L: 777/12901 MS: 1 ChangeBit-
#3000	NEW    cov: 1295 ft: 3526 corp: 301/432Kb lim: 12901 exec/s: 1500 rss: 55Mb L: 275/12901 MS: 1 ShuffleBytes-
#3018	REDUCE cov: 1295 ft: 3526 corp: 301/432Kb lim: 12901 exec/s: 1509 rss: 55Mb L: 129/12901 MS: 3 ChangeByte-ShuffleBytes-EraseBytes-
#3024	NEW    cov: 1295 ft: 3527 corp: 302/436Kb lim: 12901 exec/s: 1512 rss: 55Mb L: 3435/12901 MS: 1 ChangeBit-
#3045	NEW    cov: 1295 ft: 3529 corp: 303/436Kb lim: 12901 exec/s: 1522 rss: 55Mb L: 269/12901 MS: 1 CMP- DE: ";\000"-
#3046	REDUCE cov: 1295 ft: 3529 corp: 303/436Kb lim: 12901 exec/s: 1523 rss: 55Mb L: 132/12901 MS: 1 EraseBytes-
#3055	NEW    cov: 1295 ft: 3530 corp: 304/439Kb lim: 12901 exec/s: 1527 rss: 55Mb L: 3436/12901 MS: 4 ChangeBit-PersAutoDict-ChangeByte-InsertByte- DE: "iTXt"-
#3077	NEW    cov: 1295 ft: 3532 corp: 305/440Kb lim: 12901 exec/s: 1538 rss: 55Mb L: 329/12901 MS: 2 ChangeASCIIInt-CMP- DE: "bKGD"-
#3094	NEW    cov: 1295 ft: 3533 corp: 306/444Kb lim: 12901 exec/s: 1547 rss: 55Mb L: 4475/12901 MS: 2 CrossOver-ChangeBinInt-
#3105	NEW    cov: 1295 ft: 3534 corp: 307/446Kb lim: 12901 exec/s: 1552 rss: 55Mb L: 2624/12901 MS: 1 ChangeBinInt-
#3115	REDUCE cov: 1296 ft: 3535 corp: 308/447Kb lim: 12901 exec/s: 1557 rss: 55Mb L: 274/12901 MS: 5 ChangeBinInt-CMP-ChangeBinInt-CopyPart-CrossOver- DE: "zTXt"-
#3133	NEW    cov: 1296 ft: 3538 corp: 309/447Kb lim: 12901 exec/s: 1566 rss: 55Mb L: 393/12901 MS: 3 InsertByte-ChangeByte-CrossOver-
#3183	NEW    cov: 1296 ft: 3541 corp: 310/449Kb lim: 12901 exec/s: 1591 rss: 55Mb L: 2190/12901 MS: 5 InsertRepeatedBytes-ChangeByte-ChangeByte-InsertRepeatedBytes-PersAutoDict- DE: "sBIT"-
#3210	NEW    cov: 1296 ft: 3544 corp: 311/450Kb lim: 12901 exec/s: 1605 rss: 55Mb L: 499/12901 MS: 2 ChangeByte-CopyPart-
#3213	NEW    cov: 1296 ft: 3547 corp: 312/455Kb lim: 12901 exec/s: 1606 rss: 55Mb L: 5181/12901 MS: 3 ChangeBinInt-CopyPart-ShuffleBytes-
#3229	NEW    cov: 1296 ft: 3550 corp: 313/456Kb lim: 12901 exec/s: 1614 rss: 55Mb L: 1150/12901 MS: 1 CopyPart-
#3242	NEW    cov: 1298 ft: 3558 corp: 314/456Kb lim: 12901 exec/s: 1621 rss: 55Mb L: 461/12901 MS: 3 ChangeByte-ChangeBinInt-CopyPart-
#3274	NEW    cov: 1298 ft: 3559 corp: 315/458Kb lim: 12901 exec/s: 1637 rss: 55Mb L: 1634/12901 MS: 2 InsertByte-ShuffleBytes-
#3275	NEW    cov: 1298 ft: 3560 corp: 316/460Kb lim: 12901 exec/s: 1637 rss: 55Mb L: 2123/12901 MS: 1 InsertRepeatedBytes-
#3286	REDUCE cov: 1298 ft: 3560 corp: 316/460Kb lim: 12901 exec/s: 1643 rss: 55Mb L: 198/12901 MS: 1 EraseBytes-
#3294	NEW    cov: 1298 ft: 3563 corp: 317/461Kb lim: 12901 exec/s: 1647 rss: 55Mb L: 779/12901 MS: 3 ChangeBinInt-ChangeByte-CMP- DE: "\000Z"-
#3295	NEW    cov: 1298 ft: 3566 corp: 318/462Kb lim: 12901 exec/s: 1647 rss: 55Mb L: 780/12901 MS: 1 CMP- DE: "\001\014"-
#3298	NEW    cov: 1299 ft: 3567 corp: 319/463Kb lim: 12901 exec/s: 1649 rss: 55Mb L: 1738/12901 MS: 3 ChangeBinInt-EraseBytes-CMP- DE: "iCCP"-
#3320	NEW    cov: 1299 ft: 3568 corp: 320/465Kb lim: 12901 exec/s: 1660 rss: 56Mb L: 2040/12901 MS: 2 ChangeASCIIInt-InsertRepeatedBytes-
#3326	NEW    cov: 1299 ft: 3570 corp: 321/466Kb lim: 12901 exec/s: 1663 rss: 56Mb L: 367/12901 MS: 1 ChangeBit-
#3342	NEW    cov: 1299 ft: 3571 corp: 322/474Kb lim: 12901 exec/s: 1671 rss: 56Mb L: 8578/12901 MS: 1 EraseBytes-
#3373	REDUCE cov: 1299 ft: 3571 corp: 322/474Kb lim: 12901 exec/s: 1686 rss: 56Mb L: 116/12901 MS: 1 EraseBytes-
#3390	NEW    cov: 1299 ft: 3577 corp: 323/474Kb lim: 12901 exec/s: 1695 rss: 56Mb L: 290/12901 MS: 2 ChangeASCIIInt-ChangeBinInt-
#3436	NEW    cov: 1299 ft: 3579 corp: 324/474Kb lim: 12901 exec/s: 1718 rss: 56Mb L: 184/12901 MS: 1 ChangeByte-
#3447	NEW    cov: 1299 ft: 3584 corp: 325/475Kb lim: 12901 exec/s: 1723 rss: 56Mb L: 851/12901 MS: 1 PersAutoDict- DE: "gAMA"-
#3448	NEW    cov: 1299 ft: 3585 corp: 326/478Kb lim: 12901 exec/s: 1724 rss: 56Mb L: 2673/12901 MS: 1 CopyPart-
#3510	NEW    cov: 1299 ft: 3587 corp: 327/478Kb lim: 12901 exec/s: 1755 rss: 56Mb L: 230/12901 MS: 2 ChangeASCIIInt-CopyPart-
#3532	NEW    cov: 1299 ft: 3588 corp: 328/480Kb lim: 12901 exec/s: 1766 rss: 56Mb L: 2022/12901 MS: 2 InsertByte-InsertByte-
#3553	NEW    cov: 1299 ft: 3591 corp: 329/481Kb lim: 12901 exec/s: 1776 rss: 56Mb L: 780/12901 MS: 1 ShuffleBytes-
#3559	NEW    cov: 1299 ft: 3592 corp: 330/482Kb lim: 12901 exec/s: 1779 rss: 56Mb L: 1419/12901 MS: 1 InsertRepeatedBytes-
#3590	REDUCE cov: 1299 ft: 3592 corp: 330/482Kb lim: 12901 exec/s: 1795 rss: 56Mb L: 308/12901 MS: 1 EraseBytes-
#3591	NEW    cov: 1300 ft: 3593 corp: 331/486Kb lim: 12901 exec/s: 1795 rss: 56Mb L: 3437/12901 MS: 1 CMP- DE: "\000\017"-
#3592	NEW    cov: 1300 ft: 3594 corp: 332/488Kb lim: 12901 exec/s: 1796 rss: 56Mb L: 2041/12901 MS: 1 CopyPart-
#3627	NEW    cov: 1300 ft: 3595 corp: 333/488Kb lim: 12901 exec/s: 1813 rss: 56Mb L: 558/12901 MS: 5 CrossOver-ChangeByte-ChangeBit-ChangeBinInt-ChangeBit-
#3686	NEW    cov: 1300 ft: 3597 corp: 334/489Kb lim: 12901 exec/s: 1843 rss: 57Mb L: 558/12901 MS: 4 ChangeASCIIInt-ChangeByte-ChangeBit-ShuffleBytes-
#3747	NEW    cov: 1300 ft: 3598 corp: 335/489Kb lim: 12901 exec/s: 1873 rss: 57Mb L: 225/12901 MS: 1 EraseBytes-
#3816	REDUCE cov: 1300 ft: 3598 corp: 335/485Kb lim: 12901 exec/s: 1272 rss: 57Mb L: 5388/12901 MS: 4 ShuffleBytes-CMP-InsertRepeatedBytes-EraseBytes- DE: "\377\377\377\017"-
#3817	NEW    cov: 1300 ft: 3601 corp: 336/486Kb lim: 12901 exec/s: 1272 rss: 57Mb L: 777/12901 MS: 1 ChangeBit-
#3838	NEW    cov: 1300 ft: 3603 corp: 337/488Kb lim: 12901 exec/s: 1279 rss: 57Mb L: 2624/12901 MS: 1 ChangeASCIIInt-
#3855	NEW    cov: 1300 ft: 3604 corp: 338/500Kb lim: 12901 exec/s: 1285 rss: 57Mb L: 12510/12901 MS: 2 ChangeBit-CrossOver-
#3867	REDUCE cov: 1300 ft: 3604 corp: 338/500Kb lim: 12901 exec/s: 1289 rss: 57Mb L: 3441/12901 MS: 2 PersAutoDict-EraseBytes- DE: "zTXt"-
#3878	NEW    cov: 1300 ft: 3607 corp: 339/502Kb lim: 12901 exec/s: 1292 rss: 57Mb L: 2042/12901 MS: 1 InsertByte-
#3914	REDUCE cov: 1301 ft: 3608 corp: 340/506Kb lim: 12901 exec/s: 1304 rss: 57Mb L: 3441/12901 MS: 1 ChangeBit-
#3960	NEW    cov: 1303 ft: 3610 corp: 341/506Kb lim: 12901 exec/s: 1320 rss: 57Mb L: 201/12901 MS: 1 CMP- DE: "hIST"-
#3966	NEW    cov: 1304 ft: 3611 corp: 342/507Kb lim: 12901 exec/s: 1322 rss: 57Mb L: 777/12901 MS: 1 CMP- DE: "\262\000\000\000"-
#3979	NEW    cov: 1304 ft: 3612 corp: 343/513Kb lim: 12901 exec/s: 1326 rss: 57Mb L: 6737/12901 MS: 3 InsertRepeatedBytes-CopyPart-ChangeBinInt-
#3995	NEW    cov: 1304 ft: 3615 corp: 344/514Kb lim: 12901 exec/s: 1331 rss: 57Mb L: 1156/12901 MS: 1 InsertRepeatedBytes-
#4026	NEW    cov: 1304 ft: 3619 corp: 345/515Kb lim: 12901 exec/s: 1342 rss: 57Mb L: 777/12901 MS: 1 CMP- DE: "pCAL"-
#4039	NEW    cov: 1304 ft: 3621 corp: 346/515Kb lim: 12901 exec/s: 1346 rss: 57Mb L: 237/12901 MS: 3 ChangeASCIIInt-ChangeASCIIInt-ShuffleBytes-
#4040	REDUCE cov: 1304 ft: 3621 corp: 346/515Kb lim: 12901 exec/s: 1346 rss: 57Mb L: 123/12901 MS: 1 EraseBytes-
#4044	NEW    cov: 1304 ft: 3622 corp: 347/516Kb lim: 12901 exec/s: 1348 rss: 57Mb L: 868/12901 MS: 4 CopyPart-PersAutoDict-EraseBytes-ChangeBit- DE: "gAMA"-
#4060	NEW    cov: 1304 ft: 3624 corp: 348/518Kb lim: 12901 exec/s: 1353 rss: 57Mb L: 2042/12901 MS: 1 InsertByte-
#4082	NEW    cov: 1304 ft: 3625 corp: 349/520Kb lim: 12901 exec/s: 1360 rss: 57Mb L: 2042/12901 MS: 2 CrossOver-ChangeBit-
#4096	pulse  cov: 1304 ft: 3625 corp: 349/520Kb lim: 12901 exec/s: 1365 rss: 57Mb
#4123	NEW    cov: 1304 ft: 3627 corp: 350/522Kb lim: 12901 exec/s: 1374 rss: 57Mb L: 2041/12901 MS: 1 ShuffleBytes-
#4150	REDUCE cov: 1304 ft: 3627 corp: 350/522Kb lim: 12901 exec/s: 1383 rss: 58Mb L: 1080/12901 MS: 2 ChangeASCIIInt-EraseBytes-
#4174	REDUCE cov: 1304 ft: 3627 corp: 350/522Kb lim: 12901 exec/s: 1391 rss: 58Mb L: 240/12901 MS: 4 InsertByte-PersAutoDict-ChangeASCIIInt-EraseBytes- DE: "\011\000\000\000"-
#4236	NEW    cov: 1305 ft: 3628 corp: 351/523Kb lim: 12901 exec/s: 1412 rss: 58Mb L: 543/12901 MS: 2 CopyPart-ChangeBinInt-
#4262	NEW    cov: 1305 ft: 3630 corp: 352/525Kb lim: 12901 exec/s: 1420 rss: 58Mb L: 2628/12901 MS: 1 PersAutoDict- DE: "\000\000\000\374"-
#4383	REDUCE cov: 1305 ft: 3630 corp: 352/525Kb lim: 12901 exec/s: 1461 rss: 58Mb L: 822/12901 MS: 1 EraseBytes-
#4384	REDUCE cov: 1305 ft: 3630 corp: 352/525Kb lim: 12901 exec/s: 1461 rss: 58Mb L: 215/12901 MS: 1 EraseBytes-
#4387	NEW    cov: 1305 ft: 3631 corp: 353/526Kb lim: 12901 exec/s: 1462 rss: 58Mb L: 745/12901 MS: 3 ChangeByte-CrossOver-ShuffleBytes-
#4400	NEW    cov: 1306 ft: 3633 corp: 354/526Kb lim: 12901 exec/s: 1466 rss: 58Mb L: 103/12901 MS: 3 ChangeByte-CopyPart-ChangeByte-
#4406	NEW    cov: 1307 ft: 3635 corp: 355/526Kb lim: 12901 exec/s: 1468 rss: 58Mb L: 325/12901 MS: 1 ChangeBinInt-
#4417	NEW    cov: 1307 ft: 3637 corp: 356/535Kb lim: 12901 exec/s: 1472 rss: 58Mb L: 8831/12901 MS: 1 PersAutoDict- DE: "\303\000\000\000\000\000\000\000"-
#4424	NEW    cov: 1307 ft: 3638 corp: 357/535Kb lim: 12901 exec/s: 1474 rss: 58Mb L: 304/12901 MS: 2 ChangeBit-InsertByte-
#4447	REDUCE cov: 1307 ft: 3638 corp: 357/535Kb lim: 12901 exec/s: 1482 rss: 58Mb L: 371/12901 MS: 3 ChangeByte-ChangeByte-EraseBytes-
#4504	NEW    cov: 1307 ft: 3639 corp: 358/535Kb lim: 12901 exec/s: 1501 rss: 58Mb L: 176/12901 MS: 2 PersAutoDict-CrossOver- DE: "I\000"-
#4550	REDUCE cov: 1307 ft: 3639 corp: 358/533Kb lim: 12901 exec/s: 1516 rss: 58Mb L: 7027/12901 MS: 1 EraseBytes-
#4637	NEW    cov: 1307 ft: 3645 corp: 359/533Kb lim: 12901 exec/s: 1545 rss: 58Mb L: 269/12901 MS: 2 PersAutoDict-InsertRepeatedBytes- DE: "sBIT"-
#4659	REDUCE cov: 1307 ft: 3645 corp: 359/533Kb lim: 12901 exec/s: 1553 rss: 58Mb L: 343/12901 MS: 2 CrossOver-EraseBytes-
#4692	NEW    cov: 1308 ft: 3647 corp: 360/533Kb lim: 12901 exec/s: 1564 rss: 58Mb L: 276/12901 MS: 3 InsertRepeatedBytes-ChangeByte-EraseBytes-
#4699	NEW    cov: 1308 ft: 3648 corp: 361/534Kb lim: 12901 exec/s: 1566 rss: 58Mb L: 777/12901 MS: 2 CMP-ChangeASCIIInt- DE: "mDCV"-
#4705	NEW    cov: 1308 ft: 3649 corp: 362/535Kb lim: 12901 exec/s: 1568 rss: 58Mb L: 591/12901 MS: 1 CopyPart-
#4711	NEW    cov: 1308 ft: 3650 corp: 363/535Kb lim: 12901 exec/s: 1570 rss: 58Mb L: 237/12901 MS: 1 PersAutoDict- DE: "\000\000\000\000\000\000\000\010"-
#4762	NEW    cov: 1309 ft: 3651 corp: 364/535Kb lim: 12901 exec/s: 1587 rss: 58Mb L: 208/12901 MS: 1 ChangeByte-
#4778	REDUCE cov: 1309 ft: 3651 corp: 364/535Kb lim: 12901 exec/s: 1592 rss: 58Mb L: 6412/12901 MS: 1 EraseBytes-
#4789	NEW    cov: 1309 ft: 3652 corp: 365/538Kb lim: 12901 exec/s: 1596 rss: 58Mb L: 3247/12901 MS: 1 CopyPart-
#4815	NEW    cov: 1310 ft: 3653 corp: 366/538Kb lim: 12901 exec/s: 1605 rss: 58Mb L: 176/12901 MS: 1 CopyPart-
#4831	NEW    cov: 1310 ft: 3654 corp: 367/538Kb lim: 12901 exec/s: 1610 rss: 58Mb L: 201/12901 MS: 1 CrossOver-
#4840	NEW    cov: 1310 ft: 3655 corp: 368/547Kb lim: 12901 exec/s: 1613 rss: 58Mb L: 8615/12901 MS: 4 InsertRepeatedBytes-CopyPart-ChangeBit-ShuffleBytes-
#4892	REDUCE cov: 1310 ft: 3656 corp: 369/548Kb lim: 12901 exec/s: 1630 rss: 58Mb L: 823/12901 MS: 2 InsertByte-ChangeBinInt-
#4922	NEW    cov: 1310 ft: 3657 corp: 370/548Kb lim: 12901 exec/s: 1640 rss: 60Mb L: 371/12901 MS: 5 CopyPart-ShuffleBytes-ShuffleBytes-ChangeASCIIInt-CMP- DE: "\015\000\000\000\000\000\000\000"-
#4924	NEW    cov: 1310 ft: 3658 corp: 371/549Kb lim: 12901 exec/s: 1641 rss: 60Mb L: 1634/12901 MS: 2 ChangeByte-InsertByte-
#4946	NEW    cov: 1310 ft: 3659 corp: 372/551Kb lim: 12901 exec/s: 1648 rss: 60Mb L: 1626/12901 MS: 2 ChangeBinInt-InsertByte-
#4980	NEW    cov: 1310 ft: 3660 corp: 373/553Kb lim: 12901 exec/s: 1660 rss: 60Mb L: 2036/12901 MS: 4 InsertByte-ChangeBinInt-PersAutoDict-CrossOver- DE: "\377\377\377\013"-
#5036	REDUCE cov: 1310 ft: 3660 corp: 373/552Kb lim: 12901 exec/s: 1678 rss: 60Mb L: 11478/12901 MS: 1 EraseBytes-
#5069	NEW    cov: 1310 ft: 3661 corp: 374/552Kb lim: 12901 exec/s: 1689 rss: 60Mb L: 401/12901 MS: 3 CrossOver-ShuffleBytes-InsertByte-
#5078	REDUCE cov: 1310 ft: 3661 corp: 374/551Kb lim: 12901 exec/s: 1692 rss: 60Mb L: 859/12901 MS: 4 PersAutoDict-ChangeByte-CMP-CrossOver- DE: "\020\000\000\000\000\000\000\000"-"\304\000\000\000\000\000\000\000"-
#5130	NEW    cov: 1310 ft: 3664 corp: 375/551Kb lim: 12901 exec/s: 1710 rss: 60Mb L: 193/12901 MS: 2 InsertByte-ChangeByte-
#5151	NEW    cov: 1310 ft: 3665 corp: 376/560Kb lim: 12901 exec/s: 1717 rss: 60Mb L: 8831/12901 MS: 1 PersAutoDict- DE: "NRHc"-
#5206	REDUCE cov: 1310 ft: 3665 corp: 376/560Kb lim: 12901 exec/s: 1735 rss: 60Mb L: 136/12901 MS: 5 ChangeByte-ChangeByte-ChangeBinInt-CrossOver-EraseBytes-
#5222	NEW    cov: 1310 ft: 3672 corp: 377/560Kb lim: 12901 exec/s: 1740 rss: 60Mb L: 237/12901 MS: 1 ShuffleBytes-
#5265	NEW    cov: 1310 ft: 3674 corp: 378/560Kb lim: 12901 exec/s: 1755 rss: 60Mb L: 168/12901 MS: 3 ShuffleBytes-ShuffleBytes-InsertByte-
#5306	NEW    cov: 1310 ft: 3680 corp: 379/561Kb lim: 12901 exec/s: 1768 rss: 60Mb L: 963/12901 MS: 1 InsertRepeatedBytes-
#5310	REDUCE cov: 1310 ft: 3680 corp: 379/561Kb lim: 12901 exec/s: 1770 rss: 60Mb L: 3121/12901 MS: 4 CopyPart-CopyPart-CrossOver-EraseBytes-
#5335	NEW    cov: 1310 ft: 3682 corp: 380/562Kb lim: 12901 exec/s: 1778 rss: 60Mb L: 609/12901 MS: 5 ChangeByte-PersAutoDict-ChangeBinInt-InsertByte-InsertByte- DE: "\262\000\000\000"-
#5347	NEW    cov: 1310 ft: 3688 corp: 381/562Kb lim: 12901 exec/s: 1782 rss: 60Mb L: 951/12901 MS: 2 CMP-InsertRepeatedBytes- DE: "\001Z"-
#5352	NEW    cov: 1310 ft: 3690 corp: 382/563Kb lim: 12901 exec/s: 1784 rss: 60Mb L: 779/12901 MS: 5 ShuffleBytes-InsertByte-ShuffleBytes-ChangeBinInt-InsertByte-
#5359	NEW    cov: 1310 ft: 3691 corp: 383/569Kb lim: 12901 exec/s: 1786 rss: 60Mb L: 5857/12901 MS: 2 InsertByte-EraseBytes-
#5360	REDUCE cov: 1310 ft: 3691 corp: 383/569Kb lim: 12901 exec/s: 1786 rss: 60Mb L: 284/12901 MS: 1 EraseBytes-
#5453	NEW    cov: 1310 ft: 3696 corp: 384/571Kb lim: 12901 exec/s: 1817 rss: 60Mb L: 1931/12901 MS: 3 InsertRepeatedBytes-CopyPart-CrossOver-
#5549	NEW    cov: 1310 ft: 3697 corp: 385/573Kb lim: 12901 exec/s: 1849 rss: 60Mb L: 2041/12901 MS: 1 ShuffleBytes-
#5556	NEW    cov: 1310 ft: 3707 corp: 386/581Kb lim: 12901 exec/s: 1852 rss: 60Mb L: 8836/12901 MS: 2 CrossOver-PersAutoDict- DE: "NRHc"-
#5680	NEW    cov: 1311 ft: 3708 corp: 387/582Kb lim: 12901 exec/s: 1893 rss: 60Mb L: 254/12901 MS: 4 PersAutoDict-CopyPart-ShuffleBytes-InsertByte- DE: "\020\000\000\000\000\000\000\000"-
#5708	NEW    cov: 1311 ft: 3709 corp: 388/584Kb lim: 12901 exec/s: 1902 rss: 60Mb L: 2069/12901 MS: 3 CopyPart-ChangeASCIIInt-ChangeASCIIInt-
#5735	NEW    cov: 1311 ft: 3711 corp: 389/585Kb lim: 12901 exec/s: 1911 rss: 60Mb L: 1449/12901 MS: 2 ChangeASCIIInt-InsertByte-
#5743	NEW    cov: 1311 ft: 3713 corp: 390/586Kb lim: 12901 exec/s: 1914 rss: 60Mb L: 878/12901 MS: 3 ChangeASCIIInt-InsertRepeatedBytes-CMP- DE: "\377\377\377\377\377\377\377\377"-
#5798	REDUCE cov: 1311 ft: 3713 corp: 390/585Kb lim: 12901 exec/s: 1932 rss: 60Mb L: 4533/12901 MS: 5 PersAutoDict-InsertByte-ChangeByte-ChangeBinInt-EraseBytes- DE: "\304\000\000\000\000\000\000\000"-
#5809	NEW    cov: 1311 ft: 3714 corp: 391/587Kb lim: 12901 exec/s: 1936 rss: 60Mb L: 2042/12901 MS: 1 ShuffleBytes-
#5825	NEW    cov: 1311 ft: 3720 corp: 392/588Kb lim: 12901 exec/s: 1941 rss: 60Mb L: 250/12901 MS: 1 InsertRepeatedBytes-
#5838	REDUCE cov: 1311 ft: 3720 corp: 392/587Kb lim: 12901 exec/s: 1946 rss: 60Mb L: 310/12901 MS: 3 ShuffleBytes-ChangeByte-EraseBytes-
#5865	REDUCE cov: 1311 ft: 3720 corp: 392/587Kb lim: 12901 exec/s: 1955 rss: 60Mb L: 3874/12901 MS: 2 ChangeBinInt-EraseBytes-
#5912	REDUCE cov: 1311 ft: 3720 corp: 392/587Kb lim: 12901 exec/s: 1970 rss: 60Mb L: 389/12901 MS: 2 InsertByte-EraseBytes-
#5917	REDUCE cov: 1311 ft: 3720 corp: 392/587Kb lim: 12901 exec/s: 1972 rss: 60Mb L: 264/12901 MS: 5 ChangeBit-InsertByte-ShuffleBytes-InsertRepeatedBytes-EraseBytes-
#5989	REDUCE cov: 1311 ft: 3720 corp: 392/587Kb lim: 12901 exec/s: 1996 rss: 60Mb L: 366/12901 MS: 2 ChangeBit-EraseBytes-
#6007	NEW    cov: 1311 ft: 3723 corp: 393/588Kb lim: 12901 exec/s: 2002 rss: 60Mb L: 1452/12901 MS: 3 ChangeASCIIInt-ChangeBinInt-PersAutoDict- DE: "iTXt"-
#6039	NEW    cov: 1311 ft: 3724 corp: 394/589Kb lim: 12901 exec/s: 2013 rss: 60Mb L: 145/12901 MS: 2 ChangeByte-ShuffleBytes-
#6105	NEW    cov: 1311 ft: 3725 corp: 395/589Kb lim: 12901 exec/s: 2035 rss: 60Mb L: 237/12901 MS: 1 ChangeByte-
#6132	NEW    cov: 1311 ft: 3726 corp: 396/591Kb lim: 12901 exec/s: 2044 rss: 60Mb L: 2043/12901 MS: 2 InsertByte-ChangeASCIIInt-
#6175	NEW    cov: 1311 ft: 3728 corp: 397/592Kb lim: 12901 exec/s: 2058 rss: 60Mb L: 777/12901 MS: 3 ChangeBinInt-ShuffleBytes-CopyPart-
#6240	REDUCE cov: 1311 ft: 3728 corp: 397/591Kb lim: 12901 exec/s: 2080 rss: 60Mb L: 186/12901 MS: 5 PersAutoDict-InsertByte-ChangeBinInt-ChangeBit-EraseBytes- DE: "\011\000\000\000"-
#6281	REDUCE cov: 1311 ft: 3728 corp: 397/591Kb lim: 12901 exec/s: 2093 rss: 60Mb L: 2295/12901 MS: 1 EraseBytes-
#6284	REDUCE cov: 1311 ft: 3728 corp: 397/591Kb lim: 12901 exec/s: 2094 rss: 60Mb L: 360/12901 MS: 3 InsertRepeatedBytes-InsertByte-EraseBytes-
#6320	REDUCE cov: 1311 ft: 3728 corp: 397/591Kb lim: 12901 exec/s: 2106 rss: 60Mb L: 446/12901 MS: 1 EraseBytes-
#6346	REDUCE cov: 1311 ft: 3728 corp: 397/591Kb lim: 12901 exec/s: 2115 rss: 60Mb L: 891/12901 MS: 1 EraseBytes-
#6412	NEW    cov: 1311 ft: 3729 corp: 398/592Kb lim: 12901 exec/s: 1603 rss: 60Mb L: 847/12901 MS: 1 ChangeBinInt-
#6445	REDUCE cov: 1311 ft: 3729 corp: 398/590Kb lim: 12901 exec/s: 1611 rss: 60Mb L: 9865/12901 MS: 3 CMP-ChangeBinInt-EraseBytes- DE: "sTER"-
#6471	NEW    cov: 1311 ft: 3730 corp: 399/591Kb lim: 12901 exec/s: 1617 rss: 60Mb L: 785/12901 MS: 1 PersAutoDict- DE: "\000\000\000\000\000\000\000\303"-
#6477	NEW    cov: 1311 ft: 3731 corp: 400/591Kb lim: 12901 exec/s: 1619 rss: 60Mb L: 265/12901 MS: 1 CMP- DE: "iCCP"-
#6564	NEW    cov: 1312 ft: 3732 corp: 401/592Kb lim: 12901 exec/s: 1641 rss: 60Mb L: 1094/12901 MS: 2 CMP-CrossOver- DE: "\376\377\377\377"-
#6631	NEW    cov: 1313 ft: 3733 corp: 402/592Kb lim: 12901 exec/s: 1657 rss: 71Mb L: 295/12901 MS: 2 ChangeByte-ChangeASCIIInt-
#6637	NEW    cov: 1313 ft: 3734 corp: 403/595Kb lim: 12901 exec/s: 1659 rss: 71Mb L: 2628/12901 MS: 1 PersAutoDict- DE: "\262\000\000\000"-
#6674	NEW    cov: 1313 ft: 3735 corp: 404/595Kb lim: 12901 exec/s: 1668 rss: 71Mb L: 455/12901 MS: 2 InsertRepeatedBytes-ChangeASCIIInt-
#6694	NEW    cov: 1314 ft: 3736 corp: 405/596Kb lim: 12901 exec/s: 1673 rss: 71Mb L: 732/12901 MS: 5 InsertByte-EraseBytes-ShuffleBytes-ShuffleBytes-PersAutoDict- DE: "\377\377\377\017"-
	NEW_FUNC[1/2]: 0x55ec0b1c5d00 in png_handle_iCCP /src/libpng/pngrutil.c:1342
	NEW_FUNC[2/2]: 0x55ec0b1cb980 in png_inflate_read /src/libpng/pngrutil.c:839
#6711	NEW    cov: 1329 ft: 3751 corp: 406/596Kb lim: 12901 exec/s: 1677 rss: 71Mb L: 373/12901 MS: 2 InsertByte-PersAutoDict- DE: "iCCP"-
#6716	NEW    cov: 1329 ft: 3752 corp: 407/599Kb lim: 12901 exec/s: 1679 rss: 71Mb L: 2651/12901 MS: 5 CMP-EraseBytes-InsertRepeatedBytes-ChangeBinInt-CrossOver- DE: "\000\000\000\000\000\000\001e"-
#6719	REDUCE cov: 1329 ft: 3752 corp: 407/599Kb lim: 12901 exec/s: 1679 rss: 71Mb L: 316/12901 MS: 3 PersAutoDict-ChangeBit-EraseBytes- DE: "\376\377\377\377"-
#6747	REDUCE cov: 1329 ft: 3752 corp: 407/599Kb lim: 12901 exec/s: 1686 rss: 71Mb L: 227/12901 MS: 3 ChangeBit-ChangeBit-EraseBytes-
#6781	REDUCE cov: 1329 ft: 3752 corp: 407/599Kb lim: 12901 exec/s: 1695 rss: 71Mb L: 3429/12901 MS: 4 ChangeByte-ChangeBit-PersAutoDict-EraseBytes- DE: "\303\000\000\000\000\000\000\000"-
#6782	REDUCE cov: 1329 ft: 3756 corp: 408/599Kb lim: 12901 exec/s: 1695 rss: 71Mb L: 269/12901 MS: 1 InsertRepeatedBytes-
#6858	NEW    cov: 1329 ft: 3757 corp: 409/601Kb lim: 12901 exec/s: 1714 rss: 71Mb L: 1624/12901 MS: 1 CrossOver-
#6864	NEW    cov: 1329 ft: 3758 corp: 410/602Kb lim: 12901 exec/s: 1716 rss: 71Mb L: 876/12901 MS: 1 InsertRepeatedBytes-
#6870	REDUCE cov: 1329 ft: 3758 corp: 410/601Kb lim: 12901 exec/s: 1717 rss: 71Mb L: 691/12901 MS: 1 EraseBytes-
#6878	REDUCE cov: 1329 ft: 3758 corp: 410/601Kb lim: 12901 exec/s: 1719 rss: 71Mb L: 6595/12901 MS: 3 ChangeBinInt-ChangeBit-EraseBytes-
#6928	NEW    cov: 1329 ft: 3759 corp: 411/601Kb lim: 12901 exec/s: 1732 rss: 71Mb L: 307/12901 MS: 5 ShuffleBytes-ShuffleBytes-ChangeBit-CMP-EraseBytes- DE: "\000\000\000!"-
#6934	NEW    cov: 1329 ft: 3760 corp: 412/601Kb lim: 12901 exec/s: 1733 rss: 71Mb L: 117/12901 MS: 1 InsertByte-
#6960	NEW    cov: 1329 ft: 3761 corp: 413/603Kb lim: 12901 exec/s: 1740 rss: 71Mb L: 2046/12901 MS: 1 PersAutoDict- DE: "\262\000\000\000"-
#6996	NEW    cov: 1329 ft: 3763 corp: 414/605Kb lim: 12901 exec/s: 1749 rss: 71Mb L: 1313/12901 MS: 1 ChangeByte-
#7022	NEW    cov: 1329 ft: 3768 corp: 415/605Kb lim: 12901 exec/s: 1755 rss: 71Mb L: 674/12901 MS: 1 CrossOver-
#7033	NEW    cov: 1329 ft: 3784 corp: 416/607Kb lim: 12901 exec/s: 1758 rss: 71Mb L: 1448/12901 MS: 1 ChangeBinInt-
#7047	REDUCE cov: 1329 ft: 3784 corp: 416/607Kb lim: 12901 exec/s: 1761 rss: 71Mb L: 4487/12901 MS: 4 CrossOver-ChangeBit-EraseBytes-CrossOver-
#7049	NEW    cov: 1331 ft: 3802 corp: 417/615Kb lim: 12901 exec/s: 1762 rss: 71Mb L: 8578/12901 MS: 2 ChangeASCIIInt-ChangeByte-
#7075	NEW    cov: 1331 ft: 3804 corp: 418/616Kb lim: 12901 exec/s: 1768 rss: 71Mb L: 848/12901 MS: 1 InsertByte-
#7094	NEW    cov: 1331 ft: 3805 corp: 419/617Kb lim: 12901 exec/s: 1773 rss: 71Mb L: 1038/12901 MS: 4 ChangeBinInt-ChangeBit-CrossOver-ChangeBinInt-
#7095	REDUCE cov: 1331 ft: 3805 corp: 419/616Kb lim: 12901 exec/s: 1773 rss: 71Mb L: 2359/12901 MS: 1 EraseBytes-
#7146	REDUCE cov: 1331 ft: 3805 corp: 419/616Kb lim: 12901 exec/s: 1786 rss: 71Mb L: 232/12901 MS: 1 EraseBytes-
#7192	NEW    cov: 1331 ft: 3808 corp: 420/617Kb lim: 12901 exec/s: 1798 rss: 71Mb L: 777/12901 MS: 1 ChangeBit-
#7195	NEW    cov: 1331 ft: 3809 corp: 421/618Kb lim: 12901 exec/s: 1798 rss: 71Mb L: 910/12901 MS: 3 CopyPart-CopyPart-ShuffleBytes-
#7295	NEW    cov: 1332 ft: 3811 corp: 422/618Kb lim: 12901 exec/s: 1823 rss: 71Mb L: 119/12901 MS: 5 InsertByte-InsertByte-ChangeBinInt-ChangeASCIIInt-ChangeBit-
#7410	NEW    cov: 1332 ft: 3812 corp: 423/620Kb lim: 12901 exec/s: 1852 rss: 71Mb L: 2042/12901 MS: 5 ChangeASCIIInt-ChangeBit-InsertByte-ChangeBit-ChangeByte-
#7534	NEW    cov: 1332 ft: 3814 corp: 424/622Kb lim: 12901 exec/s: 1883 rss: 71Mb L: 2767/12901 MS: 4 CopyPart-InsertByte-ChangeBinInt-ChangeBit-
#7694	NEW    cov: 1332 ft: 3815 corp: 425/635Kb lim: 12901 exec/s: 1923 rss: 71Mb L: 12901/12901 MS: 5 CopyPart-ChangeBit-ChangeBit-ChangeByte-CMP- DE: "mDCV"-
#7735	NEW    cov: 1332 ft: 3817 corp: 426/638Kb lim: 12901 exec/s: 1933 rss: 71Mb L: 2628/12901 MS: 1 ChangeBinInt-
#7757	NEW    cov: 1333 ft: 3818 corp: 427/643Kb lim: 12901 exec/s: 1939 rss: 71Mb L: 5613/12901 MS: 2 ChangeByte-CrossOver-
#7793	NEW    cov: 1333 ft: 3819 corp: 428/644Kb lim: 12901 exec/s: 1948 rss: 71Mb L: 558/12901 MS: 1 ShuffleBytes-
#7825	REDUCE cov: 1333 ft: 3819 corp: 428/643Kb lim: 12901 exec/s: 1956 rss: 71Mb L: 593/12901 MS: 2 ChangeByte-EraseBytes-
#7856	NEW    cov: 1333 ft: 3820 corp: 429/646Kb lim: 12901 exec/s: 1964 rss: 71Mb L: 2624/12901 MS: 1 ChangeByte-
#7893	NEW    cov: 1333 ft: 3821 corp: 430/654Kb lim: 12901 exec/s: 1973 rss: 71Mb L: 8410/12901 MS: 2 PersAutoDict-EraseBytes- DE: "gAMA"-
#7894	REDUCE cov: 1333 ft: 3821 corp: 430/654Kb lim: 12901 exec/s: 1973 rss: 71Mb L: 368/12901 MS: 1 EraseBytes-
#7901	NEW    cov: 1333 ft: 3822 corp: 431/655Kb lim: 12901 exec/s: 1975 rss: 71Mb L: 1321/12901 MS: 2 ShuffleBytes-CMP- DE: "\001\000\000\000\000\000\000\000"-
#7978	REDUCE cov: 1333 ft: 3822 corp: 431/655Kb lim: 12901 exec/s: 1994 rss: 71Mb L: 355/12901 MS: 2 InsertRepeatedBytes-EraseBytes-
#7984	REDUCE cov: 1333 ft: 3822 corp: 431/655Kb lim: 12901 exec/s: 1996 rss: 71Mb L: 72/12901 MS: 1 EraseBytes-
#7985	NEW    cov: 1333 ft: 3823 corp: 432/657Kb lim: 12901 exec/s: 1996 rss: 71Mb L: 2041/12901 MS: 1 ChangeBinInt-
#7991	REDUCE cov: 1333 ft: 3823 corp: 432/657Kb lim: 12901 exec/s: 1997 rss: 71Mb L: 582/12901 MS: 1 EraseBytes-
#7993	REDUCE cov: 1333 ft: 3823 corp: 432/655Kb lim: 12901 exec/s: 1998 rss: 71Mb L: 6378/12901 MS: 2 ChangeBit-EraseBytes-
#8004	REDUCE cov: 1333 ft: 3823 corp: 432/655Kb lim: 12901 exec/s: 2001 rss: 71Mb L: 138/12901 MS: 1 EraseBytes-
#8027	NEW    cov: 1334 ft: 3824 corp: 433/656Kb lim: 12901 exec/s: 2006 rss: 71Mb L: 863/12901 MS: 3 PersAutoDict-CopyPart-CMP- DE: "\001\000\000\000\000\000\000\000"-"\377\377\377\377\377\377\377#"-
#8059	NEW    cov: 1334 ft: 3825 corp: 434/658Kb lim: 12901 exec/s: 2014 rss: 71Mb L: 2041/12901 MS: 2 ChangeBinInt-ChangeBinInt-
#8105	NEW    cov: 1334 ft: 3826 corp: 435/660Kb lim: 12901 exec/s: 2026 rss: 71Mb L: 2042/12901 MS: 1 InsertByte-
#8126	NEW    cov: 1334 ft: 3828 corp: 436/661Kb lim: 12901 exec/s: 2031 rss: 71Mb L: 700/12901 MS: 1 CrossOver-
#8133	REDUCE cov: 1334 ft: 3828 corp: 436/661Kb lim: 12901 exec/s: 2033 rss: 71Mb L: 115/12901 MS: 2 ChangeASCIIInt-EraseBytes-
#8154	NEW    cov: 1334 ft: 3829 corp: 437/663Kb lim: 12901 exec/s: 2038 rss: 71Mb L: 2041/12901 MS: 1 ChangeASCIIInt-
#8192	pulse  cov: 1334 ft: 3829 corp: 437/663Kb lim: 12901 exec/s: 2048 rss: 71Mb
#8206	NEW    cov: 1334 ft: 3830 corp: 438/666Kb lim: 12901 exec/s: 2051 rss: 71Mb L: 3559/12901 MS: 2 ChangeBit-CopyPart-
#8292	NEW    cov: 1335 ft: 3831 corp: 439/666Kb lim: 12901 exec/s: 2073 rss: 71Mb L: 123/12901 MS: 1 EraseBytes-
#8295	NEW    cov: 1338 ft: 3836 corp: 440/671Kb lim: 12901 exec/s: 2073 rss: 71Mb L: 4422/12901 MS: 3 ChangeASCIIInt-CrossOver-PersAutoDict- DE: "iCCP"-
#8315	REDUCE cov: 1338 ft: 3836 corp: 440/670Kb lim: 12901 exec/s: 2078 rss: 71Mb L: 366/12901 MS: 5 InsertByte-CMP-InsertByte-ChangeByte-EraseBytes- DE: "\377\006"-
#8403	REDUCE cov: 1338 ft: 3836 corp: 440/670Kb lim: 12901 exec/s: 2100 rss: 71Mb L: 1628/12901 MS: 3 CrossOver-InsertRepeatedBytes-EraseBytes-
#8424	NEW    cov: 1338 ft: 3838 corp: 441/671Kb lim: 12901 exec/s: 2106 rss: 71Mb L: 288/12901 MS: 1 CopyPart-
#8437	NEW    cov: 1338 ft: 3839 corp: 442/673Kb lim: 12901 exec/s: 2109 rss: 71Mb L: 2624/12901 MS: 3 ChangeASCIIInt-ChangeASCIIInt-ShuffleBytes-
#8483	NEW    cov: 1338 ft: 3840 corp: 443/674Kb lim: 12901 exec/s: 2120 rss: 71Mb L: 1448/12901 MS: 1 PersAutoDict- DE: "\020\000\000\000\000\000\000\000"-
	NEW_FUNC[1/1]: 0x55ec0b18b330 in png_chunk_report /src/libpng/pngerror.c:532
#8565	NEW    cov: 1342 ft: 3853 corp: 444/683Kb lim: 12901 exec/s: 2141 rss: 71Mb L: 8833/12901 MS: 2 ChangeASCIIInt-InsertByte-
#8631	REDUCE cov: 1342 ft: 3853 corp: 444/681Kb lim: 12901 exec/s: 2157 rss: 71Mb L: 9392/12901 MS: 1 EraseBytes-
#8717	REDUCE cov: 1342 ft: 3853 corp: 444/680Kb lim: 12901 exec/s: 2179 rss: 71Mb L: 11800/12901 MS: 1 EraseBytes-
#8725	REDUCE cov: 1342 ft: 3853 corp: 444/680Kb lim: 12901 exec/s: 2181 rss: 71Mb L: 174/12901 MS: 3 InsertByte-ShuffleBytes-EraseBytes-
#8726	NEW    cov: 1342 ft: 3854 corp: 445/681Kb lim: 12901 exec/s: 2181 rss: 71Mb L: 272/12901 MS: 1 InsertRepeatedBytes-
#8758	NEW    cov: 1342 ft: 3855 corp: 446/682Kb lim: 12901 exec/s: 2189 rss: 71Mb L: 1597/12901 MS: 2 CrossOver-PersAutoDict- DE: "iTXt"-
#8761	NEW    cov: 1342 ft: 3856 corp: 447/683Kb lim: 12901 exec/s: 2190 rss: 71Mb L: 778/12901 MS: 3 ChangeBit-PersAutoDict-InsertByte- DE: "\377\377\377\017"-
#8837	NEW    cov: 1342 ft: 3857 corp: 448/685Kb lim: 12901 exec/s: 2209 rss: 71Mb L: 2042/12901 MS: 1 ChangeBinInt-
#8854	REDUCE cov: 1342 ft: 3857 corp: 448/685Kb lim: 12901 exec/s: 2213 rss: 71Mb L: 331/12901 MS: 2 ChangeASCIIInt-EraseBytes-
#8930	NEW    cov: 1342 ft: 3858 corp: 449/686Kb lim: 12901 exec/s: 2232 rss: 71Mb L: 783/12901 MS: 1 InsertRepeatedBytes-
#8966	REDUCE cov: 1342 ft: 3858 corp: 449/686Kb lim: 12901 exec/s: 2241 rss: 71Mb L: 664/12901 MS: 1 EraseBytes-
#9040	REDUCE cov: 1342 ft: 3858 corp: 449/686Kb lim: 12901 exec/s: 2260 rss: 71Mb L: 688/12901 MS: 4 InsertRepeatedBytes-PersAutoDict-ChangeByte-EraseBytes- DE: "iTXt"-
#9111	NEW    cov: 1342 ft: 3859 corp: 450/687Kb lim: 12901 exec/s: 2277 rss: 71Mb L: 1093/12901 MS: 1 PersAutoDict- DE: "zTXt"-
#9124	REDUCE cov: 1342 ft: 3859 corp: 450/685Kb lim: 12901 exec/s: 2281 rss: 71Mb L: 8651/12901 MS: 3 ChangeBinInt-CMP-EraseBytes- DE: "oFFs"-
#9215	NEW    cov: 1342 ft: 3861 corp: 451/686Kb lim: 12901 exec/s: 2303 rss: 71Mb L: 648/12901 MS: 1 CrossOver-
#9221	REDUCE cov: 1342 ft: 3865 corp: 452/687Kb lim: 12901 exec/s: 2305 rss: 71Mb L: 891/12901 MS: 1 ChangeByte-
#9232	REDUCE cov: 1342 ft: 3865 corp: 452/687Kb lim: 12901 exec/s: 2308 rss: 71Mb L: 541/12901 MS: 1 EraseBytes-
#9403	NEW    cov: 1343 ft: 3866 corp: 453/687Kb lim: 12901 exec/s: 2350 rss: 71Mb L: 282/12901 MS: 1 CopyPart-
#9434	NEW    cov: 1343 ft: 3867 corp: 454/689Kb lim: 12901 exec/s: 2358 rss: 71Mb L: 2206/12901 MS: 1 CopyPart-
#9440	REDUCE cov: 1343 ft: 3867 corp: 454/689Kb lim: 12901 exec/s: 2360 rss: 71Mb L: 562/12901 MS: 1 EraseBytes-
#9471	REDUCE cov: 1343 ft: 3867 corp: 454/689Kb lim: 12901 exec/s: 2367 rss: 71Mb L: 347/12901 MS: 1 EraseBytes-
#9502	REDUCE cov: 1343 ft: 3867 corp: 454/689Kb lim: 12901 exec/s: 1900 rss: 71Mb L: 301/12901 MS: 1 EraseBytes-
#9508	REDUCE cov: 1343 ft: 3867 corp: 454/689Kb lim: 12901 exec/s: 1901 rss: 71Mb L: 219/12901 MS: 1 EraseBytes-
#9518	REDUCE cov: 1343 ft: 3867 corp: 454/689Kb lim: 12901 exec/s: 1903 rss: 71Mb L: 2242/12901 MS: 5 CopyPart-InsertByte-CMP-ChangeBinInt-EraseBytes- DE: "\004\000\000\000"-
#9645	REDUCE cov: 1343 ft: 3867 corp: 454/689Kb lim: 12901 exec/s: 1929 rss: 71Mb L: 371/12901 MS: 2 InsertRepeatedBytes-EraseBytes-
#9681	NEW    cov: 1343 ft: 3868 corp: 455/690Kb lim: 12901 exec/s: 1936 rss: 71Mb L: 1448/12901 MS: 1 PersAutoDict- DE: "\016\000\000\000\000\000\000\000"-
#9689	REDUCE cov: 1343 ft: 3868 corp: 455/690Kb lim: 12901 exec/s: 1937 rss: 71Mb L: 860/12901 MS: 3 InsertByte-CopyPart-EraseBytes-
#9785	NEW    cov: 1343 ft: 3869 corp: 456/690Kb lim: 12901 exec/s: 1957 rss: 71Mb L: 225/12901 MS: 1 PersAutoDict- DE: "\011\000\000\000"-
#9853	REDUCE cov: 1343 ft: 3869 corp: 456/690Kb lim: 12901 exec/s: 1970 rss: 71Mb L: 3555/12901 MS: 3 ShuffleBytes-CMP-EraseBytes- DE: "\377\377\377\377\376\377\377\377"-
#9994	REDUCE cov: 1343 ft: 3869 corp: 456/690Kb lim: 12901 exec/s: 1998 rss: 71Mb L: 382/12901 MS: 1 EraseBytes-
#9995	NEW    cov: 1343 ft: 3870 corp: 457/690Kb lim: 12901 exec/s: 1999 rss: 71Mb L: 274/12901 MS: 1 PersAutoDict- DE: "pCAL"-
#10002	NEW    cov: 1343 ft: 3871 corp: 458/691Kb lim: 12901 exec/s: 2000 rss: 71Mb L: 962/12901 MS: 2 ChangeBit-CrossOver-
#10243	NEW    cov: 1347 ft: 3875 corp: 459/691Kb lim: 12901 exec/s: 2048 rss: 71Mb L: 329/12901 MS: 1 CMP- DE: "eXIf"-
#10454	REDUCE cov: 1347 ft: 3876 corp: 460/693Kb lim: 12901 exec/s: 2090 rss: 71Mb L: 1628/12901 MS: 1 ShuffleBytes-
#10496	REDUCE cov: 1347 ft: 3876 corp: 460/693Kb lim: 12901 exec/s: 2099 rss: 71Mb L: 211/12901 MS: 2 ChangeByte-EraseBytes-
#10499	REDUCE cov: 1347 ft: 3876 corp: 460/693Kb lim: 12901 exec/s: 2099 rss: 71Mb L: 99/12901 MS: 3 CMP-ChangeBinInt-EraseBytes- DE: "\211PNG\226\347H\260"-
#10523	REDUCE cov: 1347 ft: 3876 corp: 460/693Kb lim: 12901 exec/s: 2104 rss: 71Mb L: 2015/12901 MS: 4 ChangeASCIIInt-EraseBytes-ChangeByte-InsertRepeatedBytes-
#10589	NEW    cov: 1347 ft: 3877 corp: 461/694Kb lim: 12901 exec/s: 2117 rss: 71Mb L: 1214/12901 MS: 1 CopyPart-
#10700	REDUCE cov: 1347 ft: 3877 corp: 461/694Kb lim: 12901 exec/s: 2140 rss: 71Mb L: 3237/12901 MS: 1 EraseBytes-
#10714	REDUCE cov: 1347 ft: 3877 corp: 461/692Kb lim: 12901 exec/s: 2142 rss: 71Mb L: 4192/12901 MS: 4 EraseBytes-CrossOver-ChangeASCIIInt-CrossOver-
#10776	REDUCE cov: 1347 ft: 3877 corp: 461/691Kb lim: 12901 exec/s: 2155 rss: 71Mb L: 8425/12901 MS: 2 ShuffleBytes-EraseBytes-
#10842	REDUCE cov: 1348 ft: 3878 corp: 462/691Kb lim: 12901 exec/s: 2168 rss: 71Mb L: 215/12901 MS: 1 CMP- DE: "bKGD"-
#10858	NEW    cov: 1348 ft: 3879 corp: 463/692Kb lim: 12901 exec/s: 2171 rss: 71Mb L: 192/12901 MS: 1 ChangeASCIIInt-
#10908	REDUCE cov: 1348 ft: 3879 corp: 463/688Kb lim: 12901 exec/s: 2181 rss: 71Mb L: 5650/12901 MS: 5 ChangeBit-InsertByte-InsertRepeatedBytes-PersAutoDict-EraseBytes- DE: "pHYs"-
#10923	REDUCE cov: 1348 ft: 3879 corp: 463/688Kb lim: 12901 exec/s: 2184 rss: 71Mb L: 2324/12901 MS: 5 CMP-CopyPart-ChangeBinInt-ChangeBinInt-EraseBytes- DE: "\000\017B@"-
#11040	REDUCE cov: 1348 ft: 3879 corp: 463/688Kb lim: 12901 exec/s: 2208 rss: 71Mb L: 524/12901 MS: 2 ChangeByte-EraseBytes-
#11091	REDUCE cov: 1348 ft: 3879 corp: 463/688Kb lim: 12901 exec/s: 2218 rss: 71Mb L: 6239/12901 MS: 1 EraseBytes-
#11156	REDUCE cov: 1348 ft: 3879 corp: 463/688Kb lim: 12901 exec/s: 2231 rss: 71Mb L: 115/12901 MS: 5 ChangeASCIIInt-ChangeBinInt-PersAutoDict-ShuffleBytes-EraseBytes- DE: "\000\000\000\374"-
#11177	NEW    cov: 1348 ft: 3880 corp: 464/690Kb lim: 12901 exec/s: 2235 rss: 71Mb L: 1628/12901 MS: 1 CMP- DE: "\000\000\000\000\377\377\377\377"-
#11195	REDUCE cov: 1348 ft: 3880 corp: 464/690Kb lim: 12901 exec/s: 2239 rss: 71Mb L: 255/12901 MS: 3 ChangeBinInt-ShuffleBytes-EraseBytes-
#11246	NEW    cov: 1348 ft: 3885 corp: 465/690Kb lim: 12901 exec/s: 2249 rss: 71Mb L: 265/12901 MS: 1 CMP- DE: "sBIT"-
#11293	REDUCE cov: 1348 ft: 3885 corp: 465/690Kb lim: 12901 exec/s: 2258 rss: 71Mb L: 439/12901 MS: 2 ShuffleBytes-EraseBytes-
#11375	NEW    cov: 1348 ft: 3888 corp: 466/690Kb lim: 12901 exec/s: 2275 rss: 71Mb L: 267/12901 MS: 2 ChangeBinInt-PersAutoDict- DE: "eXIf"-
#11531	NEW    cov: 1348 ft: 3889 corp: 467/690Kb lim: 12901 exec/s: 2306 rss: 71Mb L: 197/12901 MS: 1 PersAutoDict- DE: "sBIT"-
#11543	REDUCE cov: 1348 ft: 3889 corp: 467/689Kb lim: 12901 exec/s: 2308 rss: 71Mb L: 5848/12901 MS: 2 InsertByte-EraseBytes-
#11556	REDUCE cov: 1348 ft: 3889 corp: 467/689Kb lim: 12901 exec/s: 2311 rss: 71Mb L: 314/12901 MS: 3 ChangeASCIIInt-ShuffleBytes-EraseBytes-
#11678	NEW    cov: 1349 ft: 3890 corp: 468/698Kb lim: 12901 exec/s: 2335 rss: 71Mb L: 8627/12901 MS: 2 CMP-CMP- DE: "\000\000\000\000\000\000\000\303"-"sBIT"-
#11689	NEW    cov: 1349 ft: 3891 corp: 469/698Kb lim: 12901 exec/s: 2337 rss: 71Mb L: 216/12901 MS: 1 ChangeBinInt-
#11850	NEW    cov: 1349 ft: 3892 corp: 470/706Kb lim: 12901 exec/s: 2370 rss: 71Mb L: 8578/12901 MS: 1 CrossOver-
#11909	REDUCE cov: 1349 ft: 3892 corp: 470/704Kb lim: 12901 exec/s: 2381 rss: 71Mb L: 4389/12901 MS: 4 PersAutoDict-ChangeByte-ChangeBit-EraseBytes- DE: "bKGD"-
#11915	REDUCE cov: 1349 ft: 3892 corp: 470/703Kb lim: 12901 exec/s: 2383 rss: 71Mb L: 5542/12901 MS: 1 CrossOver-
#11999	REDUCE cov: 1349 ft: 3892 corp: 470/703Kb lim: 12901 exec/s: 2399 rss: 71Mb L: 8123/12901 MS: 4 CrossOver-ChangeBit-InsertRepeatedBytes-EraseBytes-
#12010	REDUCE cov: 1349 ft: 3894 corp: 471/712Kb lim: 12901 exec/s: 2402 rss: 71Mb L: 9392/12901 MS: 1 ShuffleBytes-
#12012	REDUCE cov: 1349 ft: 3894 corp: 471/712Kb lim: 12901 exec/s: 2402 rss: 71Mb L: 184/12901 MS: 2 ChangeASCIIInt-EraseBytes-
#12063	REDUCE cov: 1349 ft: 3894 corp: 471/712Kb lim: 12901 exec/s: 2412 rss: 71Mb L: 171/12901 MS: 1 EraseBytes-
#12126	REDUCE cov: 1349 ft: 3894 corp: 471/712Kb lim: 12901 exec/s: 2425 rss: 71Mb L: 2092/12901 MS: 3 InsertRepeatedBytes-InsertRepeatedBytes-EraseBytes-
#12130	NEW    cov: 1350 ft: 3895 corp: 472/712Kb lim: 12901 exec/s: 2426 rss: 71Mb L: 301/12901 MS: 4 InsertRepeatedBytes-PersAutoDict-CMP-ChangeBinInt- DE: "eXIf"-"TIBs"-
#12205	REDUCE cov: 1350 ft: 3895 corp: 472/712Kb lim: 12901 exec/s: 2441 rss: 71Mb L: 544/12901 MS: 5 InsertByte-ChangeASCIIInt-ChangeASCIIInt-EraseBytes-PersAutoDict- DE: "\000\000\000\000\377\377\377\377"-
#12233	REDUCE cov: 1350 ft: 3895 corp: 472/712Kb lim: 12901 exec/s: 2446 rss: 71Mb L: 925/12901 MS: 3 ChangeBinInt-CMP-EraseBytes- DE: "bKGD"-
#12429	REDUCE cov: 1350 ft: 3895 corp: 472/712Kb lim: 12901 exec/s: 2485 rss: 71Mb L: 408/12901 MS: 1 EraseBytes-
#12563	NEW    cov: 1350 ft: 3896 corp: 473/714Kb lim: 12901 exec/s: 2512 rss: 71Mb L: 2511/12901 MS: 4 PersAutoDict-EraseBytes-InsertByte-CrossOver- DE: "\000\000\000\000\000\000\001e"-
#12625	REDUCE cov: 1350 ft: 3898 corp: 474/715Kb lim: 12901 exec/s: 2525 rss: 71Mb L: 251/12901 MS: 2 CMP-EraseBytes- DE: "\000\000\000\000\000\000\000\000"-
#12647	REDUCE cov: 1350 ft: 3898 corp: 474/714Kb lim: 12901 exec/s: 2529 rss: 71Mb L: 394/12901 MS: 2 ChangeBit-EraseBytes-
#12783	NEW    cov: 1350 ft: 3900 corp: 475/727Kb lim: 12901 exec/s: 2130 rss: 71Mb L: 12901/12901 MS: 1 ChangeBit-
#12804	NEW    cov: 1350 ft: 3901 corp: 476/729Kb lim: 12901 exec/s: 2134 rss: 71Mb L: 2332/12901 MS: 1 InsertRepeatedBytes-
#12840	NEW    cov: 1350 ft: 3904 corp: 477/729Kb lim: 12901 exec/s: 2140 rss: 71Mb L: 201/12901 MS: 1 ChangeBit-
#12963	REDUCE cov: 1350 ft: 3904 corp: 477/729Kb lim: 12901 exec/s: 2160 rss: 71Mb L: 2047/12901 MS: 3 ChangeByte-ChangeBit-EraseBytes-
#13014	NEW    cov: 1350 ft: 3910 corp: 478/730Kb lim: 12901 exec/s: 2169 rss: 71Mb L: 1448/12901 MS: 1 ChangeByte-
#13195	REDUCE cov: 1350 ft: 3910 corp: 478/730Kb lim: 12901 exec/s: 2199 rss: 71Mb L: 210/12901 MS: 1 EraseBytes-
	NEW_FUNC[1/1]: 0x55ec0b1c59d0 in png_handle_hIST /src/libpng/pngrutil.c:2060
#13248	NEW    cov: 1352 ft: 3912 corp: 479/739Kb lim: 12901 exec/s: 2208 rss: 71Mb L: 8835/12901 MS: 3 PersAutoDict-ChangeByte-CMP- DE: "sBIT"-"hIST"-
#13284	NEW    cov: 1352 ft: 3913 corp: 480/739Kb lim: 12901 exec/s: 2214 rss: 71Mb L: 499/12901 MS: 1 ChangeByte-
#13321	REDUCE cov: 1352 ft: 3913 corp: 480/739Kb lim: 12901 exec/s: 2220 rss: 71Mb L: 713/12901 MS: 2 ChangeByte-EraseBytes-
#13322	REDUCE cov: 1352 ft: 3913 corp: 480/739Kb lim: 12901 exec/s: 2220 rss: 71Mb L: 650/12901 MS: 1 EraseBytes-
#13324	REDUCE cov: 1352 ft: 3913 corp: 480/739Kb lim: 12901 exec/s: 2220 rss: 71Mb L: 189/12901 MS: 2 ChangeByte-EraseBytes-
#13454	REDUCE cov: 1352 ft: 3913 corp: 480/739Kb lim: 12901 exec/s: 2242 rss: 71Mb L: 307/12901 MS: 5 ChangeByte-ChangeASCIIInt-ChangeBinInt-CopyPart-EraseBytes-
#13547	NEW    cov: 1352 ft: 3914 corp: 481/742Kb lim: 12901 exec/s: 2257 rss: 71Mb L: 2449/12901 MS: 3 CopyPart-ChangeASCIIInt-CrossOver-
#13595	REDUCE cov: 1352 ft: 3914 corp: 481/738Kb lim: 12901 exec/s: 2265 rss: 71Mb L: 4207/12901 MS: 3 ChangeBit-InsertByte-EraseBytes-
#13604	NEW    cov: 1352 ft: 3915 corp: 482/742Kb lim: 12901 exec/s: 2267 rss: 71Mb L: 4065/12901 MS: 4 CMP-ChangeASCIIInt-EraseBytes-CrossOver- DE: "\011\000\000\000\000\000\000\000"-
#13686	NEW    cov: 1352 ft: 3916 corp: 483/742Kb lim: 12901 exec/s: 2281 rss: 71Mb L: 641/12901 MS: 2 ChangeBit-ChangeASCIIInt-
#13714	NEW    cov: 1352 ft: 3917 corp: 484/743Kb lim: 12901 exec/s: 2285 rss: 71Mb L: 275/12901 MS: 3 ChangeBinInt-ChangeASCIIInt-CrossOver-
#13798	REDUCE cov: 1352 ft: 3917 corp: 484/742Kb lim: 12901 exec/s: 2299 rss: 71Mb L: 361/12901 MS: 4 CMP-InsertRepeatedBytes-ChangeBit-EraseBytes- DE: "\012\000\000\000\000\000\000\000"-
#13846	REDUCE cov: 1352 ft: 3917 corp: 484/741Kb lim: 12901 exec/s: 2307 rss: 71Mb L: 6435/12901 MS: 3 ChangeBit-ShuffleBytes-EraseBytes-
#14083	NEW    cov: 1352 ft: 3919 corp: 485/750Kb lim: 12901 exec/s: 2347 rss: 71Mb L: 8862/12901 MS: 2 InsertByte-InsertRepeatedBytes-
#14087	REDUCE cov: 1352 ft: 3919 corp: 485/750Kb lim: 12901 exec/s: 2347 rss: 71Mb L: 738/12901 MS: 4 ChangeBinInt-ChangeByte-ChangeBinInt-EraseBytes-
#14129	REDUCE cov: 1352 ft: 3922 corp: 486/753Kb lim: 12901 exec/s: 2354 rss: 71Mb L: 3441/12901 MS: 2 ChangeBinInt-ShuffleBytes-
#14245	REDUCE cov: 1352 ft: 3922 corp: 486/753Kb lim: 12901 exec/s: 2374 rss: 71Mb L: 168/12901 MS: 1 EraseBytes-
#14322	REDUCE cov: 1352 ft: 3922 corp: 486/753Kb lim: 12901 exec/s: 2387 rss: 71Mb L: 1772/12901 MS: 2 InsertByte-EraseBytes-
#14427	REDUCE cov: 1352 ft: 3922 corp: 486/753Kb lim: 12901 exec/s: 2404 rss: 71Mb L: 321/12901 MS: 5 ChangeBit-ChangeBinInt-InsertRepeatedBytes-CMP-EraseBytes- DE: "\001\000\000\000\000\000\000\303"-
#14465	REDUCE cov: 1352 ft: 3922 corp: 486/750Kb lim: 12901 exec/s: 2410 rss: 71Mb L: 4388/12901 MS: 3 ShuffleBytes-EraseBytes-CrossOver-
#14496	NEW    cov: 1353 ft: 3923 corp: 487/751Kb lim: 12901 exec/s: 2416 rss: 71Mb L: 225/12901 MS: 1 ChangeBinInt-
#14573	NEW    cov: 1353 ft: 3924 corp: 488/751Kb lim: 12901 exec/s: 2428 rss: 71Mb L: 551/12901 MS: 2 PersAutoDict-CrossOver- DE: "\001\000\000\000\000\000\000\303"-
#14648	REDUCE cov: 1353 ft: 3924 corp: 488/750Kb lim: 12901 exec/s: 2441 rss: 71Mb L: 1397/12901 MS: 5 ChangeBit-ChangeBinInt-InsertByte-CopyPart-EraseBytes-
#14700	NEW    cov: 1353 ft: 3925 corp: 489/751Kb lim: 12901 exec/s: 2450 rss: 71Mb L: 777/12901 MS: 2 CMP-CopyPart- DE: "mDCV"-
#14706	REDUCE cov: 1353 ft: 3925 corp: 489/750Kb lim: 12901 exec/s: 2451 rss: 71Mb L: 2632/12901 MS: 1 EraseBytes-
#14782	REDUCE cov: 1353 ft: 3925 corp: 489/747Kb lim: 12901 exec/s: 2463 rss: 71Mb L: 5249/12901 MS: 1 EraseBytes-
#14798	NEW    cov: 1353 ft: 3926 corp: 490/748Kb lim: 12901 exec/s: 2466 rss: 71Mb L: 744/12901 MS: 1 ChangeBinInt-
#14946	REDUCE cov: 1353 ft: 3926 corp: 490/747Kb lim: 12901 exec/s: 2491 rss: 71Mb L: 246/12901 MS: 3 PersAutoDict-ChangeASCIIInt-EraseBytes- DE: "\000\000\000\001"-
#15032	REDUCE cov: 1353 ft: 3926 corp: 490/747Kb lim: 12901 exec/s: 2505 rss: 71Mb L: 596/12901 MS: 1 EraseBytes-
#15055	NEW    cov: 1354 ft: 3927 corp: 491/748Kb lim: 12901 exec/s: 2509 rss: 71Mb L: 340/12901 MS: 3 ChangeBit-ChangeASCIIInt-ChangeBinInt-
#15101	REDUCE cov: 1354 ft: 3927 corp: 491/748Kb lim: 12901 exec/s: 2516 rss: 71Mb L: 361/12901 MS: 1 EraseBytes-
#15120	REDUCE cov: 1354 ft: 3927 corp: 491/746Kb lim: 12901 exec/s: 2520 rss: 71Mb L: 10732/12901 MS: 4 ChangeASCIIInt-CrossOver-CopyPart-EraseBytes-
#15154	REDUCE cov: 1354 ft: 3927 corp: 491/745Kb lim: 12901 exec/s: 2525 rss: 71Mb L: 615/12901 MS: 4 CopyPart-ChangeBit-InsertRepeatedBytes-EraseBytes-
#15195	NEW    cov: 1354 ft: 3928 corp: 492/746Kb lim: 12901 exec/s: 2532 rss: 71Mb L: 777/12901 MS: 1 ChangeBinInt-
#15221	REDUCE cov: 1354 ft: 3928 corp: 492/746Kb lim: 12901 exec/s: 2536 rss: 71Mb L: 247/12901 MS: 1 EraseBytes-
#15357	REDUCE cov: 1354 ft: 3928 corp: 492/746Kb lim: 12901 exec/s: 2559 rss: 71Mb L: 1723/12901 MS: 1 EraseBytes-
#15369	REDUCE cov: 1354 ft: 3928 corp: 492/746Kb lim: 12901 exec/s: 2561 rss: 71Mb L: 226/12901 MS: 2 ChangeBinInt-EraseBytes-
#15373	NEW    cov: 1357 ft: 3932 corp: 493/748Kb lim: 12901 exec/s: 2562 rss: 71Mb L: 1930/12901 MS: 4 ChangeBinInt-CopyPart-InsertByte-CMP- DE: "\006\000"-
#15385	REDUCE cov: 1357 ft: 3932 corp: 493/746Kb lim: 12901 exec/s: 2564 rss: 71Mb L: 3948/12901 MS: 2 CrossOver-EraseBytes-
#15391	NEW    cov: 1357 ft: 3933 corp: 494/749Kb lim: 12901 exec/s: 2565 rss: 71Mb L: 2630/12901 MS: 1 InsertRepeatedBytes-
#15409	NEW    cov: 1357 ft: 3934 corp: 495/750Kb lim: 12901 exec/s: 2568 rss: 71Mb L: 777/12901 MS: 3 ChangeByte-CopyPart-ChangeBit-
#15470	NEW    cov: 1357 ft: 3936 corp: 496/762Kb lim: 12901 exec/s: 2578 rss: 71Mb L: 12901/12901 MS: 1 PersAutoDict- DE: "\015\000\000\000\000\000\000\000"-
#15572	NEW    cov: 1357 ft: 3937 corp: 497/766Kb lim: 12901 exec/s: 2595 rss: 71Mb L: 3701/12901 MS: 2 CopyPart-CopyPart-
#15689	REDUCE cov: 1357 ft: 3937 corp: 497/766Kb lim: 12901 exec/s: 2614 rss: 71Mb L: 1919/12901 MS: 2 ChangeASCIIInt-EraseBytes-
#15728	REDUCE cov: 1359 ft: 3939 corp: 498/766Kb lim: 12901 exec/s: 2621 rss: 71Mb L: 414/12901 MS: 4 PersAutoDict-ChangeBinInt-PersAutoDict-InsertRepeatedBytes- DE: "\377\377\377\017"-"\303\000\000\000\000\000\000\000"-
#15755	REDUCE cov: 1359 ft: 3939 corp: 498/766Kb lim: 12901 exec/s: 2625 rss: 71Mb L: 1218/12901 MS: 2 ShuffleBytes-EraseBytes-
#15761	REDUCE cov: 1359 ft: 3939 corp: 498/766Kb lim: 12901 exec/s: 2626 rss: 71Mb L: 1738/12901 MS: 1 EraseBytes-
#15837	REDUCE cov: 1359 ft: 3939 corp: 498/765Kb lim: 12901 exec/s: 2639 rss: 71Mb L: 5261/12901 MS: 1 EraseBytes-
#16019	REDUCE cov: 1359 ft: 3939 corp: 498/765Kb lim: 12901 exec/s: 2669 rss: 71Mb L: 195/12901 MS: 2 ChangeBit-EraseBytes-
#16026	REDUCE cov: 1360 ft: 3940 corp: 499/766Kb lim: 12901 exec/s: 2671 rss: 71Mb L: 925/12901 MS: 2 ChangeBit-ChangeBit-
#16104	NEW    cov: 1361 ft: 3941 corp: 500/775Kb lim: 12901 exec/s: 2684 rss: 71Mb L: 8863/12901 MS: 3 ChangeByte-CopyPart-InsertByte-
#16267	REDUCE cov: 1361 ft: 3942 corp: 501/775Kb lim: 12901 exec/s: 2711 rss: 71Mb L: 361/12901 MS: 3 InsertRepeatedBytes-CrossOver-ChangeBinInt-
#16288	REDUCE cov: 1361 ft: 3942 corp: 501/775Kb lim: 12901 exec/s: 2714 rss: 71Mb L: 342/12901 MS: 1 EraseBytes-
#16299	REDUCE cov: 1361 ft: 3942 corp: 501/775Kb lim: 12901 exec/s: 2716 rss: 71Mb L: 2041/12901 MS: 1 EraseBytes-
#16336	REDUCE cov: 1361 ft: 3942 corp: 501/771Kb lim: 12901 exec/s: 2722 rss: 71Mb L: 4875/12901 MS: 2 ShuffleBytes-CrossOver-
#16384	pulse  cov: 1361 ft: 3942 corp: 501/771Kb lim: 12901 exec/s: 2730 rss: 71Mb
#16517	NEW    cov: 1361 ft: 3943 corp: 502/778Kb lim: 12901 exec/s: 2359 rss: 71Mb L: 7105/12901 MS: 1 CrossOver-
#16604	REDUCE cov: 1361 ft: 3943 corp: 502/778Kb lim: 12901 exec/s: 2372 rss: 71Mb L: 295/12901 MS: 2 InsertRepeatedBytes-EraseBytes-
#16636	REDUCE cov: 1361 ft: 3943 corp: 502/777Kb lim: 12901 exec/s: 2376 rss: 71Mb L: 4814/12901 MS: 2 InsertRepeatedBytes-EraseBytes-
#16642	REDUCE cov: 1361 ft: 3943 corp: 502/777Kb lim: 12901 exec/s: 2377 rss: 71Mb L: 1517/12901 MS: 1 EraseBytes-
#16715	NEW    cov: 1361 ft: 3945 corp: 503/777Kb lim: 12901 exec/s: 2387 rss: 71Mb L: 237/12901 MS: 3 ChangeBinInt-ChangeASCIIInt-ChangeBit-
#16748	NEW    cov: 1362 ft: 3946 corp: 504/778Kb lim: 12901 exec/s: 2392 rss: 71Mb L: 1201/12901 MS: 3 ChangeByte-CrossOver-InsertRepeatedBytes-
#16799	NEW    cov: 1362 ft: 3947 corp: 505/780Kb lim: 12901 exec/s: 2399 rss: 71Mb L: 1612/12901 MS: 1 CopyPart-
#16857	REDUCE cov: 1362 ft: 3947 corp: 505/780Kb lim: 12901 exec/s: 2408 rss: 71Mb L: 1424/12901 MS: 3 ChangeBit-ChangeBinInt-EraseBytes-
#16870	NEW    cov: 1362 ft: 3948 corp: 506/781Kb lim: 12901 exec/s: 2410 rss: 71Mb L: 1639/12901 MS: 3 ChangeASCIIInt-InsertByte-PersAutoDict- DE: "\376\377\377\377"-
#16936	REDUCE cov: 1362 ft: 3948 corp: 506/781Kb lim: 12901 exec/s: 2419 rss: 71Mb L: 251/12901 MS: 1 EraseBytes-
#16937	NEW    cov: 1362 ft: 3950 corp: 507/782Kb lim: 12901 exec/s: 2419 rss: 71Mb L: 567/12901 MS: 1 CopyPart-
#16998	REDUCE cov: 1362 ft: 3950 corp: 507/781Kb lim: 12901 exec/s: 2428 rss: 71Mb L: 7697/12901 MS: 1 CrossOver-
#17408	REDUCE cov: 1362 ft: 3950 corp: 507/777Kb lim: 12901 exec/s: 2486 rss: 71Mb L: 2819/12901 MS: 5 ShuffleBytes-CopyPart-CMP-ChangeBinInt-CrossOver- DE: "sPLT"-
#17419	NEW    cov: 1362 ft: 3951 corp: 508/779Kb lim: 12901 exec/s: 2488 rss: 71Mb L: 2041/12901 MS: 1 ChangeBit-
#17470	NEW    cov: 1362 ft: 3952 corp: 509/792Kb lim: 12901 exec/s: 2495 rss: 71Mb L: 12901/12901 MS: 1 PersAutoDict- DE: "\006\000"-
#17838	REDUCE cov: 1362 ft: 3952 corp: 509/792Kb lim: 12901 exec/s: 2548 rss: 71Mb L: 730/12901 MS: 3 ShuffleBytes-ChangeByte-EraseBytes-
#17845	REDUCE cov: 1362 ft: 3952 corp: 509/791Kb lim: 12901 exec/s: 2549 rss: 71Mb L: 299/12901 MS: 2 ChangeBinInt-EraseBytes-
#17942	REDUCE cov: 1362 ft: 3952 corp: 509/791Kb lim: 12901 exec/s: 2563 rss: 71Mb L: 559/12901 MS: 2 InsertByte-EraseBytes-
#18233	REDUCE cov: 1362 ft: 3952 corp: 509/791Kb lim: 12901 exec/s: 2604 rss: 71Mb L: 3456/12901 MS: 1 EraseBytes-
#18290	REDUCE cov: 1362 ft: 3952 corp: 509/789Kb lim: 12901 exec/s: 2612 rss: 71Mb L: 4665/12901 MS: 2 InsertByte-EraseBytes-
#18391	REDUCE cov: 1362 ft: 3952 corp: 509/789Kb lim: 12901 exec/s: 2627 rss: 71Mb L: 520/12901 MS: 1 EraseBytes-
#18472	REDUCE cov: 1362 ft: 3952 corp: 509/788Kb lim: 12901 exec/s: 2638 rss: 71Mb L: 261/12901 MS: 1 EraseBytes-
#18538	REDUCE cov: 1362 ft: 3952 corp: 509/788Kb lim: 12901 exec/s: 2648 rss: 71Mb L: 213/12901 MS: 1 EraseBytes-
#18728	REDUCE cov: 1362 ft: 3952 corp: 509/788Kb lim: 12901 exec/s: 2675 rss: 71Mb L: 4367/12901 MS: 5 ShuffleBytes-InsertRepeatedBytes-ChangeByte-ChangeBinInt-CrossOver-
#18764	REDUCE cov: 1362 ft: 3952 corp: 509/788Kb lim: 12901 exec/s: 2680 rss: 71Mb L: 167/12901 MS: 1 EraseBytes-
#18990	NEW    cov: 1364 ft: 3954 corp: 510/789Kb lim: 12901 exec/s: 2712 rss: 71Mb L: 265/12901 MS: 1 ChangeByte-
#19109	REDUCE cov: 1364 ft: 3954 corp: 510/788Kb lim: 12901 exec/s: 2729 rss: 71Mb L: 1775/12901 MS: 4 ChangeByte-CrossOver-InsertRepeatedBytes-CrossOver-
#19230	REDUCE cov: 1364 ft: 3954 corp: 510/788Kb lim: 12901 exec/s: 2747 rss: 75Mb L: 584/12901 MS: 1 EraseBytes-
#19354	NEW    cov: 1365 ft: 3955 corp: 511/788Kb lim: 12901 exec/s: 2764 rss: 75Mb L: 335/12901 MS: 4 InsertByte-CopyPart-CopyPart-CMP- DE: "bKGD"-
#19378	REDUCE cov: 1365 ft: 3955 corp: 511/788Kb lim: 12901 exec/s: 2768 rss: 75Mb L: 471/12901 MS: 4 CrossOver-ShuffleBytes-CMP-EraseBytes- DE: "\303\000\000\000\000\000\000\000"-
#19554	NEW    cov: 1365 ft: 3957 corp: 512/788Kb lim: 12901 exec/s: 2793 rss: 75Mb L: 208/12901 MS: 1 CopyPart-
#19592	REDUCE cov: 1365 ft: 3957 corp: 512/788Kb lim: 12901 exec/s: 2798 rss: 75Mb L: 2026/12901 MS: 3 PersAutoDict-EraseBytes-InsertRepeatedBytes- DE: "mDCV"-
#19600	REDUCE cov: 1366 ft: 3960 corp: 513/791Kb lim: 12901 exec/s: 2800 rss: 75Mb L: 2820/12901 MS: 3 ChangeASCIIInt-InsertByte-ChangeBit-
#19638	NEW    cov: 1366 ft: 3962 corp: 514/792Kb lim: 12901 exec/s: 2454 rss: 75Mb L: 561/12901 MS: 3 ChangeBinInt-InsertRepeatedBytes-PersAutoDict- DE: "\011\000\000\000"-
#19649	NEW    cov: 1366 ft: 3963 corp: 515/794Kb lim: 12901 exec/s: 2456 rss: 75Mb L: 2624/12901 MS: 1 CopyPart-
#19691	REDUCE cov: 1366 ft: 3963 corp: 515/794Kb lim: 12901 exec/s: 2461 rss: 75Mb L: 174/12901 MS: 2 InsertByte-EraseBytes-
#19732	NEW    cov: 1368 ft: 3965 corp: 516/795Kb lim: 12901 exec/s: 2466 rss: 75Mb L: 794/12901 MS: 1 InsertRepeatedBytes-
#19763	REDUCE cov: 1368 ft: 3965 corp: 516/795Kb lim: 12901 exec/s: 2470 rss: 75Mb L: 1152/12901 MS: 1 EraseBytes-
#19854	REDUCE cov: 1368 ft: 3965 corp: 516/794Kb lim: 12901 exec/s: 2481 rss: 75Mb L: 196/12901 MS: 1 EraseBytes-
#20035	REDUCE cov: 1368 ft: 3965 corp: 516/794Kb lim: 12901 exec/s: 2504 rss: 75Mb L: 360/12901 MS: 1 EraseBytes-
#20042	NEW    cov: 1369 ft: 3966 corp: 517/795Kb lim: 12901 exec/s: 2505 rss: 75Mb L: 150/12901 MS: 2 CMP-PersAutoDict- DE: "iCCP"-"zTXt"-
#20138	REDUCE cov: 1369 ft: 3966 corp: 517/791Kb lim: 12901 exec/s: 2517 rss: 75Mb L: 7354/12901 MS: 1 EraseBytes-
#20235	REDUCE cov: 1369 ft: 3966 corp: 517/791Kb lim: 12901 exec/s: 2529 rss: 75Mb L: 866/12901 MS: 2 ChangeBit-EraseBytes-
#20390	REDUCE cov: 1372 ft: 3969 corp: 518/791Kb lim: 12901 exec/s: 2548 rss: 75Mb L: 252/12901 MS: 5 EraseBytes-InsertRepeatedBytes-ShuffleBytes-ChangeASCIIInt-PersAutoDict- DE: "iCCP"-
#20460	REDUCE cov: 1372 ft: 3969 corp: 518/791Kb lim: 12901 exec/s: 2557 rss: 75Mb L: 109/12901 MS: 5 ChangeBit-ChangeBit-ChangeASCIIInt-ChangeBinInt-EraseBytes-
#20651	REDUCE cov: 1372 ft: 3969 corp: 518/791Kb lim: 12901 exec/s: 2581 rss: 75Mb L: 495/12901 MS: 1 EraseBytes-
#20668	NEW    cov: 1372 ft: 3970 corp: 519/791Kb lim: 12901 exec/s: 2583 rss: 75Mb L: 259/12901 MS: 2 ChangeASCIIInt-PersAutoDict- DE: "\001\000\000\000\000\000\000\000"-
#20828	REDUCE cov: 1372 ft: 3970 corp: 519/791Kb lim: 12901 exec/s: 2603 rss: 75Mb L: 378/12901 MS: 5 InsertByte-ChangeASCIIInt-InsertRepeatedBytes-PersAutoDict-EraseBytes- DE: "\011\000\000\000"-
#20888	REDUCE cov: 1372 ft: 3970 corp: 519/791Kb lim: 12901 exec/s: 2611 rss: 75Mb L: 247/12901 MS: 5 ChangeByte-CrossOver-CopyPart-ChangeASCIIInt-EraseBytes-
#20896	REDUCE cov: 1372 ft: 3970 corp: 519/789Kb lim: 12901 exec/s: 2612 rss: 75Mb L: 5425/12901 MS: 3 ChangeASCIIInt-CrossOver-EraseBytes-
#20977	REDUCE cov: 1372 ft: 3970 corp: 519/789Kb lim: 12901 exec/s: 2622 rss: 75Mb L: 131/12901 MS: 1 EraseBytes-
#21158	REDUCE cov: 1372 ft: 3970 corp: 519/789Kb lim: 12901 exec/s: 2644 rss: 75Mb L: 96/12901 MS: 1 EraseBytes-
#21395	REDUCE cov: 1372 ft: 3970 corp: 519/789Kb lim: 12901 exec/s: 2674 rss: 75Mb L: 349/12901 MS: 2 CopyPart-EraseBytes-
#21439	NEW    cov: 1373 ft: 3971 corp: 520/789Kb lim: 12901 exec/s: 2679 rss: 75Mb L: 710/12901 MS: 4 CrossOver-ChangeByte-ChangeByte-PersAutoDict- DE: "eXIf"-
#21499	REDUCE cov: 1373 ft: 3971 corp: 520/787Kb lim: 12901 exec/s: 2687 rss: 75Mb L: 3390/12901 MS: 5 InsertByte-ChangeBit-CrossOver-CrossOver-EraseBytes-
#21533	REDUCE cov: 1373 ft: 3971 corp: 520/787Kb lim: 12901 exec/s: 2691 rss: 75Mb L: 3192/12901 MS: 4 ShuffleBytes-ChangeByte-ChangeBit-EraseBytes-
#21727	REDUCE cov: 1374 ft: 3972 corp: 521/790Kb lim: 12901 exec/s: 2715 rss: 75Mb L: 2381/12901 MS: 4 CrossOver-CrossOver-CrossOver-EraseBytes-
#21823	REDUCE cov: 1374 ft: 3972 corp: 521/789Kb lim: 12901 exec/s: 2727 rss: 75Mb L: 224/12901 MS: 1 EraseBytes-
#21849	REDUCE cov: 1374 ft: 3972 corp: 521/789Kb lim: 12901 exec/s: 2731 rss: 75Mb L: 235/12901 MS: 1 EraseBytes-
#21890	REDUCE cov: 1374 ft: 3972 corp: 521/789Kb lim: 12901 exec/s: 2736 rss: 75Mb L: 375/12901 MS: 1 EraseBytes-
#21911	NEW    cov: 1374 ft: 3973 corp: 522/789Kb lim: 12901 exec/s: 2738 rss: 75Mb L: 167/12901 MS: 1 ChangeByte-
#21922	REDUCE cov: 1374 ft: 3973 corp: 522/789Kb lim: 12901 exec/s: 2740 rss: 75Mb L: 3196/12901 MS: 1 EraseBytes-
#21999	NEW    cov: 1374 ft: 3975 corp: 523/790Kb lim: 12901 exec/s: 2749 rss: 75Mb L: 419/12901 MS: 2 ChangeASCIIInt-EraseBytes-
#22003	NEW    cov: 1375 ft: 3976 corp: 524/792Kb lim: 12901 exec/s: 2750 rss: 75Mb L: 2075/12901 MS: 4 InsertByte-InsertByte-ChangeBit-CMP- DE: "sPLT"-
#22158	NEW    cov: 1375 ft: 3977 corp: 525/795Kb lim: 12901 exec/s: 2769 rss: 75Mb L: 3523/12901 MS: 5 InsertByte-ChangeASCIIInt-PersAutoDict-ChangeASCIIInt-InsertRepeatedBytes- DE: "zTXt"-
#22184	REDUCE cov: 1375 ft: 3977 corp: 525/795Kb lim: 12901 exec/s: 2773 rss: 75Mb L: 211/12901 MS: 1 EraseBytes-
#22213	REDUCE cov: 1375 ft: 3977 corp: 525/795Kb lim: 12901 exec/s: 2776 rss: 75Mb L: 169/12901 MS: 4 PersAutoDict-CopyPart-ShuffleBytes-EraseBytes- DE: "pHYs"-
#22252	NEW    cov: 1375 ft: 3978 corp: 526/797Kb lim: 12901 exec/s: 2781 rss: 75Mb L: 2210/12901 MS: 4 ChangeASCIIInt-CMP-ChangeBinInt-ChangeBit- DE: "zTXt"-
#22268	REDUCE cov: 1375 ft: 3978 corp: 526/797Kb lim: 12901 exec/s: 2783 rss: 75Mb L: 268/12901 MS: 1 EraseBytes-
#22394	REDUCE cov: 1375 ft: 3980 corp: 527/798Kb lim: 12901 exec/s: 2799 rss: 75Mb L: 663/12901 MS: 1 CopyPart-
#22470	REDUCE cov: 1375 ft: 3980 corp: 527/798Kb lim: 12901 exec/s: 2808 rss: 75Mb L: 54/12901 MS: 1 EraseBytes-
#22502	NEW    cov: 1375 ft: 3982 corp: 528/798Kb lim: 12901 exec/s: 2812 rss: 75Mb L: 116/12901 MS: 2 ChangeASCIIInt-ChangeBinInt-
#22633	REDUCE cov: 1375 ft: 3982 corp: 528/798Kb lim: 12901 exec/s: 2829 rss: 75Mb L: 287/12901 MS: 1 EraseBytes-
#22716	NEW    cov: 1375 ft: 3983 corp: 529/811Kb lim: 12901 exec/s: 2839 rss: 75Mb L: 12901/12901 MS: 3 ChangeASCIIInt-ChangeByte-PersAutoDict- DE: "\000\000\000\374"-
#22963	REDUCE cov: 1375 ft: 3983 corp: 529/811Kb lim: 12901 exec/s: 2870 rss: 75Mb L: 224/12901 MS: 2 ChangeBinInt-EraseBytes-
#22964	NEW    cov: 1375 ft: 3985 corp: 530/813Kb lim: 12901 exec/s: 2870 rss: 75Mb L: 2081/12901 MS: 1 CrossOver-
#22987	REDUCE cov: 1375 ft: 3985 corp: 530/812Kb lim: 12901 exec/s: 2873 rss: 75Mb L: 164/12901 MS: 3 InsertRepeatedBytes-ChangeByte-CrossOver-
#23084	REDUCE cov: 1375 ft: 3985 corp: 530/812Kb lim: 12901 exec/s: 2885 rss: 75Mb L: 6155/12901 MS: 2 PersAutoDict-EraseBytes- DE: "bKGD"-
#23139	REDUCE cov: 1375 ft: 3985 corp: 530/812Kb lim: 12901 exec/s: 2892 rss: 75Mb L: 215/12901 MS: 5 ChangeBinInt-PersAutoDict-ChangeBinInt-ChangeBit-EraseBytes- DE: "TIBs"-
#23145	REDUCE cov: 1375 ft: 3985 corp: 530/812Kb lim: 12901 exec/s: 2893 rss: 75Mb L: 137/12901 MS: 1 EraseBytes-
#23187	REDUCE cov: 1375 ft: 3985 corp: 530/810Kb lim: 12901 exec/s: 2898 rss: 75Mb L: 2270/12901 MS: 2 ChangeBit-EraseBytes-
#23190	REDUCE cov: 1375 ft: 3985 corp: 530/808Kb lim: 12901 exec/s: 2898 rss: 75Mb L: 2977/12901 MS: 3 PersAutoDict-ChangeBinInt-EraseBytes- DE: "\011\000\000\000\000\000\000\000"-
#23197	REDUCE cov: 1375 ft: 3985 corp: 530/807Kb lim: 12901 exec/s: 2899 rss: 75Mb L: 1061/12901 MS: 2 CrossOver-EraseBytes-
#23349	NEW    cov: 1375 ft: 3986 corp: 531/807Kb lim: 12901 exec/s: 2918 rss: 75Mb L: 325/12901 MS: 2 ChangeBit-ChangeBit-
#23352	REDUCE cov: 1375 ft: 3986 corp: 531/807Kb lim: 12901 exec/s: 2919 rss: 75Mb L: 156/12901 MS: 3 ChangeByte-ShuffleBytes-EraseBytes-
#23413	REDUCE cov: 1375 ft: 3986 corp: 531/807Kb lim: 12901 exec/s: 2926 rss: 75Mb L: 182/12901 MS: 1 EraseBytes-
#23429	REDUCE cov: 1375 ft: 3986 corp: 531/807Kb lim: 12901 exec/s: 2928 rss: 75Mb L: 237/12901 MS: 1 EraseBytes-
#23487	REDUCE cov: 1375 ft: 3986 corp: 531/807Kb lim: 12901 exec/s: 2935 rss: 75Mb L: 670/12901 MS: 3 PersAutoDict-CMP-EraseBytes- DE: "mDCV"-"\001\000\000\000"-
#23488	REDUCE cov: 1375 ft: 3986 corp: 531/807Kb lim: 12901 exec/s: 2936 rss: 75Mb L: 334/12901 MS: 1 EraseBytes-
#23555	REDUCE cov: 1375 ft: 3986 corp: 531/807Kb lim: 12901 exec/s: 2944 rss: 75Mb L: 64/12901 MS: 2 PersAutoDict-EraseBytes- DE: "\001\000\000\000"-
#23568	REDUCE cov: 1375 ft: 3986 corp: 531/807Kb lim: 12901 exec/s: 2946 rss: 75Mb L: 59/12901 MS: 3 ChangeASCIIInt-ChangeASCIIInt-EraseBytes-
#23685	REDUCE cov: 1375 ft: 3986 corp: 531/807Kb lim: 12901 exec/s: 2960 rss: 75Mb L: 283/12901 MS: 2 InsertRepeatedBytes-EraseBytes-
#23718	REDUCE cov: 1375 ft: 3986 corp: 531/806Kb lim: 12901 exec/s: 2635 rss: 75Mb L: 1864/12901 MS: 3 PersAutoDict-CrossOver-EraseBytes- DE: "\262\000\000\000"-
#23804	NEW    cov: 1376 ft: 3987 corp: 532/807Kb lim: 12901 exec/s: 2644 rss: 75Mb L: 342/12901 MS: 1 CopyPart-
#23819	NEW    cov: 1377 ft: 3988 corp: 533/816Kb lim: 12901 exec/s: 2646 rss: 75Mb L: 8920/12901 MS: 5 InsertRepeatedBytes-ShuffleBytes-CrossOver-ShuffleBytes-ChangeBit-
#23836	REDUCE cov: 1377 ft: 3988 corp: 533/815Kb lim: 12901 exec/s: 2648 rss: 75Mb L: 204/12901 MS: 2 ShuffleBytes-EraseBytes-
#23850	REDUCE cov: 1377 ft: 3988 corp: 533/815Kb lim: 12901 exec/s: 2650 rss: 75Mb L: 102/12901 MS: 4 ChangeASCIIInt-ChangeByte-ShuffleBytes-EraseBytes-
#23946	REDUCE cov: 1377 ft: 3988 corp: 533/815Kb lim: 12901 exec/s: 2660 rss: 75Mb L: 1892/12901 MS: 1 EraseBytes-
#23982	REDUCE cov: 1377 ft: 3988 corp: 533/815Kb lim: 12901 exec/s: 2664 rss: 75Mb L: 694/12901 MS: 1 EraseBytes-
#24013	REDUCE cov: 1377 ft: 3988 corp: 533/815Kb lim: 12901 exec/s: 2668 rss: 75Mb L: 906/12901 MS: 1 EraseBytes-
#24104	REDUCE cov: 1377 ft: 3988 corp: 533/815Kb lim: 12901 exec/s: 2678 rss: 75Mb L: 85/12901 MS: 1 EraseBytes-
#24155	REDUCE cov: 1377 ft: 3988 corp: 533/814Kb lim: 12901 exec/s: 2683 rss: 75Mb L: 5234/12901 MS: 1 EraseBytes-
#24158	REDUCE cov: 1377 ft: 3988 corp: 533/814Kb lim: 12901 exec/s: 2684 rss: 75Mb L: 349/12901 MS: 3 ChangeASCIIInt-InsertRepeatedBytes-EraseBytes-
#24164	REDUCE cov: 1377 ft: 3988 corp: 533/813Kb lim: 12901 exec/s: 2684 rss: 75Mb L: 1804/12901 MS: 1 EraseBytes-
#24221	REDUCE cov: 1377 ft: 3988 corp: 533/813Kb lim: 12901 exec/s: 2691 rss: 75Mb L: 250/12901 MS: 2 InsertByte-EraseBytes-
#24301	NEW    cov: 1377 ft: 3989 corp: 534/816Kb lim: 12901 exec/s: 2700 rss: 75Mb L: 2824/12901 MS: 5 ChangeByte-CopyPart-PersAutoDict-ChangeByte-ChangeASCIIInt- DE: "sTER"-
#24444	REDUCE cov: 1377 ft: 3989 corp: 534/816Kb lim: 12901 exec/s: 2716 rss: 75Mb L: 1500/12901 MS: 3 ChangeBit-ChangeASCIIInt-EraseBytes-
#24507	NEW    cov: 1377 ft: 3990 corp: 535/816Kb lim: 12901 exec/s: 2723 rss: 75Mb L: 223/12901 MS: 3 ChangeBit-EraseBytes-InsertRepeatedBytes-
#24583	REDUCE cov: 1377 ft: 3990 corp: 535/816Kb lim: 12901 exec/s: 2731 rss: 75Mb L: 254/12901 MS: 1 EraseBytes-
#24829	REDUCE cov: 1377 ft: 3990 corp: 535/816Kb lim: 12901 exec/s: 2758 rss: 75Mb L: 1486/12901 MS: 1 EraseBytes-
#24831	REDUCE cov: 1377 ft: 3990 corp: 535/816Kb lim: 12901 exec/s: 2759 rss: 75Mb L: 318/12901 MS: 2 ChangeBinInt-EraseBytes-
#25103	REDUCE cov: 1377 ft: 3990 corp: 535/816Kb lim: 12901 exec/s: 2789 rss: 75Mb L: 82/12901 MS: 2 ChangeASCIIInt-EraseBytes-
#25109	REDUCE cov: 1377 ft: 3990 corp: 535/815Kb lim: 12901 exec/s: 2789 rss: 75Mb L: 1062/12901 MS: 1 EraseBytes-
#25111	REDUCE cov: 1378 ft: 3991 corp: 536/819Kb lim: 12901 exec/s: 2790 rss: 75Mb L: 4208/12901 MS: 2 ChangeBinInt-InsertByte-
#25137	REDUCE cov: 1378 ft: 3991 corp: 536/819Kb lim: 12901 exec/s: 2793 rss: 75Mb L: 90/12901 MS: 1 EraseBytes-
#25200	REDUCE cov: 1378 ft: 3991 corp: 536/819Kb lim: 12901 exec/s: 2800 rss: 75Mb L: 42/12901 MS: 3 ChangeBinInt-ChangeByte-EraseBytes-
#25230	REDUCE cov: 1378 ft: 3991 corp: 536/819Kb lim: 12901 exec/s: 2803 rss: 75Mb L: 1513/12901 MS: 5 ChangeBit-EraseBytes-CopyPart-ChangeByte-InsertRepeatedBytes-
#25306	REDUCE cov: 1378 ft: 3991 corp: 536/819Kb lim: 12901 exec/s: 2811 rss: 75Mb L: 1382/12901 MS: 1 EraseBytes-
#25314	REDUCE cov: 1378 ft: 3991 corp: 536/819Kb lim: 12901 exec/s: 2812 rss: 75Mb L: 2992/12901 MS: 3 CopyPart-CrossOver-EraseBytes-
#25315	NEW    cov: 1378 ft: 3994 corp: 537/819Kb lim: 12901 exec/s: 2812 rss: 75Mb L: 201/12901 MS: 1 ChangeBit-
#25317	REDUCE cov: 1378 ft: 3994 corp: 537/819Kb lim: 12901 exec/s: 2813 rss: 75Mb L: 217/12901 MS: 2 ChangeBinInt-EraseBytes-
#25358	REDUCE cov: 1378 ft: 3994 corp: 537/819Kb lim: 12901 exec/s: 2817 rss: 75Mb L: 2907/12901 MS: 1 EraseBytes-
#25394	NEW    cov: 1378 ft: 3995 corp: 538/821Kb lim: 12901 exec/s: 2821 rss: 75Mb L: 2043/12901 MS: 1 ShuffleBytes-
#25470	NEW    cov: 1378 ft: 3997 corp: 539/821Kb lim: 12901 exec/s: 2830 rss: 75Mb L: 116/12901 MS: 1 ShuffleBytes-
#25537	REDUCE cov: 1378 ft: 3997 corp: 539/821Kb lim: 12901 exec/s: 2837 rss: 75Mb L: 969/12901 MS: 2 CopyPart-EraseBytes-
#25634	NEW    cov: 1378 ft: 3998 corp: 540/822Kb lim: 12901 exec/s: 2848 rss: 75Mb L: 1038/12901 MS: 2 ChangeBinInt-ChangeBinInt-
#25678	REDUCE cov: 1378 ft: 3998 corp: 540/822Kb lim: 12901 exec/s: 2853 rss: 75Mb L: 489/12901 MS: 4 InsertByte-ChangeASCIIInt-InsertRepeatedBytes-EraseBytes-
#25684	NEW    cov: 1378 ft: 4000 corp: 541/830Kb lim: 12901 exec/s: 2853 rss: 75Mb L: 8920/12901 MS: 1 CrossOver-
#25810	REDUCE cov: 1378 ft: 4000 corp: 541/830Kb lim: 12901 exec/s: 2867 rss: 75Mb L: 234/12901 MS: 1 EraseBytes-
#25813	REDUCE cov: 1378 ft: 4000 corp: 541/830Kb lim: 12901 exec/s: 2868 rss: 75Mb L: 392/12901 MS: 3 ChangeBit-CrossOver-EraseBytes-
#25862	REDUCE cov: 1378 ft: 4000 corp: 541/829Kb lim: 12901 exec/s: 2873 rss: 75Mb L: 1733/12901 MS: 4 CMP-ChangeByte-CrossOver-EraseBytes- DE: "\001\000\000\000\000\000\000\031"-
#25882	REDUCE cov: 1378 ft: 4000 corp: 541/829Kb lim: 12901 exec/s: 2875 rss: 75Mb L: 114/12901 MS: 5 InsertByte-ChangeBit-ChangeBit-ChangeByte-EraseBytes-
#25899	REDUCE cov: 1379 ft: 4001 corp: 542/829Kb lim: 12901 exec/s: 2877 rss: 75Mb L: 177/12901 MS: 2 ChangeBit-CopyPart-
#25911	REDUCE cov: 1380 ft: 4002 corp: 543/833Kb lim: 12901 exec/s: 2879 rss: 75Mb L: 3490/12901 MS: 2 ChangeBit-InsertRepeatedBytes-
#25962	REDUCE cov: 1380 ft: 4002 corp: 543/833Kb lim: 12901 exec/s: 2884 rss: 75Mb L: 151/12901 MS: 1 EraseBytes-
#25963	REDUCE cov: 1380 ft: 4002 corp: 543/833Kb lim: 12901 exec/s: 2884 rss: 75Mb L: 80/12901 MS: 1 EraseBytes-
#25964	NEW    cov: 1380 ft: 4003 corp: 544/833Kb lim: 12901 exec/s: 2884 rss: 75Mb L: 139/12901 MS: 1 PersAutoDict- DE: ";\000"-
#25997	REDUCE cov: 1380 ft: 4003 corp: 544/833Kb lim: 12901 exec/s: 2888 rss: 75Mb L: 352/12901 MS: 3 ChangeBinInt-ChangeBit-EraseBytes-
#26049	REDUCE cov: 1380 ft: 4003 corp: 544/833Kb lim: 12901 exec/s: 2894 rss: 75Mb L: 810/12901 MS: 2 ChangeBit-EraseBytes-
#26085	REDUCE cov: 1380 ft: 4003 corp: 544/832Kb lim: 12901 exec/s: 2898 rss: 75Mb L: 1105/12901 MS: 1 EraseBytes-
#26291	REDUCE cov: 1380 ft: 4004 corp: 545/834Kb lim: 12901 exec/s: 2921 rss: 75Mb L: 1500/12901 MS: 1 ChangeBinInt-
#26304	NEW    cov: 1380 ft: 4007 corp: 546/835Kb lim: 12901 exec/s: 2922 rss: 75Mb L: 777/12901 MS: 3 ChangeBinInt-CMP-PersAutoDict- DE: "mDCV"-"oFFs"-
#26386	REDUCE cov: 1380 ft: 4007 corp: 546/834Kb lim: 12901 exec/s: 2931 rss: 75Mb L: 923/12901 MS: 2 InsertRepeatedBytes-EraseBytes-
#26387	REDUCE cov: 1380 ft: 4007 corp: 546/834Kb lim: 12901 exec/s: 2931 rss: 75Mb L: 250/12901 MS: 1 EraseBytes-
#26478	REDUCE cov: 1380 ft: 4007 corp: 546/834Kb lim: 12901 exec/s: 2942 rss: 75Mb L: 732/12901 MS: 1 EraseBytes-
#26520	REDUCE cov: 1380 ft: 4007 corp: 546/834Kb lim: 12901 exec/s: 2946 rss: 75Mb L: 310/12901 MS: 2 ShuffleBytes-EraseBytes-
#26579	REDUCE cov: 1380 ft: 4007 corp: 546/834Kb lim: 12901 exec/s: 2953 rss: 75Mb L: 623/12901 MS: 4 PersAutoDict-PersAutoDict-ChangeASCIIInt-EraseBytes- DE: "\000\000\000\001"-"iCCP"-
#26592	REDUCE cov: 1380 ft: 4007 corp: 546/833Kb lim: 12901 exec/s: 2954 rss: 75Mb L: 513/12901 MS: 3 ChangeBinInt-ChangeBinInt-EraseBytes-
#26630	REDUCE cov: 1380 ft: 4007 corp: 546/832Kb lim: 12901 exec/s: 2958 rss: 75Mb L: 11912/12901 MS: 3 CrossOver-ChangeBit-CrossOver-
#26636	NEW    cov: 1380 ft: 4008 corp: 547/833Kb lim: 12901 exec/s: 2959 rss: 75Mb L: 246/12901 MS: 1 CopyPart-
#26667	REDUCE cov: 1380 ft: 4009 corp: 548/833Kb lim: 12901 exec/s: 2963 rss: 75Mb L: 399/12901 MS: 1 InsertRepeatedBytes-
#26726	REDUCE cov: 1380 ft: 4009 corp: 548/833Kb lim: 12901 exec/s: 2969 rss: 75Mb L: 261/12901 MS: 4 CopyPart-InsertRepeatedBytes-PersAutoDict-EraseBytes- DE: "\001\000\000\000\000\000\000\000"-
#26869	REDUCE cov: 1380 ft: 4009 corp: 548/833Kb lim: 12901 exec/s: 2985 rss: 75Mb L: 170/12901 MS: 3 CMP-ShuffleBytes-EraseBytes- DE: "sBIT"-
#26881	REDUCE cov: 1380 ft: 4009 corp: 548/833Kb lim: 12901 exec/s: 2986 rss: 75Mb L: 141/12901 MS: 2 ChangeByte-EraseBytes-
#27116	NEW    cov: 1380 ft: 4010 corp: 549/835Kb lim: 12901 exec/s: 3012 rss: 75Mb L: 2132/12901 MS: 5 CopyPart-PersAutoDict-ChangeASCIIInt-ChangeByte-PersAutoDict- DE: "zTXt"-"\001\000\000\000\000\000\000\000"-
#27157	REDUCE cov: 1380 ft: 4010 corp: 549/835Kb lim: 12901 exec/s: 3017 rss: 75Mb L: 128/12901 MS: 1 EraseBytes-
#27158	REDUCE cov: 1380 ft: 4010 corp: 549/835Kb lim: 12901 exec/s: 3017 rss: 75Mb L: 62/12901 MS: 1 EraseBytes-
#27293	REDUCE cov: 1380 ft: 4010 corp: 549/835Kb lim: 12901 exec/s: 3032 rss: 75Mb L: 296/12901 MS: 5 ChangeByte-ChangeBit-ShuffleBytes-ChangeBit-EraseBytes-
#27436	REDUCE cov: 1380 ft: 4010 corp: 549/835Kb lim: 12901 exec/s: 3048 rss: 75Mb L: 364/12901 MS: 3 ChangeBinInt-PersAutoDict-EraseBytes- DE: "\011\000\000\000"-
#27488	REDUCE cov: 1380 ft: 4010 corp: 549/835Kb lim: 12901 exec/s: 3054 rss: 75Mb L: 3436/12901 MS: 2 InsertRepeatedBytes-EraseBytes-
#27529	REDUCE cov: 1380 ft: 4010 corp: 549/835Kb lim: 12901 exec/s: 2752 rss: 75Mb L: 846/12901 MS: 1 EraseBytes-
#27618	REDUCE cov: 1380 ft: 4010 corp: 549/834Kb lim: 12901 exec/s: 2761 rss: 75Mb L: 617/12901 MS: 4 ChangeASCIIInt-ChangeBinInt-InsertByte-EraseBytes-
#27875	REDUCE cov: 1380 ft: 4010 corp: 549/834Kb lim: 12901 exec/s: 2787 rss: 75Mb L: 2411/12901 MS: 2 ChangeBit-EraseBytes-
#27992	NEW    cov: 1380 ft: 4011 corp: 550/842Kb lim: 12901 exec/s: 2799 rss: 75Mb L: 8657/12901 MS: 2 ChangeASCIIInt-InsertRepeatedBytes-
#28103	REDUCE cov: 1380 ft: 4011 corp: 550/842Kb lim: 12901 exec/s: 2810 rss: 75Mb L: 163/12901 MS: 1 EraseBytes-
#28389	REDUCE cov: 1380 ft: 4011 corp: 550/842Kb lim: 12901 exec/s: 2838 rss: 75Mb L: 380/12901 MS: 1 CrossOver-
#28666	REDUCE cov: 1381 ft: 4012 corp: 551/842Kb lim: 12901 exec/s: 2866 rss: 75Mb L: 97/12901 MS: 2 ChangeBit-EraseBytes-
#28810	REDUCE cov: 1381 ft: 4012 corp: 551/842Kb lim: 12901 exec/s: 2881 rss: 75Mb L: 441/12901 MS: 4 ShuffleBytes-ChangeBinInt-ChangeASCIIInt-EraseBytes-
#28889	REDUCE cov: 1381 ft: 4012 corp: 551/842Kb lim: 12901 exec/s: 2888 rss: 75Mb L: 89/12901 MS: 4 ChangeBinInt-PersAutoDict-InsertByte-EraseBytes- DE: "pHYs"-
#28972	NEW    cov: 1381 ft: 4013 corp: 552/855Kb lim: 12901 exec/s: 2897 rss: 75Mb L: 12901/12901 MS: 3 ChangeBinInt-ShuffleBytes-ChangeASCIIInt-
#29012	REDUCE cov: 1381 ft: 4013 corp: 552/854Kb lim: 12901 exec/s: 2901 rss: 75Mb L: 3470/12901 MS: 5 CopyPart-InsertRepeatedBytes-PersAutoDict-CrossOver-CrossOver- DE: "\001\000\000\000"-
#29026	REDUCE cov: 1381 ft: 4013 corp: 552/854Kb lim: 12901 exec/s: 2902 rss: 75Mb L: 108/12901 MS: 4 ChangeBit-ChangeASCIIInt-InsertByte-EraseBytes-
#29085	REDUCE cov: 1381 ft: 4013 corp: 552/854Kb lim: 12901 exec/s: 2908 rss: 75Mb L: 178/12901 MS: 4 ChangeByte-ChangeByte-PersAutoDict-EraseBytes- DE: "\006\000"-
#29131	NEW    cov: 1381 ft: 4016 corp: 553/855Kb lim: 12901 exec/s: 2913 rss: 75Mb L: 208/12901 MS: 1 ChangeBit-
#29357	NEW    cov: 1381 ft: 4017 corp: 554/855Kb lim: 12901 exec/s: 2935 rss: 75Mb L: 745/12901 MS: 1 CMP- DE: "sBIT"-
#29380	REDUCE cov: 1381 ft: 4017 corp: 554/855Kb lim: 12901 exec/s: 2938 rss: 75Mb L: 2120/12901 MS: 3 ChangeASCIIInt-InsertByte-EraseBytes-
#29441	REDUCE cov: 1381 ft: 4017 corp: 554/853Kb lim: 12901 exec/s: 2944 rss: 75Mb L: 3572/12901 MS: 1 EraseBytes-
#29627	REDUCE cov: 1381 ft: 4017 corp: 554/853Kb lim: 12901 exec/s: 2962 rss: 75Mb L: 1749/12901 MS: 1 EraseBytes-
#29642	REDUCE cov: 1381 ft: 4017 corp: 554/853Kb lim: 12901 exec/s: 2964 rss: 75Mb L: 3423/12901 MS: 5 ChangeASCIIInt-ShuffleBytes-PersAutoDict-PersAutoDict-EraseBytes- DE: "eXIf"-"\262\000\000\000"-
#29693	REDUCE cov: 1381 ft: 4017 corp: 554/852Kb lim: 12901 exec/s: 2969 rss: 75Mb L: 616/12901 MS: 1 EraseBytes-
#29784	REDUCE cov: 1381 ft: 4018 corp: 555/853Kb lim: 12901 exec/s: 2978 rss: 75Mb L: 255/12901 MS: 1 PersAutoDict- DE: "\000\000\000\000\000\000\000\000"-
#29801	NEW    cov: 1384 ft: 4021 corp: 556/853Kb lim: 12901 exec/s: 2980 rss: 75Mb L: 398/12901 MS: 2 CopyPart-ShuffleBytes-
#29837	REDUCE cov: 1384 ft: 4021 corp: 556/847Kb lim: 12901 exec/s: 2983 rss: 75Mb L: 2643/12901 MS: 1 CrossOver-
#29983	REDUCE cov: 1384 ft: 4021 corp: 556/845Kb lim: 12901 exec/s: 2998 rss: 75Mb L: 7018/12901 MS: 1 EraseBytes-
#30144	REDUCE cov: 1384 ft: 4021 corp: 556/841Kb lim: 12901 exec/s: 3014 rss: 75Mb L: 515/12901 MS: 1 CrossOver-
#30157	REDUCE cov: 1384 ft: 4021 corp: 556/841Kb lim: 12901 exec/s: 3015 rss: 75Mb L: 6224/12901 MS: 3 ChangeBit-ChangeBinInt-EraseBytes-
#30757	REDUCE cov: 1384 ft: 4021 corp: 556/841Kb lim: 12901 exec/s: 3075 rss: 75Mb L: 214/12901 MS: 5 ChangeBit-ShuffleBytes-ShuffleBytes-InsertByte-EraseBytes-
#30760	REDUCE cov: 1384 ft: 4021 corp: 556/840Kb lim: 12901 exec/s: 3076 rss: 75Mb L: 292/12901 MS: 3 ChangeByte-ChangeByte-EraseBytes-
#30781	REDUCE cov: 1384 ft: 4021 corp: 556/840Kb lim: 12901 exec/s: 3078 rss: 75Mb L: 188/12901 MS: 1 EraseBytes-
#30897	REDUCE cov: 1384 ft: 4021 corp: 556/840Kb lim: 12901 exec/s: 3089 rss: 75Mb L: 846/12901 MS: 1 EraseBytes-
#30918	REDUCE cov: 1384 ft: 4021 corp: 556/840Kb lim: 12901 exec/s: 3091 rss: 75Mb L: 210/12901 MS: 1 EraseBytes-
#31030	REDUCE cov: 1384 ft: 4021 corp: 556/840Kb lim: 12901 exec/s: 3103 rss: 75Mb L: 762/12901 MS: 2 ChangeByte-EraseBytes-
#31174	REDUCE cov: 1384 ft: 4021 corp: 556/840Kb lim: 12901 exec/s: 3117 rss: 75Mb L: 998/12901 MS: 4 InsertRepeatedBytes-ChangeByte-InsertByte-EraseBytes-
#31248	REDUCE cov: 1384 ft: 4021 corp: 556/840Kb lim: 12901 exec/s: 3124 rss: 75Mb L: 393/12901 MS: 4 ChangeByte-InsertByte-InsertRepeatedBytes-EraseBytes-
#31373	REDUCE cov: 1384 ft: 4024 corp: 557/841Kb lim: 12901 exec/s: 3137 rss: 75Mb L: 1011/12901 MS: 5 ChangeBit-ShuffleBytes-CopyPart-InsertRepeatedBytes-CopyPart-
#31445	REDUCE cov: 1384 ft: 4024 corp: 557/840Kb lim: 12901 exec/s: 3144 rss: 75Mb L: 4692/12901 MS: 2 ChangeByte-EraseBytes-
#31500	NEW    cov: 1384 ft: 4025 corp: 558/840Kb lim: 12901 exec/s: 3150 rss: 75Mb L: 217/12901 MS: 5 ShuffleBytes-InsertRepeatedBytes-ChangeBinInt-InsertRepeatedBytes-ShuffleBytes-
#31557	REDUCE cov: 1384 ft: 4025 corp: 558/840Kb lim: 12901 exec/s: 2868 rss: 75Mb L: 154/12901 MS: 2 InsertRepeatedBytes-EraseBytes-
#31585	REDUCE cov: 1384 ft: 4025 corp: 558/840Kb lim: 12901 exec/s: 2871 rss: 75Mb L: 198/12901 MS: 3 ChangeByte-EraseBytes-PersAutoDict- DE: "\001\000\000\000\000\000\000\303"-
#31669	REDUCE cov: 1384 ft: 4025 corp: 558/840Kb lim: 12901 exec/s: 2879 rss: 75Mb L: 8788/12901 MS: 4 ChangeByte-ChangeBinInt-ShuffleBytes-EraseBytes-
#31698	REDUCE cov: 1384 ft: 4025 corp: 558/840Kb lim: 12901 exec/s: 2881 rss: 75Mb L: 4404/12901 MS: 4 InsertRepeatedBytes-ChangeByte-EraseBytes-CopyPart-
#31710	REDUCE cov: 1384 ft: 4025 corp: 558/839Kb lim: 12901 exec/s: 2882 rss: 75Mb L: 166/12901 MS: 2 ChangeASCIIInt-EraseBytes-
#31741	REDUCE cov: 1384 ft: 4025 corp: 558/838Kb lim: 12901 exec/s: 2885 rss: 75Mb L: 10190/12901 MS: 1 EraseBytes-
#31810	NEW    cov: 1385 ft: 4030 corp: 559/849Kb lim: 12901 exec/s: 2891 rss: 75Mb L: 11825/12901 MS: 4 PersAutoDict-CopyPart-InsertRepeatedBytes-CMP- DE: "\001\000\000\000\000\000\000\000"-"\001\000\000\000\000\000\000\021"-
#31887	REDUCE cov: 1385 ft: 4030 corp: 559/849Kb lim: 12901 exec/s: 2898 rss: 75Mb L: 471/12901 MS: 2 ChangeByte-EraseBytes-
#31898	NEW    cov: 1387 ft: 4035 corp: 560/850Kb lim: 12901 exec/s: 2899 rss: 75Mb L: 313/12901 MS: 1 ChangeBinInt-
#31967	REDUCE cov: 1387 ft: 4035 corp: 560/849Kb lim: 12901 exec/s: 2906 rss: 75Mb L: 7651/12901 MS: 4 InsertRepeatedBytes-ShuffleBytes-ChangeByte-EraseBytes-
#32007	REDUCE cov: 1387 ft: 4035 corp: 560/849Kb lim: 12901 exec/s: 2909 rss: 75Mb L: 201/12901 MS: 5 ChangeBit-CopyPart-CopyPart-ChangeBinInt-EraseBytes-
#32040	REDUCE cov: 1387 ft: 4035 corp: 560/849Kb lim: 12901 exec/s: 2912 rss: 75Mb L: 139/12901 MS: 3 ChangeByte-ChangeBit-EraseBytes-
#32111	NEW    cov: 1387 ft: 4036 corp: 561/850Kb lim: 12901 exec/s: 2919 rss: 75Mb L: 794/12901 MS: 1 ChangeASCIIInt-
#32348	REDUCE cov: 1387 ft: 4036 corp: 561/849Kb lim: 12901 exec/s: 2940 rss: 75Mb L: 4161/12901 MS: 2 ChangeByte-EraseBytes-
#32354	REDUCE cov: 1387 ft: 4036 corp: 561/849Kb lim: 12901 exec/s: 2941 rss: 75Mb L: 267/12901 MS: 1 EraseBytes-
#32400	REDUCE cov: 1387 ft: 4036 corp: 561/849Kb lim: 12901 exec/s: 2945 rss: 75Mb L: 463/12901 MS: 1 EraseBytes-
#32432	REDUCE cov: 1387 ft: 4036 corp: 561/849Kb lim: 12901 exec/s: 2948 rss: 75Mb L: 2167/12901 MS: 2 PersAutoDict-EraseBytes- DE: "\000\000\000\374"-
#32509	REDUCE cov: 1387 ft: 4036 corp: 561/849Kb lim: 12901 exec/s: 2955 rss: 75Mb L: 214/12901 MS: 2 ChangeBit-EraseBytes-
#32560	REDUCE cov: 1387 ft: 4036 corp: 561/849Kb lim: 12901 exec/s: 2960 rss: 75Mb L: 251/12901 MS: 1 EraseBytes-
#32632	REDUCE cov: 1387 ft: 4036 corp: 561/849Kb lim: 12901 exec/s: 2966 rss: 75Mb L: 242/12901 MS: 2 CopyPart-EraseBytes-
#32645	REDUCE cov: 1387 ft: 4036 corp: 561/849Kb lim: 12901 exec/s: 2967 rss: 75Mb L: 208/12901 MS: 3 CopyPart-CrossOver-EraseBytes-
#32710	REDUCE cov: 1387 ft: 4036 corp: 561/847Kb lim: 12901 exec/s: 2973 rss: 75Mb L: 2845/12901 MS: 5 CrossOver-PersAutoDict-ChangeBit-CopyPart-EraseBytes- DE: "\304\000\000\000\000\000\000\000"-
#32724	REDUCE cov: 1387 ft: 4036 corp: 561/846Kb lim: 12901 exec/s: 2974 rss: 75Mb L: 11419/12901 MS: 4 CopyPart-ChangeBit-ShuffleBytes-CrossOver-
#32768	pulse  cov: 1387 ft: 4036 corp: 561/846Kb lim: 12901 exec/s: 2978 rss: 75Mb
#32796	REDUCE cov: 1387 ft: 4036 corp: 561/846Kb lim: 12901 exec/s: 2981 rss: 75Mb L: 297/12901 MS: 2 CMP-EraseBytes- DE: "\000\000\000\017"-
#32880	REDUCE cov: 1387 ft: 4036 corp: 561/846Kb lim: 12901 exec/s: 2989 rss: 75Mb L: 1406/12901 MS: 4 CopyPart-PersAutoDict-ShuffleBytes-EraseBytes- DE: "iCCP"-
#32950	REDUCE cov: 1387 ft: 4036 corp: 561/844Kb lim: 12901 exec/s: 2995 rss: 75Mb L: 3389/12901 MS: 5 ChangeBinInt-ChangeASCIIInt-InsertByte-InsertByte-EraseBytes-
#32978	REDUCE cov: 1387 ft: 4036 corp: 561/844Kb lim: 12901 exec/s: 2998 rss: 75Mb L: 218/12901 MS: 3 ShuffleBytes-ChangeASCIIInt-EraseBytes-
#33145	REDUCE cov: 1387 ft: 4036 corp: 561/844Kb lim: 12901 exec/s: 3013 rss: 75Mb L: 312/12901 MS: 2 CMP-EraseBytes- DE: "\001\000\000\014"-
#33147	REDUCE cov: 1387 ft: 4036 corp: 561/844Kb lim: 12901 exec/s: 3013 rss: 75Mb L: 55/12901 MS: 2 PersAutoDict-EraseBytes- DE: "\001\000\000\000\000\000\000\031"-
#33218	REDUCE cov: 1387 ft: 4036 corp: 561/842Kb lim: 12901 exec/s: 3019 rss: 75Mb L: 10110/12901 MS: 1 EraseBytes-
#33241	REDUCE cov: 1387 ft: 4036 corp: 561/840Kb lim: 12901 exec/s: 3021 rss: 75Mb L: 4464/12901 MS: 3 CopyPart-EraseBytes-EraseBytes-
#33272	REDUCE cov: 1387 ft: 4036 corp: 561/837Kb lim: 12901 exec/s: 3024 rss: 75Mb L: 3248/12901 MS: 1 EraseBytes-
#33425	REDUCE cov: 1387 ft: 4036 corp: 561/837Kb lim: 12901 exec/s: 3038 rss: 75Mb L: 775/12901 MS: 3 ChangeBit-CrossOver-EraseBytes-
#33653	NEW    cov: 1387 ft: 4037 corp: 562/837Kb lim: 12901 exec/s: 3059 rss: 75Mb L: 259/12901 MS: 3 ChangeBinInt-ChangeBinInt-ChangeBit-
#33674	REDUCE cov: 1387 ft: 4037 corp: 562/836Kb lim: 12901 exec/s: 3061 rss: 75Mb L: 2073/12901 MS: 1 EraseBytes-
#33757	REDUCE cov: 1387 ft: 4037 corp: 562/836Kb lim: 12901 exec/s: 3068 rss: 75Mb L: 2467/12901 MS: 3 ShuffleBytes-InsertRepeatedBytes-EraseBytes-
#33848	REDUCE cov: 1387 ft: 4037 corp: 562/836Kb lim: 12901 exec/s: 3077 rss: 75Mb L: 374/12901 MS: 1 EraseBytes-
#33919	NEW    cov: 1387 ft: 4038 corp: 563/838Kb lim: 12901 exec/s: 3083 rss: 75Mb L: 2624/12901 MS: 1 ChangeBinInt-
#34001	NEW    cov: 1388 ft: 4039 corp: 564/839Kb lim: 12901 exec/s: 3091 rss: 75Mb L: 1011/12901 MS: 2 ChangeByte-ChangeBinInt-
#34045	REDUCE cov: 1388 ft: 4039 corp: 564/839Kb lim: 12901 exec/s: 3095 rss: 75Mb L: 2057/12901 MS: 4 InsertByte-ChangeBinInt-PersAutoDict-EraseBytes- DE: "oFFs"-
#34156	REDUCE cov: 1388 ft: 4039 corp: 564/837Kb lim: 12901 exec/s: 3105 rss: 75Mb L: 5103/12901 MS: 1 EraseBytes-
#34172	NEW    cov: 1388 ft: 4040 corp: 565/838Kb lim: 12901 exec/s: 3106 rss: 75Mb L: 847/12901 MS: 1 CopyPart-
#34208	NEW    cov: 1389 ft: 4041 corp: 566/838Kb lim: 12901 exec/s: 3109 rss: 75Mb L: 208/12901 MS: 1 ChangeByte-
#34244	REDUCE cov: 1389 ft: 4041 corp: 566/838Kb lim: 12901 exec/s: 3113 rss: 75Mb L: 85/12901 MS: 1 EraseBytes-
#34319	REDUCE cov: 1389 ft: 4041 corp: 566/838Kb lim: 12901 exec/s: 3119 rss: 75Mb L: 2225/12901 MS: 5 ShuffleBytes-InsertRepeatedBytes-CMP-InsertByte-EraseBytes- DE: "\000\000\000\000\000\000\000\303"-
#34391	NEW    cov: 1389 ft: 4043 corp: 567/840Kb lim: 12901 exec/s: 3126 rss: 75Mb L: 2281/12901 MS: 2 CrossOver-InsertRepeatedBytes-
#34398	REDUCE cov: 1389 ft: 4043 corp: 567/840Kb lim: 12901 exec/s: 3127 rss: 75Mb L: 94/12901 MS: 2 ChangeBit-EraseBytes-
#34516	REDUCE cov: 1389 ft: 4043 corp: 567/840Kb lim: 12901 exec/s: 3137 rss: 75Mb L: 291/12901 MS: 3 ChangeBit-InsertByte-EraseBytes-
#34528	REDUCE cov: 1389 ft: 4043 corp: 567/840Kb lim: 12901 exec/s: 3138 rss: 75Mb L: 1102/12901 MS: 2 ChangeBit-EraseBytes-
#34878	REDUCE cov: 1389 ft: 4043 corp: 567/840Kb lim: 12901 exec/s: 3170 rss: 75Mb L: 5936/12901 MS: 5 CrossOver-InsertRepeatedBytes-InsertByte-CopyPart-EraseBytes-
#34929	NEW    cov: 1389 ft: 4044 corp: 568/840Kb lim: 12901 exec/s: 3175 rss: 75Mb L: 216/12901 MS: 1 CopyPart-
#35015	REDUCE cov: 1389 ft: 4044 corp: 568/840Kb lim: 12901 exec/s: 3183 rss: 75Mb L: 166/12901 MS: 1 EraseBytes-
#35058	REDUCE cov: 1389 ft: 4044 corp: 568/840Kb lim: 12901 exec/s: 3187 rss: 75Mb L: 330/12901 MS: 3 InsertRepeatedBytes-ChangeASCIIInt-EraseBytes-
#35261	REDUCE cov: 1389 ft: 4044 corp: 568/840Kb lim: 12901 exec/s: 2938 rss: 75Mb L: 203/12901 MS: 3 ChangeBit-ChangeASCIIInt-EraseBytes-
#35343	REDUCE cov: 1389 ft: 4044 corp: 568/840Kb lim: 12901 exec/s: 2945 rss: 75Mb L: 113/12901 MS: 2 ChangeBinInt-CrossOver-
#35411	REDUCE cov: 1389 ft: 4044 corp: 568/840Kb lim: 12901 exec/s: 2950 rss: 75Mb L: 1436/12901 MS: 3 CopyPart-InsertRepeatedBytes-EraseBytes-
#35487	REDUCE cov: 1389 ft: 4044 corp: 568/840Kb lim: 12901 exec/s: 2957 rss: 75Mb L: 145/12901 MS: 1 EraseBytes-
#35494	REDUCE cov: 1389 ft: 4044 corp: 568/839Kb lim: 12901 exec/s: 2957 rss: 75Mb L: 164/12901 MS: 2 ChangeBit-EraseBytes-
#35545	NEW    cov: 1390 ft: 4045 corp: 569/841Kb lim: 12901 exec/s: 2962 rss: 75Mb L: 1313/12901 MS: 1 ChangeASCIIInt-
#35561	REDUCE cov: 1390 ft: 4045 corp: 569/841Kb lim: 12901 exec/s: 2963 rss: 75Mb L: 968/12901 MS: 1 EraseBytes-
#35657	REDUCE cov: 1390 ft: 4045 corp: 569/840Kb lim: 12901 exec/s: 2971 rss: 75Mb L: 203/12901 MS: 1 EraseBytes-
#36029	REDUCE cov: 1390 ft: 4046 corp: 570/849Kb lim: 12901 exec/s: 3002 rss: 75Mb L: 8275/12901 MS: 2 EraseBytes-CrossOver-
#36167	REDUCE cov: 1390 ft: 4046 corp: 570/847Kb lim: 12901 exec/s: 3013 rss: 75Mb L: 2252/12901 MS: 3 InsertByte-PersAutoDict-EraseBytes- DE: "\016\000\000\000\000\000\000\000"-
#36185	REDUCE cov: 1390 ft: 4046 corp: 570/847Kb lim: 12901 exec/s: 3015 rss: 75Mb L: 2762/12901 MS: 3 ChangeBinInt-CopyPart-EraseBytes-
#36346	REDUCE cov: 1390 ft: 4046 corp: 570/847Kb lim: 12901 exec/s: 3028 rss: 75Mb L: 538/12901 MS: 1 EraseBytes-
#36380	REDUCE cov: 1390 ft: 4046 corp: 570/846Kb lim: 12901 exec/s: 3031 rss: 75Mb L: 3108/12901 MS: 4 ChangeASCIIInt-ShuffleBytes-CrossOver-EraseBytes-
#36430	REDUCE cov: 1390 ft: 4046 corp: 570/846Kb lim: 12901 exec/s: 3035 rss: 75Mb L: 99/12901 MS: 5 ChangeBinInt-ShuffleBytes-ChangeByte-CMP-EraseBytes- DE: "sBIT"-
#36466	REDUCE cov: 1390 ft: 4046 corp: 570/846Kb lim: 12901 exec/s: 3038 rss: 75Mb L: 139/12901 MS: 1 EraseBytes-
#36488	REDUCE cov: 1390 ft: 4046 corp: 570/846Kb lim: 12901 exec/s: 3040 rss: 75Mb L: 140/12901 MS: 2 CMP-EraseBytes- DE: "Z\000"-
#36534	REDUCE cov: 1390 ft: 4046 corp: 570/846Kb lim: 12901 exec/s: 3044 rss: 75Mb L: 218/12901 MS: 1 EraseBytes-
#36637	REDUCE cov: 1390 ft: 4046 corp: 570/846Kb lim: 12901 exec/s: 3053 rss: 75Mb L: 325/12901 MS: 3 CrossOver-CMP-EraseBytes- DE: "\303\000\000\000\000\000\000\000"-
#36675	REDUCE cov: 1390 ft: 4046 corp: 570/846Kb lim: 12901 exec/s: 3056 rss: 75Mb L: 1305/12901 MS: 3 ShuffleBytes-InsertRepeatedBytes-EraseBytes-
#36715	NEW    cov: 1392 ft: 4048 corp: 571/847Kb lim: 12901 exec/s: 3059 rss: 75Mb L: 821/12901 MS: 5 EraseBytes-ShuffleBytes-InsertByte-ChangeByte-ChangeByte-
#36832	REDUCE cov: 1392 ft: 4048 corp: 571/847Kb lim: 12901 exec/s: 3069 rss: 75Mb L: 212/12901 MS: 2 ChangeBinInt-EraseBytes-
#36868	REDUCE cov: 1392 ft: 4048 corp: 571/847Kb lim: 12901 exec/s: 3072 rss: 75Mb L: 2241/12901 MS: 1 EraseBytes-
#36974	REDUCE cov: 1392 ft: 4048 corp: 571/846Kb lim: 12901 exec/s: 3081 rss: 75Mb L: 322/12901 MS: 1 EraseBytes-
#37007	REDUCE cov: 1392 ft: 4048 corp: 571/846Kb lim: 12901 exec/s: 3083 rss: 75Mb L: 321/12901 MS: 3 ShuffleBytes-ChangeByte-EraseBytes-
#37208	NEW    cov: 1392 ft: 4049 corp: 572/847Kb lim: 12901 exec/s: 3100 rss: 75Mb L: 209/12901 MS: 1 InsertByte-
#37270	REDUCE cov: 1392 ft: 4049 corp: 572/845Kb lim: 12901 exec/s: 3105 rss: 75Mb L: 1893/12901 MS: 2 InsertRepeatedBytes-EraseBytes-
#37346	REDUCE cov: 1392 ft: 4049 corp: 572/845Kb lim: 12901 exec/s: 3112 rss: 75Mb L: 2290/12901 MS: 1 EraseBytes-
#37487	REDUCE cov: 1392 ft: 4049 corp: 572/844Kb lim: 12901 exec/s: 3123 rss: 75Mb L: 1832/12901 MS: 1 EraseBytes-
#37508	NEW    cov: 1392 ft: 4050 corp: 573/844Kb lim: 12901 exec/s: 3125 rss: 75Mb L: 499/12901 MS: 1 CrossOver-
#37586	REDUCE cov: 1392 ft: 4050 corp: 573/844Kb lim: 12901 exec/s: 3132 rss: 75Mb L: 1445/12901 MS: 3 ChangeBit-ShuffleBytes-EraseBytes-
#37610	REDUCE cov: 1392 ft: 4051 corp: 574/844Kb lim: 12901 exec/s: 3134 rss: 75Mb L: 208/12901 MS: 4 ChangeASCIIInt-CopyPart-EraseBytes-CopyPart-
#37906	NEW    cov: 1392 ft: 4052 corp: 575/845Kb lim: 12901 exec/s: 3158 rss: 75Mb L: 237/12901 MS: 1 ChangeASCIIInt-
#37962	REDUCE cov: 1392 ft: 4052 corp: 575/845Kb lim: 12901 exec/s: 3163 rss: 75Mb L: 116/12901 MS: 1 EraseBytes-
#37993	NEW    cov: 1392 ft: 4053 corp: 576/845Kb lim: 12901 exec/s: 3166 rss: 75Mb L: 264/12901 MS: 1 PersAutoDict- DE: "\303\000\000\000\000\000\000\000"-
#38040	REDUCE cov: 1392 ft: 4053 corp: 576/843Kb lim: 12901 exec/s: 3170 rss: 75Mb L: 10771/12901 MS: 2 ChangeASCIIInt-EraseBytes-
#38083	REDUCE cov: 1392 ft: 4053 corp: 576/842Kb lim: 12901 exec/s: 3173 rss: 75Mb L: 548/12901 MS: 3 CMP-ChangeASCIIInt-EraseBytes- DE: "\303\000\000\000\000\000\000\000"-
#38152	REDUCE cov: 1392 ft: 4053 corp: 576/842Kb lim: 12901 exec/s: 3179 rss: 75Mb L: 150/12901 MS: 4 ChangeASCIIInt-CopyPart-ShuffleBytes-EraseBytes-
#38431	REDUCE cov: 1392 ft: 4053 corp: 576/842Kb lim: 12901 exec/s: 3202 rss: 75Mb L: 78/12901 MS: 4 PersAutoDict-InsertByte-ChangeBit-EraseBytes- DE: "\000\000\000\000\000\000\000\303"-
#38448	REDUCE cov: 1392 ft: 4053 corp: 576/842Kb lim: 12901 exec/s: 3204 rss: 75Mb L: 238/12901 MS: 2 InsertByte-EraseBytes-
#38520	REDUCE cov: 1392 ft: 4053 corp: 576/842Kb lim: 12901 exec/s: 3210 rss: 75Mb L: 2143/12901 MS: 2 ChangeASCIIInt-EraseBytes-
#38616	REDUCE cov: 1392 ft: 4057 corp: 577/843Kb lim: 12901 exec/s: 3218 rss: 75Mb L: 516/12901 MS: 1 InsertByte-
#38814	REDUCE cov: 1392 ft: 4057 corp: 577/842Kb lim: 12901 exec/s: 3234 rss: 75Mb L: 1668/12901 MS: 3 CMP-InsertByte-EraseBytes- DE: "pHYs"-
#39135	REDUCE cov: 1392 ft: 4057 corp: 577/842Kb lim: 12901 exec/s: 3010 rss: 75Mb L: 79/12901 MS: 1 EraseBytes-
#39242	REDUCE cov: 1392 ft: 4057 corp: 577/842Kb lim: 12901 exec/s: 3018 rss: 75Mb L: 117/12901 MS: 2 InsertByte-EraseBytes-
#39275	REDUCE cov: 1392 ft: 4057 corp: 577/842Kb lim: 12901 exec/s: 3021 rss: 75Mb L: 192/12901 MS: 3 InsertByte-ChangeByte-EraseBytes-
#39279	REDUCE cov: 1392 ft: 4057 corp: 577/842Kb lim: 12901 exec/s: 3021 rss: 75Mb L: 143/12901 MS: 4 PersAutoDict-ChangeByte-ChangeBinInt-EraseBytes- DE: "\001Z"-
#39746	REDUCE cov: 1392 ft: 4057 corp: 577/842Kb lim: 12901 exec/s: 3057 rss: 75Mb L: 116/12901 MS: 2 ShuffleBytes-EraseBytes-
#39832	REDUCE cov: 1392 ft: 4057 corp: 577/842Kb lim: 12901 exec/s: 3064 rss: 75Mb L: 233/12901 MS: 1 EraseBytes-
#39843	REDUCE cov: 1392 ft: 4057 corp: 577/842Kb lim: 12901 exec/s: 3064 rss: 75Mb L: 168/12901 MS: 1 EraseBytes-
#40094	REDUCE cov: 1392 ft: 4057 corp: 577/842Kb lim: 12901 exec/s: 3084 rss: 75Mb L: 81/12901 MS: 1 EraseBytes-
#40126	REDUCE cov: 1392 ft: 4057 corp: 577/842Kb lim: 12901 exec/s: 3086 rss: 75Mb L: 322/12901 MS: 2 InsertRepeatedBytes-EraseBytes-
#40291	REDUCE cov: 1392 ft: 4057 corp: 577/842Kb lim: 12901 exec/s: 3099 rss: 75Mb L: 139/12901 MS: 5 ShuffleBytes-ShuffleBytes-ChangeASCIIInt-CopyPart-EraseBytes-
#40375	REDUCE cov: 1392 ft: 4057 corp: 577/839Kb lim: 12901 exec/s: 3105 rss: 75Mb L: 4268/12901 MS: 4 ShuffleBytes-ShuffleBytes-InsertRepeatedBytes-CrossOver-
#40384	REDUCE cov: 1392 ft: 4057 corp: 577/839Kb lim: 12901 exec/s: 3106 rss: 75Mb L: 306/12901 MS: 4 ChangeBit-ChangeBit-ChangeByte-EraseBytes-
#40433	NEW    cov: 1392 ft: 4058 corp: 578/840Kb lim: 12901 exec/s: 3110 rss: 75Mb L: 800/12901 MS: 4 InsertRepeatedBytes-ChangeByte-ShuffleBytes-PersAutoDict- DE: "\012\000\000\000\000\000\000\000"-
#40495	REDUCE cov: 1392 ft: 4058 corp: 578/840Kb lim: 12901 exec/s: 3115 rss: 75Mb L: 191/12901 MS: 2 ShuffleBytes-EraseBytes-
#40606	REDUCE cov: 1392 ft: 4058 corp: 578/840Kb lim: 12901 exec/s: 3123 rss: 75Mb L: 154/12901 MS: 1 EraseBytes-
#40650	REDUCE cov: 1392 ft: 4058 corp: 578/839Kb lim: 12901 exec/s: 3126 rss: 75Mb L: 1541/12901 MS: 4 ChangeBinInt-InsertByte-InsertByte-EraseBytes-
#40662	NEW    cov: 1392 ft: 4059 corp: 579/840Kb lim: 12901 exec/s: 3127 rss: 75Mb L: 1082/12901 MS: 2 ChangeByte-CopyPart-
#40724	REDUCE cov: 1392 ft: 4059 corp: 579/840Kb lim: 12901 exec/s: 3132 rss: 75Mb L: 241/12901 MS: 2 ChangeASCIIInt-EraseBytes-
#40815	REDUCE cov: 1392 ft: 4059 corp: 579/840Kb lim: 12901 exec/s: 3139 rss: 75Mb L: 223/12901 MS: 1 EraseBytes-
#40816	REDUCE cov: 1392 ft: 4059 corp: 579/840Kb lim: 12901 exec/s: 3139 rss: 75Mb L: 411/12901 MS: 1 EraseBytes-
#41035	REDUCE cov: 1392 ft: 4059 corp: 579/840Kb lim: 12901 exec/s: 3156 rss: 75Mb L: 2044/12901 MS: 4 InsertByte-ChangeByte-InsertRepeatedBytes-EraseBytes-
#41171	REDUCE cov: 1392 ft: 4059 corp: 579/840Kb lim: 12901 exec/s: 3167 rss: 75Mb L: 100/12901 MS: 1 EraseBytes-
#41219	REDUCE cov: 1392 ft: 4059 corp: 579/840Kb lim: 12901 exec/s: 3170 rss: 75Mb L: 1531/12901 MS: 3 CrossOver-ChangeByte-EraseBytes-
#41415	REDUCE cov: 1392 ft: 4059 corp: 579/840Kb lim: 12901 exec/s: 3185 rss: 75Mb L: 229/12901 MS: 1 EraseBytes-
#41507	REDUCE cov: 1392 ft: 4059 corp: 579/839Kb lim: 12901 exec/s: 3192 rss: 75Mb L: 62/12901 MS: 2 CopyPart-EraseBytes-
#41578	NEW    cov: 1394 ft: 4061 corp: 580/840Kb lim: 12901 exec/s: 3198 rss: 75Mb L: 223/12901 MS: 1 ShuffleBytes-
#41620	REDUCE cov: 1394 ft: 4061 corp: 580/840Kb lim: 12901 exec/s: 3201 rss: 75Mb L: 142/12901 MS: 2 ChangeByte-EraseBytes-
#41648	REDUCE cov: 1394 ft: 4062 corp: 581/840Kb lim: 12901 exec/s: 3203 rss: 75Mb L: 331/12901 MS: 3 ShuffleBytes-InsertRepeatedBytes-PersAutoDict- DE: "\000\000\000\000\000\000\001e"-
#41910	REDUCE cov: 1394 ft: 4064 corp: 582/840Kb lim: 12901 exec/s: 3223 rss: 75Mb L: 291/12901 MS: 2 ChangeByte-CopyPart-
#41944	REDUCE cov: 1394 ft: 4065 corp: 583/842Kb lim: 12901 exec/s: 3226 rss: 75Mb L: 2044/12901 MS: 4 ShuffleBytes-InsertRepeatedBytes-CopyPart-ChangeASCIIInt-
#41962	REDUCE cov: 1394 ft: 4065 corp: 583/839Kb lim: 12901 exec/s: 3227 rss: 75Mb L: 4832/12901 MS: 3 ChangeASCIIInt-PersAutoDict-EraseBytes- DE: "\000\017B@"-
#42303	REDUCE cov: 1394 ft: 4066 corp: 584/840Kb lim: 12901 exec/s: 3021 rss: 75Mb L: 713/12901 MS: 1 EraseBytes-
#42320	REDUCE cov: 1394 ft: 4066 corp: 584/840Kb lim: 12901 exec/s: 3022 rss: 75Mb L: 350/12901 MS: 2 ShuffleBytes-EraseBytes-
#42369	NEW    cov: 1395 ft: 4067 corp: 585/841Kb lim: 12901 exec/s: 3026 rss: 75Mb L: 1020/12901 MS: 4 ChangeASCIIInt-InsertByte-CMP-CMP- DE: "\017\000\000\000\000\000\000\000"-"\304\000\000\000\000\000\000\000"-
#42499	REDUCE cov: 1395 ft: 4067 corp: 585/840Kb lim: 12901 exec/s: 3035 rss: 75Mb L: 1376/12901 MS: 5 InsertByte-CopyPart-ChangeASCIIInt-InsertRepeatedBytes-EraseBytes-
#42550	REDUCE cov: 1395 ft: 4067 corp: 585/840Kb lim: 12901 exec/s: 3039 rss: 75Mb L: 1583/12901 MS: 1 EraseBytes-
#42568	NEW    cov: 1395 ft: 4068 corp: 586/842Kb lim: 12901 exec/s: 3040 rss: 75Mb L: 2042/12901 MS: 3 ChangeASCIIInt-ChangeBit-PersAutoDict- DE: "\377\006"-
#42671	REDUCE cov: 1395 ft: 4068 corp: 586/842Kb lim: 12901 exec/s: 3047 rss: 75Mb L: 130/12901 MS: 3 ChangeASCIIInt-ChangeBit-EraseBytes-
#42696	REDUCE cov: 1395 ft: 4068 corp: 586/842Kb lim: 12901 exec/s: 3049 rss: 75Mb L: 203/12901 MS: 5 ChangeBinInt-CMP-ChangeBit-InsertByte-EraseBytes- DE: "\000\000\000\000\000\000\000\012"-
#42746	REDUCE cov: 1395 ft: 4068 corp: 586/842Kb lim: 12901 exec/s: 3053 rss: 75Mb L: 332/12901 MS: 5 PersAutoDict-CopyPart-CrossOver-PersAutoDict-EraseBytes- DE: "oFFs"-"\377\006"-
#42801	NEW    cov: 1395 ft: 4071 corp: 587/842Kb lim: 12901 exec/s: 3057 rss: 75Mb L: 329/12901 MS: 5 InsertByte-ChangeByte-CopyPart-CopyPart-CopyPart-
#42844	REDUCE cov: 1395 ft: 4071 corp: 587/842Kb lim: 12901 exec/s: 3060 rss: 75Mb L: 75/12901 MS: 3 CopyPart-ChangeBit-EraseBytes-
#43080	REDUCE cov: 1395 ft: 4071 corp: 587/842Kb lim: 12901 exec/s: 3077 rss: 75Mb L: 1527/12901 MS: 1 EraseBytes-
#43116	REDUCE cov: 1395 ft: 4071 corp: 587/842Kb lim: 12901 exec/s: 3079 rss: 75Mb L: 184/12901 MS: 1 EraseBytes-
#43159	REDUCE cov: 1395 ft: 4071 corp: 587/841Kb lim: 12901 exec/s: 3082 rss: 75Mb L: 1361/12901 MS: 3 InsertRepeatedBytes-ChangeASCIIInt-EraseBytes-
#43278	NEW    cov: 1397 ft: 4074 corp: 588/850Kb lim: 12901 exec/s: 3091 rss: 75Mb L: 8578/12901 MS: 4 ChangeBinInt-ChangeASCIIInt-ChangeASCIIInt-CMP- DE: "mDCV"-
#43292	REDUCE cov: 1397 ft: 4074 corp: 588/849Kb lim: 12901 exec/s: 3092 rss: 75Mb L: 1127/12901 MS: 4 InsertByte-InsertRepeatedBytes-ChangeBinInt-EraseBytes-
#43306	NEW    cov: 1397 ft: 4075 corp: 589/850Kb lim: 12901 exec/s: 3093 rss: 75Mb L: 833/12901 MS: 4 InsertRepeatedBytes-ChangeBit-ShuffleBytes-PersAutoDict- DE: "iCCP"-
#43332	REDUCE cov: 1398 ft: 4076 corp: 590/850Kb lim: 12901 exec/s: 3095 rss: 75Mb L: 363/12901 MS: 1 CMP- DE: "\005\000"-
#43359	REDUCE cov: 1398 ft: 4076 corp: 590/850Kb lim: 12901 exec/s: 3097 rss: 75Mb L: 107/12901 MS: 2 ChangeByte-EraseBytes-
#43367	REDUCE cov: 1398 ft: 4076 corp: 590/850Kb lim: 12901 exec/s: 3097 rss: 75Mb L: 64/12901 MS: 3 ChangeBit-PersAutoDict-EraseBytes- DE: "\001\000\000\000"-
#43408	NEW    cov: 1398 ft: 4077 corp: 591/850Kb lim: 12901 exec/s: 3100 rss: 75Mb L: 302/12901 MS: 1 CopyPart-
#43799	REDUCE cov: 1398 ft: 4077 corp: 591/850Kb lim: 12901 exec/s: 3128 rss: 75Mb L: 97/12901 MS: 1 EraseBytes-
#43938	REDUCE cov: 1398 ft: 4077 corp: 591/850Kb lim: 12901 exec/s: 3138 rss: 75Mb L: 40/12901 MS: 4 CopyPart-InsertByte-EraseBytes-InsertByte-
#43996	REDUCE cov: 1398 ft: 4077 corp: 591/850Kb lim: 12901 exec/s: 3142 rss: 75Mb L: 2119/12901 MS: 3 ChangeBit-InsertRepeatedBytes-EraseBytes-
#44087	NEW    cov: 1399 ft: 4078 corp: 592/850Kb lim: 12901 exec/s: 3149 rss: 75Mb L: 329/12901 MS: 1 CMP- DE: "\000\022"-
#44168	REDUCE cov: 1399 ft: 4078 corp: 592/850Kb lim: 12901 exec/s: 3154 rss: 75Mb L: 448/12901 MS: 1 EraseBytes-
#44204	NEW    cov: 1401 ft: 4081 corp: 593/859Kb lim: 12901 exec/s: 3157 rss: 75Mb L: 8832/12901 MS: 1 InsertByte-
#44302	REDUCE cov: 1401 ft: 4081 corp: 593/858Kb lim: 12901 exec/s: 3164 rss: 75Mb L: 1983/12901 MS: 3 InsertRepeatedBytes-ChangeBit-EraseBytes-
#44363	REDUCE cov: 1401 ft: 4081 corp: 593/858Kb lim: 12901 exec/s: 3168 rss: 75Mb L: 435/12901 MS: 1 EraseBytes-
#44429	REDUCE cov: 1401 ft: 4083 corp: 594/858Kb lim: 12901 exec/s: 3173 rss: 75Mb L: 410/12901 MS: 1 CopyPart-
#44495	NEW    cov: 1402 ft: 4086 corp: 595/867Kb lim: 12901 exec/s: 3178 rss: 75Mb L: 8582/12901 MS: 1 CMP- DE: "bKGD"-
#44563	NEW    cov: 1405 ft: 4089 corp: 596/867Kb lim: 12901 exec/s: 3183 rss: 75Mb L: 275/12901 MS: 3 ShuffleBytes-ChangeBinInt-CMP- DE: "\000\000\000\000"-
#44569	REDUCE cov: 1405 ft: 4089 corp: 596/865Kb lim: 12901 exec/s: 3183 rss: 75Mb L: 2530/12901 MS: 1 EraseBytes-
#44615	REDUCE cov: 1405 ft: 4089 corp: 596/865Kb lim: 12901 exec/s: 3186 rss: 75Mb L: 9493/12901 MS: 1 EraseBytes-
#44653	REDUCE cov: 1405 ft: 4089 corp: 596/865Kb lim: 12901 exec/s: 3189 rss: 75Mb L: 796/12901 MS: 3 PersAutoDict-ChangeBinInt-EraseBytes- DE: "\000\000\000\000\000\000\000\303"-
#44799	REDUCE cov: 1405 ft: 4089 corp: 596/865Kb lim: 12901 exec/s: 3199 rss: 75Mb L: 202/12901 MS: 1 EraseBytes-
#44837	REDUCE cov: 1405 ft: 4089 corp: 596/865Kb lim: 12901 exec/s: 3202 rss: 75Mb L: 52/12901 MS: 3 InsertRepeatedBytes-EraseBytes-EraseBytes-
#44940	NEW    cov: 1406 ft: 4090 corp: 597/865Kb lim: 12901 exec/s: 3210 rss: 75Mb L: 6/12901 MS: 3 CrossOver-CopyPart-EraseBytes-
#45019	REDUCE cov: 1406 ft: 4090 corp: 597/865Kb lim: 12901 exec/s: 3215 rss: 75Mb L: 205/12901 MS: 4 PersAutoDict-ChangeBit-InsertByte-EraseBytes- DE: "pCAL"-
#45060	REDUCE cov: 1406 ft: 4090 corp: 597/865Kb lim: 12901 exec/s: 3218 rss: 75Mb L: 1037/12901 MS: 1 EraseBytes-
#45086	NEW    cov: 1407 ft: 4097 corp: 598/865Kb lim: 12901 exec/s: 3220 rss: 75Mb L: 327/12901 MS: 1 PersAutoDict- DE: "eXIf"-
#45183	REDUCE cov: 1407 ft: 4097 corp: 598/865Kb lim: 12901 exec/s: 3227 rss: 75Mb L: 4189/12901 MS: 2 InsertByte-EraseBytes-
#45266	REDUCE cov: 1407 ft: 4097 corp: 598/865Kb lim: 12901 exec/s: 3233 rss: 75Mb L: 415/12901 MS: 3 InsertByte-CopyPart-EraseBytes-
#45278	REDUCE cov: 1407 ft: 4097 corp: 598/865Kb lim: 12901 exec/s: 3234 rss: 75Mb L: 613/12901 MS: 2 InsertRepeatedBytes-EraseBytes-
#45424	REDUCE cov: 1407 ft: 4097 corp: 598/864Kb lim: 12901 exec/s: 3244 rss: 75Mb L: 2477/12901 MS: 1 EraseBytes-
#45520	REDUCE cov: 1407 ft: 4097 corp: 598/864Kb lim: 12901 exec/s: 3251 rss: 75Mb L: 776/12901 MS: 1 CrossOver-
#45566	REDUCE cov: 1407 ft: 4097 corp: 598/864Kb lim: 12901 exec/s: 3037 rss: 75Mb L: 114/12901 MS: 1 EraseBytes-
#45569	REDUCE cov: 1407 ft: 4097 corp: 598/864Kb lim: 12901 exec/s: 3037 rss: 75Mb L: 249/12901 MS: 3 InsertRepeatedBytes-CopyPart-EraseBytes-
#45583	REDUCE cov: 1407 ft: 4097 corp: 598/864Kb lim: 12901 exec/s: 3038 rss: 75Mb L: 426/12901 MS: 4 ChangeBit-ShuffleBytes-ChangeByte-EraseBytes-
#45800	NEW    cov: 1408 ft: 4098 corp: 599/864Kb lim: 12901 exec/s: 3053 rss: 75Mb L: 303/12901 MS: 2 ChangeBit-PersAutoDict- DE: "iCCP"-
#45869	REDUCE cov: 1408 ft: 4098 corp: 599/864Kb lim: 12901 exec/s: 3057 rss: 75Mb L: 970/12901 MS: 4 ChangeASCIIInt-ChangeByte-ChangeBinInt-EraseBytes-
#46168	NEW    cov: 1408 ft: 4099 corp: 600/864Kb lim: 12901 exec/s: 3077 rss: 75Mb L: 164/12901 MS: 4 EraseBytes-ChangeBit-ChangeASCIIInt-CopyPart-
#46281	REDUCE cov: 1408 ft: 4099 corp: 600/863Kb lim: 12901 exec/s: 3085 rss: 75Mb L: 7608/12901 MS: 3 ShuffleBytes-ChangeASCIIInt-EraseBytes-
#46504	REDUCE cov: 1408 ft: 4099 corp: 600/863Kb lim: 12901 exec/s: 3100 rss: 75Mb L: 575/12901 MS: 3 EraseBytes-PersAutoDict-InsertRepeatedBytes- DE: "pHYs"-
#46514	REDUCE cov: 1408 ft: 4099 corp: 600/863Kb lim: 12901 exec/s: 3100 rss: 75Mb L: 1687/12901 MS: 5 ChangeBit-ChangeBit-CopyPart-ChangeByte-EraseBytes-
#46632	REDUCE cov: 1408 ft: 4099 corp: 600/863Kb lim: 12901 exec/s: 3108 rss: 75Mb L: 117/12901 MS: 3 ChangeASCIIInt-ChangeASCIIInt-EraseBytes-
#46719	REDUCE cov: 1408 ft: 4099 corp: 600/863Kb lim: 12901 exec/s: 3114 rss: 75Mb L: 40/12901 MS: 2 ChangeBit-EraseBytes-
#46842	REDUCE cov: 1408 ft: 4099 corp: 600/862Kb lim: 12901 exec/s: 3122 rss: 75Mb L: 3816/12901 MS: 3 ChangeBit-InsertByte-EraseBytes-
#46895	REDUCE cov: 1408 ft: 4099 corp: 600/862Kb lim: 12901 exec/s: 3126 rss: 75Mb L: 76/12901 MS: 3 ChangeByte-CMP-EraseBytes- DE: "\374\377\377\377"-
#46931	REDUCE cov: 1408 ft: 4099 corp: 600/862Kb lim: 12901 exec/s: 3128 rss: 75Mb L: 221/12901 MS: 1 EraseBytes-
#46946	REDUCE cov: 1408 ft: 4099 corp: 600/862Kb lim: 12901 exec/s: 3129 rss: 75Mb L: 175/12901 MS: 5 ChangeBit-PersAutoDict-CopyPart-ChangeASCIIInt-EraseBytes- DE: "pHYs"-
#47012	REDUCE cov: 1408 ft: 4099 corp: 600/862Kb lim: 12901 exec/s: 3134 rss: 75Mb L: 554/12901 MS: 1 EraseBytes-
#47038	REDUCE cov: 1408 ft: 4099 corp: 600/861Kb lim: 12901 exec/s: 3135 rss: 75Mb L: 166/12901 MS: 1 EraseBytes-
#47054	REDUCE cov: 1408 ft: 4099 corp: 600/861Kb lim: 12901 exec/s: 3136 rss: 75Mb L: 1605/12901 MS: 1 EraseBytes-
#47226	NEW    cov: 1408 ft: 4101 corp: 601/862Kb lim: 12901 exec/s: 3148 rss: 75Mb L: 847/12901 MS: 2 ChangeBit-ShuffleBytes-
#47298	REDUCE cov: 1408 ft: 4101 corp: 601/862Kb lim: 12901 exec/s: 3153 rss: 75Mb L: 128/12901 MS: 2 EraseBytes-PersAutoDict- DE: "\000\000\000\000\000\000\000\000"-
#47329	REDUCE cov: 1408 ft: 4101 corp: 601/862Kb lim: 12901 exec/s: 3155 rss: 75Mb L: 789/12901 MS: 1 EraseBytes-
#47386	REDUCE cov: 1408 ft: 4101 corp: 601/861Kb lim: 12901 exec/s: 3159 rss: 75Mb L: 339/12901 MS: 2 ChangeBinInt-EraseBytes-
#47420	REDUCE cov: 1408 ft: 4101 corp: 601/861Kb lim: 12901 exec/s: 3161 rss: 75Mb L: 300/12901 MS: 4 ChangeBinInt-PersAutoDict-ChangeASCIIInt-EraseBytes- DE: "\000\000\000!"-
#47476	REDUCE cov: 1408 ft: 4101 corp: 601/861Kb lim: 12901 exec/s: 3165 rss: 75Mb L: 1790/12901 MS: 1 EraseBytes-
#47493	REDUCE cov: 1408 ft: 4101 corp: 601/861Kb lim: 12901 exec/s: 3166 rss: 75Mb L: 774/12901 MS: 2 ShuffleBytes-EraseBytes-
#47577	NEW    cov: 1408 ft: 4104 corp: 602/862Kb lim: 12901 exec/s: 3171 rss: 75Mb L: 768/12901 MS: 4 ShuffleBytes-PersAutoDict-ChangeASCIIInt-InsertRepeatedBytes- DE: "\000\000\000\017"-
#47683	REDUCE cov: 1408 ft: 4104 corp: 602/862Kb lim: 12901 exec/s: 3178 rss: 75Mb L: 183/12901 MS: 1 EraseBytes-
#47708	REDUCE cov: 1408 ft: 4104 corp: 602/862Kb lim: 12901 exec/s: 3180 rss: 75Mb L: 1312/12901 MS: 5 InsertRepeatedBytes-CopyPart-PersAutoDict-CrossOver-EraseBytes- DE: "bKGD"-
#47850	REDUCE cov: 1408 ft: 4104 corp: 602/859Kb lim: 12901 exec/s: 3190 rss: 75Mb L: 8995/12901 MS: 2 ChangeBinInt-EraseBytes-
#47911	NEW    cov: 1409 ft: 4106 corp: 603/859Kb lim: 12901 exec/s: 3194 rss: 75Mb L: 612/12901 MS: 1 EraseBytes-
#47981	REDUCE cov: 1409 ft: 4106 corp: 603/859Kb lim: 12901 exec/s: 3198 rss: 75Mb L: 1448/12901 MS: 5 ChangeBinInt-InsertByte-CopyPart-ChangeASCIIInt-EraseBytes-
#47987	NEW    cov: 1409 ft: 4111 corp: 604/859Kb lim: 12901 exec/s: 3199 rss: 75Mb L: 267/12901 MS: 1 ShuffleBytes-
#48031	REDUCE cov: 1410 ft: 4112 corp: 605/859Kb lim: 12901 exec/s: 3202 rss: 75Mb L: 307/12901 MS: 4 ShuffleBytes-ChangeASCIIInt-CopyPart-InsertByte-
#48228	REDUCE cov: 1410 ft: 4112 corp: 605/859Kb lim: 12901 exec/s: 3215 rss: 75Mb L: 166/12901 MS: 2 ChangeBinInt-EraseBytes-
#48325	NEW    cov: 1411 ft: 4113 corp: 606/860Kb lim: 12901 exec/s: 3221 rss: 75Mb L: 1238/12901 MS: 2 CopyPart-ShuffleBytes-
#48416	NEW    cov: 1412 ft: 4114 corp: 607/861Kb lim: 12901 exec/s: 3227 rss: 75Mb L: 738/12901 MS: 1 InsertRepeatedBytes-
#48433	REDUCE cov: 1412 ft: 4114 corp: 607/861Kb lim: 12901 exec/s: 3228 rss: 75Mb L: 1251/12901 MS: 2 ShuffleBytes-EraseBytes-
#48513	NEW    cov: 1412 ft: 4115 corp: 608/861Kb lim: 12901 exec/s: 3234 rss: 75Mb L: 162/12901 MS: 5 ShuffleBytes-ChangeASCIIInt-CopyPart-ChangeByte-ChangeBinInt-
#48524	REDUCE cov: 1412 ft: 4115 corp: 608/861Kb lim: 12901 exec/s: 3234 rss: 75Mb L: 190/12901 MS: 1 EraseBytes-
#48665	REDUCE cov: 1412 ft: 4115 corp: 608/861Kb lim: 12901 exec/s: 3244 rss: 75Mb L: 59/12901 MS: 1 EraseBytes-
#48743	REDUCE cov: 1412 ft: 4115 corp: 608/861Kb lim: 12901 exec/s: 3249 rss: 75Mb L: 961/12901 MS: 3 ChangeASCIIInt-ChangeBit-EraseBytes-
#48837	REDUCE cov: 1412 ft: 4115 corp: 608/861Kb lim: 12901 exec/s: 3255 rss: 75Mb L: 186/12901 MS: 4 CMP-InsertRepeatedBytes-InsertRepeatedBytes-EraseBytes- DE: "\024\000"-
#48899	REDUCE cov: 1412 ft: 4115 corp: 608/861Kb lim: 12901 exec/s: 3259 rss: 75Mb L: 1537/12901 MS: 2 ChangeBit-EraseBytes-
#48910	REDUCE cov: 1412 ft: 4115 corp: 608/861Kb lim: 12901 exec/s: 3260 rss: 75Mb L: 86/12901 MS: 1 EraseBytes-
#49007	REDUCE cov: 1412 ft: 4115 corp: 608/861Kb lim: 12901 exec/s: 3267 rss: 75Mb L: 297/12901 MS: 2 ChangeBinInt-EraseBytes-
#49189	REDUCE cov: 1412 ft: 4115 corp: 608/860Kb lim: 12901 exec/s: 3279 rss: 75Mb L: 2229/12901 MS: 2 CMP-CrossOver- DE: "ENEI"-
#49470	REDUCE cov: 1412 ft: 4115 corp: 608/860Kb lim: 12901 exec/s: 3298 rss: 75Mb L: 208/12901 MS: 1 EraseBytes-
#49504	REDUCE cov: 1412 ft: 4115 corp: 608/860Kb lim: 12901 exec/s: 3300 rss: 75Mb L: 298/12901 MS: 4 InsertRepeatedBytes-PersAutoDict-PersAutoDict-EraseBytes- DE: "\015\000\000\000\000\000\000\000"-"\377\377\377\377\377\377\377\377"-
#49682	REDUCE cov: 1412 ft: 4115 corp: 608/859Kb lim: 12901 exec/s: 3105 rss: 75Mb L: 187/12901 MS: 3 CopyPart-InsertRepeatedBytes-EraseBytes-
#49739	REDUCE cov: 1412 ft: 4115 corp: 608/859Kb lim: 12901 exec/s: 3108 rss: 75Mb L: 811/12901 MS: 2 PersAutoDict-EraseBytes- DE: "bKGD"-
#49752	NEW    cov: 1412 ft: 4116 corp: 609/860Kb lim: 12901 exec/s: 3109 rss: 75Mb L: 811/12901 MS: 3 ShuffleBytes-ChangeBit-InsertRepeatedBytes-
#49884	REDUCE cov: 1412 ft: 4116 corp: 609/860Kb lim: 12901 exec/s: 3117 rss: 75Mb L: 2054/12901 MS: 2 ChangeByte-EraseBytes-
#49910	REDUCE cov: 1412 ft: 4116 corp: 609/860Kb lim: 12901 exec/s: 3119 rss: 75Mb L: 1634/12901 MS: 1 EraseBytes-
#49926	REDUCE cov: 1412 ft: 4116 corp: 609/860Kb lim: 12901 exec/s: 3120 rss: 75Mb L: 206/12901 MS: 1 EraseBytes-
#49960	REDUCE cov: 1412 ft: 4116 corp: 609/860Kb lim: 12901 exec/s: 3122 rss: 75Mb L: 148/12901 MS: 4 ChangeBit-ChangeBinInt-CrossOver-EraseBytes-
#49969	REDUCE cov: 1412 ft: 4116 corp: 609/860Kb lim: 12901 exec/s: 3123 rss: 75Mb L: 1711/12901 MS: 4 ChangeByte-InsertRepeatedBytes-EraseBytes-EraseBytes-
#49998	NEW    cov: 1412 ft: 4117 corp: 610/860Kb lim: 12901 exec/s: 3124 rss: 75Mb L: 223/12901 MS: 4 ChangeBinInt-CMP-CopyPart-ShuffleBytes- DE: "\000\010"-
#50061	REDUCE cov: 1412 ft: 4117 corp: 610/859Kb lim: 12901 exec/s: 3128 rss: 75Mb L: 4257/12901 MS: 3 ChangeBinInt-PersAutoDict-EraseBytes- DE: "\020\000\000\000\000\000\000\000"-
#50089	REDUCE cov: 1412 ft: 4117 corp: 610/859Kb lim: 12901 exec/s: 3130 rss: 75Mb L: 661/12901 MS: 3 CopyPart-ChangeByte-EraseBytes-
#50145	REDUCE cov: 1412 ft: 4117 corp: 610/859Kb lim: 12901 exec/s: 3134 rss: 75Mb L: 87/12901 MS: 1 EraseBytes-
#50146	REDUCE cov: 1412 ft: 4117 corp: 610/859Kb lim: 12901 exec/s: 3134 rss: 75Mb L: 289/12901 MS: 1 EraseBytes-
#50187	REDUCE cov: 1412 ft: 4117 corp: 610/859Kb lim: 12901 exec/s: 3136 rss: 75Mb L: 329/12901 MS: 1 EraseBytes-
#50223	REDUCE cov: 1412 ft: 4117 corp: 610/859Kb lim: 12901 exec/s: 3138 rss: 75Mb L: 2004/12901 MS: 1 EraseBytes-
#50396	REDUCE cov: 1412 ft: 4117 corp: 610/859Kb lim: 12901 exec/s: 3149 rss: 75Mb L: 60/12901 MS: 3 ChangeASCIIInt-InsertByte-EraseBytes-
#50437	REDUCE cov: 1412 ft: 4117 corp: 610/859Kb lim: 12901 exec/s: 3152 rss: 75Mb L: 257/12901 MS: 1 EraseBytes-
#50477	REDUCE cov: 1412 ft: 4117 corp: 610/858Kb lim: 12901 exec/s: 3154 rss: 75Mb L: 742/12901 MS: 5 InsertRepeatedBytes-ChangeASCIIInt-ChangeByte-CMP-EraseBytes- DE: "\303\000\000\000\000\000\000\000"-
#50554	REDUCE cov: 1412 ft: 4117 corp: 610/858Kb lim: 12901 exec/s: 3159 rss: 75Mb L: 366/12901 MS: 2 ChangeASCIIInt-EraseBytes-
#50639	REDUCE cov: 1412 ft: 4117 corp: 610/856Kb lim: 12901 exec/s: 3164 rss: 75Mb L: 9378/12901 MS: 5 CopyPart-ChangeASCIIInt-ChangeByte-ShuffleBytes-EraseBytes-
#50668	REDUCE cov: 1412 ft: 4117 corp: 610/856Kb lim: 12901 exec/s: 3166 rss: 75Mb L: 158/12901 MS: 4 ShuffleBytes-ShuffleBytes-ChangeASCIIInt-EraseBytes-
#50788	REDUCE cov: 1412 ft: 4117 corp: 610/856Kb lim: 12901 exec/s: 3174 rss: 75Mb L: 2124/12901 MS: 5 PersAutoDict-ChangeBinInt-InsertRepeatedBytes-ChangeBinInt-EraseBytes- DE: "\000\000\000\000\000\000\000\000"-
#50909	REDUCE cov: 1412 ft: 4117 corp: 610/856Kb lim: 12901 exec/s: 3181 rss: 75Mb L: 173/12901 MS: 1 EraseBytes-
#51018	REDUCE cov: 1412 ft: 4117 corp: 610/856Kb lim: 12901 exec/s: 3188 rss: 75Mb L: 187/12901 MS: 4 ChangeBinInt-ChangeASCIIInt-CrossOver-EraseBytes-
#51156	REDUCE cov: 1412 ft: 4117 corp: 610/855Kb lim: 12901 exec/s: 3197 rss: 75Mb L: 1191/12901 MS: 3 ChangeByte-ChangeBinInt-EraseBytes-
#51228	REDUCE cov: 1412 ft: 4117 corp: 610/855Kb lim: 12901 exec/s: 3201 rss: 75Mb L: 367/12901 MS: 2 ChangeByte-EraseBytes-
#51261	REDUCE cov: 1412 ft: 4117 corp: 610/855Kb lim: 12901 exec/s: 3203 rss: 75Mb L: 1438/12901 MS: 3 ChangeBit-ChangeASCIIInt-EraseBytes-
#51339	REDUCE cov: 1412 ft: 4117 corp: 610/855Kb lim: 12901 exec/s: 3208 rss: 75Mb L: 424/12901 MS: 3 ShuffleBytes-CMP-EraseBytes- DE: "sPLT"-
#51461	REDUCE cov: 1412 ft: 4117 corp: 610/855Kb lim: 12901 exec/s: 3216 rss: 75Mb L: 88/12901 MS: 2 CopyPart-EraseBytes-
#51639	REDUCE cov: 1412 ft: 4117 corp: 610/855Kb lim: 12901 exec/s: 3227 rss: 75Mb L: 192/12901 MS: 3 InsertByte-ChangeASCIIInt-EraseBytes-
#51756	REDUCE cov: 1412 ft: 4117 corp: 610/855Kb lim: 12901 exec/s: 3234 rss: 75Mb L: 2024/12901 MS: 2 PersAutoDict-EraseBytes- DE: "\376\377\377\377"-
#51790	REDUCE cov: 1412 ft: 4117 corp: 610/855Kb lim: 12901 exec/s: 3236 rss: 75Mb L: 265/12901 MS: 4 CopyPart-EraseBytes-ChangeASCIIInt-EraseBytes-
#52059	REDUCE cov: 1412 ft: 4117 corp: 610/854Kb lim: 12901 exec/s: 3253 rss: 75Mb L: 221/12901 MS: 4 CMP-InsertByte-CopyPart-EraseBytes- DE: "\256\015\000\000\000\000\000\000"-
#52075	REDUCE cov: 1413 ft: 4119 corp: 611/855Kb lim: 12901 exec/s: 3254 rss: 75Mb L: 203/12901 MS: 1 ShuffleBytes-
#52132	REDUCE cov: 1413 ft: 4119 corp: 611/855Kb lim: 12901 exec/s: 3258 rss: 75Mb L: 111/12901 MS: 2 CopyPart-EraseBytes-
#52365	REDUCE cov: 1413 ft: 4119 corp: 611/854Kb lim: 12901 exec/s: 3272 rss: 75Mb L: 424/12901 MS: 3 InsertRepeatedBytes-ShuffleBytes-EraseBytes-
#52423	REDUCE cov: 1413 ft: 4119 corp: 611/854Kb lim: 12901 exec/s: 3276 rss: 75Mb L: 1633/12901 MS: 3 InsertByte-ChangeBinInt-EraseBytes-
#52495	REDUCE cov: 1413 ft: 4119 corp: 611/854Kb lim: 12901 exec/s: 3280 rss: 75Mb L: 3846/12901 MS: 2 PersAutoDict-EraseBytes- DE: "\000\000\000\000"-
#52567	REDUCE cov: 1413 ft: 4119 corp: 611/854Kb lim: 12901 exec/s: 3285 rss: 75Mb L: 560/12901 MS: 2 InsertRepeatedBytes-EraseBytes-
#52703	REDUCE cov: 1413 ft: 4119 corp: 611/853Kb lim: 12901 exec/s: 3293 rss: 75Mb L: 444/12901 MS: 1 EraseBytes-
#52802	NEW    cov: 1414 ft: 4120 corp: 612/861Kb lim: 12901 exec/s: 3300 rss: 75Mb L: 7921/12901 MS: 4 ChangeByte-ChangeBinInt-EraseBytes-CrossOver-
#52894	REDUCE cov: 1414 ft: 4120 corp: 612/861Kb lim: 12901 exec/s: 3305 rss: 75Mb L: 70/12901 MS: 2 ChangeBit-EraseBytes-
#52966	REDUCE cov: 1414 ft: 4120 corp: 612/861Kb lim: 12901 exec/s: 3115 rss: 75Mb L: 2216/12901 MS: 2 PersAutoDict-EraseBytes- DE: "\011\000\000\000\000\000\000\000"-
#53104	REDUCE cov: 1414 ft: 4120 corp: 612/861Kb lim: 12901 exec/s: 3123 rss: 75Mb L: 279/12901 MS: 3 CMP-ChangeBinInt-EraseBytes- DE: "sTER"-
#53373	REDUCE cov: 1414 ft: 4120 corp: 612/861Kb lim: 12901 exec/s: 3139 rss: 75Mb L: 2734/12901 MS: 4 ShuffleBytes-PersAutoDict-ChangeASCIIInt-EraseBytes- DE: "mDCV"-
#53423	REDUCE cov: 1414 ft: 4120 corp: 612/861Kb lim: 12901 exec/s: 3142 rss: 75Mb L: 1665/12901 MS: 5 ChangeASCIIInt-ShuffleBytes-CMP-InsertRepeatedBytes-EraseBytes- DE: "sBIT"-
#53606	REDUCE cov: 1414 ft: 4120 corp: 612/860Kb lim: 12901 exec/s: 3153 rss: 75Mb L: 169/12901 MS: 3 CMP-ChangeASCIIInt-EraseBytes- DE: "\377\377\377\377\377\377\377\302"-
#53617	NEW    cov: 1414 ft: 4121 corp: 613/869Kb lim: 12901 exec/s: 3153 rss: 75Mb L: 8832/12901 MS: 1 ChangeBit-
#53670	REDUCE cov: 1414 ft: 4121 corp: 613/869Kb lim: 12901 exec/s: 3157 rss: 75Mb L: 428/12901 MS: 3 ChangeBinInt-InsertByte-EraseBytes-
#53751	REDUCE cov: 1414 ft: 4121 corp: 613/869Kb lim: 12901 exec/s: 3161 rss: 75Mb L: 7073/12901 MS: 1 EraseBytes-
#53757	NEW    cov: 1414 ft: 4124 corp: 614/870Kb lim: 12901 exec/s: 3162 rss: 75Mb L: 938/12901 MS: 1 InsertRepeatedBytes-
#53793	REDUCE cov: 1414 ft: 4126 corp: 615/870Kb lim: 12901 exec/s: 3164 rss: 75Mb L: 186/12901 MS: 1 ChangeBit-
#53811	REDUCE cov: 1414 ft: 4126 corp: 615/870Kb lim: 12901 exec/s: 3165 rss: 75Mb L: 576/12901 MS: 3 ChangeASCIIInt-ChangeBit-EraseBytes-
#53842	REDUCE cov: 1414 ft: 4126 corp: 615/870Kb lim: 12901 exec/s: 3167 rss: 75Mb L: 161/12901 MS: 1 EraseBytes-
#54072	REDUCE cov: 1414 ft: 4126 corp: 615/870Kb lim: 12901 exec/s: 3180 rss: 75Mb L: 553/12901 MS: 5 ChangeByte-CrossOver-PersAutoDict-ChangeBit-EraseBytes- DE: "\377\377\377\013"-
#54199	REDUCE cov: 1414 ft: 4126 corp: 615/870Kb lim: 12901 exec/s: 3188 rss: 75Mb L: 344/12901 MS: 2 ChangeByte-EraseBytes-
#54317	REDUCE cov: 1414 ft: 4126 corp: 615/869Kb lim: 12901 exec/s: 3195 rss: 75Mb L: 1286/12901 MS: 3 InsertByte-ChangeBit-EraseBytes-
#54338	NEW    cov: 1414 ft: 4127 corp: 616/869Kb lim: 12901 exec/s: 3196 rss: 75Mb L: 325/12901 MS: 1 PersAutoDict- DE: "\377\006"-
#54422	NEW    cov: 1414 ft: 4128 corp: 617/870Kb lim: 12901 exec/s: 3201 rss: 75Mb L: 410/12901 MS: 4 ChangeByte-ChangeBit-ChangeBit-ChangeBinInt-
#54458	REDUCE cov: 1414 ft: 4128 corp: 617/870Kb lim: 12901 exec/s: 3203 rss: 75Mb L: 248/12901 MS: 1 EraseBytes-
#54530	REDUCE cov: 1414 ft: 4128 corp: 617/870Kb lim: 12901 exec/s: 3207 rss: 75Mb L: 120/12901 MS: 2 CrossOver-EraseBytes-
#54558	REDUCE cov: 1414 ft: 4128 corp: 617/870Kb lim: 12901 exec/s: 3209 rss: 75Mb L: 170/12901 MS: 3 ChangeASCIIInt-ChangeByte-EraseBytes-
#54592	REDUCE cov: 1414 ft: 4128 corp: 617/870Kb lim: 12901 exec/s: 3211 rss: 75Mb L: 94/12901 MS: 4 ChangeBinInt-PersAutoDict-ShuffleBytes-EraseBytes- DE: "iCCP"-
#54602	REDUCE cov: 1414 ft: 4128 corp: 617/869Kb lim: 12901 exec/s: 3211 rss: 75Mb L: 189/12901 MS: 5 ChangeByte-CMP-CrossOver-PersAutoDict-EraseBytes- DE: "\376\377\377\375"-"\000\000\000\000\000\000\000\303"-
#54613	REDUCE cov: 1414 ft: 4128 corp: 617/869Kb lim: 12901 exec/s: 3212 rss: 75Mb L: 221/12901 MS: 1 EraseBytes-
#54655	REDUCE cov: 1414 ft: 4128 corp: 617/869Kb lim: 12901 exec/s: 3215 rss: 75Mb L: 49/12901 MS: 2 ChangeASCIIInt-EraseBytes-
#54659	REDUCE cov: 1414 ft: 4128 corp: 617/869Kb lim: 12901 exec/s: 3215 rss: 75Mb L: 131/12901 MS: 4 CrossOver-ChangeASCIIInt-ChangeByte-EraseBytes-
#54804	REDUCE cov: 1414 ft: 4128 corp: 617/869Kb lim: 12901 exec/s: 3223 rss: 75Mb L: 252/12901 MS: 5 PersAutoDict-InsertRepeatedBytes-PersAutoDict-ChangeASCIIInt-EraseBytes- DE: "\001\014"-"\001\000\000\000\000\000\000\303"-
#54810	REDUCE cov: 1414 ft: 4128 corp: 617/869Kb lim: 12901 exec/s: 3224 rss: 75Mb L: 82/12901 MS: 1 EraseBytes-
#54998	NEW    cov: 1414 ft: 4131 corp: 618/870Kb lim: 12901 exec/s: 3235 rss: 75Mb L: 326/12901 MS: 3 PersAutoDict-InsertByte-ChangeBinInt- DE: "mDCV"-
#55032	REDUCE cov: 1415 ft: 4132 corp: 619/872Kb lim: 12901 exec/s: 3237 rss: 75Mb L: 1894/12901 MS: 4 ChangeBinInt-ChangeBinInt-ChangeByte-InsertByte-
#55070	REDUCE cov: 1415 ft: 4132 corp: 619/870Kb lim: 12901 exec/s: 3239 rss: 75Mb L: 2246/12901 MS: 3 ShuffleBytes-CMP-EraseBytes- DE: "\303\000\000\000\000\000\000\000"-
#55217	REDUCE cov: 1415 ft: 4132 corp: 619/870Kb lim: 12901 exec/s: 3248 rss: 75Mb L: 138/12901 MS: 2 CrossOver-EraseBytes-
#55297	REDUCE cov: 1415 ft: 4132 corp: 619/870Kb lim: 12901 exec/s: 3252 rss: 75Mb L: 177/12901 MS: 5 ChangeASCIIInt-CopyPart-PersAutoDict-InsertRepeatedBytes-EraseBytes- DE: "\377\377\377\017"-
#55370	REDUCE cov: 1415 ft: 4132 corp: 619/870Kb lim: 12901 exec/s: 3257 rss: 75Mb L: 80/12901 MS: 3 CrossOver-InsertByte-EraseBytes-
#55424	REDUCE cov: 1415 ft: 4132 corp: 619/868Kb lim: 12901 exec/s: 3260 rss: 75Mb L: 6048/12901 MS: 4 CopyPart-ChangeByte-ChangeBit-EraseBytes-
#55489	REDUCE cov: 1415 ft: 4132 corp: 619/868Kb lim: 12901 exec/s: 3264 rss: 75Mb L: 3826/12901 MS: 5 ChangeASCIIInt-ChangeByte-CrossOver-ChangeBit-EraseBytes-
#55500	REDUCE cov: 1415 ft: 4132 corp: 619/868Kb lim: 12901 exec/s: 3264 rss: 75Mb L: 173/12901 MS: 1 EraseBytes-
#55657	REDUCE cov: 1415 ft: 4132 corp: 619/868Kb lim: 12901 exec/s: 3273 rss: 75Mb L: 107/12901 MS: 2 CMP-EraseBytes- DE: "DNEI"-
#55753	REDUCE cov: 1415 ft: 4132 corp: 619/868Kb lim: 12901 exec/s: 3279 rss: 75Mb L: 112/12901 MS: 1 EraseBytes-
#55759	REDUCE cov: 1415 ft: 4132 corp: 619/868Kb lim: 12901 exec/s: 3279 rss: 75Mb L: 81/12901 MS: 1 EraseBytes-
#55774	REDUCE cov: 1415 ft: 4132 corp: 619/868Kb lim: 12901 exec/s: 3280 rss: 75Mb L: 1473/12901 MS: 5 CrossOver-CMP-ChangeByte-CrossOver-EraseBytes- DE: "\027\000\000\000\000\000\000\000"-
#55782	REDUCE cov: 1415 ft: 4132 corp: 619/868Kb lim: 12901 exec/s: 3281 rss: 75Mb L: 185/12901 MS: 3 ChangeBinInt-ChangeByte-EraseBytes-
#55886	REDUCE cov: 1415 ft: 4132 corp: 619/867Kb lim: 12901 exec/s: 3287 rss: 75Mb L: 1650/12901 MS: 4 ChangeBit-CMP-ChangeByte-EraseBytes- DE: "\377\037"-
#55944	REDUCE cov: 1415 ft: 4132 corp: 619/867Kb lim: 12901 exec/s: 3290 rss: 75Mb L: 2079/12901 MS: 3 ChangeBit-CrossOver-EraseBytes-
#55957	REDUCE cov: 1415 ft: 4132 corp: 619/867Kb lim: 12901 exec/s: 3291 rss: 75Mb L: 889/12901 MS: 3 ChangeBit-CrossOver-EraseBytes-
#56004	REDUCE cov: 1415 ft: 4132 corp: 619/867Kb lim: 12901 exec/s: 3294 rss: 75Mb L: 77/12901 MS: 2 ShuffleBytes-EraseBytes-
#56041	REDUCE cov: 1415 ft: 4133 corp: 620/867Kb lim: 12901 exec/s: 3296 rss: 75Mb L: 321/12901 MS: 2 ChangeByte-ChangeBit-
#56174	REDUCE cov: 1415 ft: 4133 corp: 620/867Kb lim: 12901 exec/s: 3304 rss: 75Mb L: 210/12901 MS: 3 EraseBytes-ChangeASCIIInt-CopyPart-
#56487	REDUCE cov: 1415 ft: 4133 corp: 620/867Kb lim: 12901 exec/s: 3322 rss: 75Mb L: 756/12901 MS: 3 EraseBytes-ShuffleBytes-InsertRepeatedBytes-
#56513	REDUCE cov: 1415 ft: 4133 corp: 620/866Kb lim: 12901 exec/s: 3324 rss: 75Mb L: 7864/12901 MS: 1 EraseBytes-
#56604	NEW    cov: 1415 ft: 4134 corp: 621/867Kb lim: 12901 exec/s: 3329 rss: 75Mb L: 777/12901 MS: 1 CrossOver-
#56617	REDUCE cov: 1415 ft: 4134 corp: 621/867Kb lim: 12901 exec/s: 3330 rss: 75Mb L: 4661/12901 MS: 3 ChangeASCIIInt-InsertByte-CrossOver-
#56630	REDUCE cov: 1415 ft: 4134 corp: 621/867Kb lim: 12901 exec/s: 3331 rss: 75Mb L: 269/12901 MS: 3 PersAutoDict-ChangeBinInt-EraseBytes- DE: "\303\000\000\000\000\000\000\000"-
#56756	REDUCE cov: 1415 ft: 4134 corp: 621/866Kb lim: 12901 exec/s: 3338 rss: 75Mb L: 1186/12901 MS: 1 EraseBytes-
#56781	REDUCE cov: 1415 ft: 4134 corp: 621/866Kb lim: 12901 exec/s: 3340 rss: 75Mb L: 2248/12901 MS: 5 CrossOver-InsertByte-ChangeBit-ChangeASCIIInt-EraseBytes-
#57018	NEW    cov: 1415 ft: 4135 corp: 622/868Kb lim: 12901 exec/s: 3354 rss: 75Mb L: 2041/12901 MS: 2 ChangeBit-CMP- DE: "\001\000\000\000"-
#57019	REDUCE cov: 1415 ft: 4135 corp: 622/868Kb lim: 12901 exec/s: 3354 rss: 75Mb L: 512/12901 MS: 1 EraseBytes-
#57122	REDUCE cov: 1415 ft: 4135 corp: 622/864Kb lim: 12901 exec/s: 3360 rss: 75Mb L: 3643/12901 MS: 3 ShuffleBytes-ChangeByte-CrossOver-
#57128	REDUCE cov: 1415 ft: 4135 corp: 622/864Kb lim: 12901 exec/s: 3360 rss: 75Mb L: 122/12901 MS: 1 EraseBytes-
#57139	REDUCE cov: 1415 ft: 4135 corp: 622/863Kb lim: 12901 exec/s: 3361 rss: 75Mb L: 396/12901 MS: 1 EraseBytes-
#57341	REDUCE cov: 1415 ft: 4135 corp: 622/863Kb lim: 12901 exec/s: 3373 rss: 75Mb L: 143/12901 MS: 2 CopyPart-EraseBytes-
#57495	REDUCE cov: 1415 ft: 4135 corp: 622/863Kb lim: 12901 exec/s: 3194 rss: 75Mb L: 789/12901 MS: 4 ChangeBit-PersAutoDict-InsertByte-EraseBytes- DE: "\001Z"-
#57576	REDUCE cov: 1415 ft: 4135 corp: 622/863Kb lim: 12901 exec/s: 3198 rss: 75Mb L: 1478/12901 MS: 1 EraseBytes-
#57657	REDUCE cov: 1415 ft: 4135 corp: 622/863Kb lim: 12901 exec/s: 3203 rss: 75Mb L: 39/12901 MS: 1 EraseBytes-
#57669	REDUCE cov: 1415 ft: 4135 corp: 622/862Kb lim: 12901 exec/s: 3203 rss: 75Mb L: 145/12901 MS: 2 PersAutoDict-EraseBytes- DE: "\000\000\000\000\000\000\000\000"-
#57736	REDUCE cov: 1415 ft: 4135 corp: 622/862Kb lim: 12901 exec/s: 3207 rss: 75Mb L: 241/12901 MS: 2 InsertRepeatedBytes-EraseBytes-
#57849	REDUCE cov: 1415 ft: 4135 corp: 622/862Kb lim: 12901 exec/s: 3213 rss: 75Mb L: 1351/12901 MS: 3 InsertByte-ShuffleBytes-EraseBytes-
#57896	REDUCE cov: 1415 ft: 4135 corp: 622/862Kb lim: 12901 exec/s: 3216 rss: 75Mb L: 1697/12901 MS: 2 ChangeBit-EraseBytes-
#58389	REDUCE cov: 1415 ft: 4135 corp: 622/862Kb lim: 12901 exec/s: 3243 rss: 75Mb L: 950/12901 MS: 3 ChangeBinInt-InsertByte-EraseBytes-
#58685	REDUCE cov: 1415 ft: 4135 corp: 622/862Kb lim: 12901 exec/s: 3260 rss: 75Mb L: 56/12901 MS: 1 EraseBytes-
#58725	REDUCE cov: 1415 ft: 4135 corp: 622/862Kb lim: 12901 exec/s: 3262 rss: 75Mb L: 1801/12901 MS: 5 CopyPart-InsertByte-ShuffleBytes-ChangeBit-EraseBytes-
#58837	REDUCE cov: 1415 ft: 4135 corp: 622/862Kb lim: 12901 exec/s: 3268 rss: 75Mb L: 98/12901 MS: 2 ChangeBinInt-EraseBytes-
#58998	REDUCE cov: 1415 ft: 4135 corp: 622/862Kb lim: 12901 exec/s: 3277 rss: 75Mb L: 337/12901 MS: 1 EraseBytes-
#59065	REDUCE cov: 1415 ft: 4135 corp: 622/862Kb lim: 12901 exec/s: 3281 rss: 75Mb L: 142/12901 MS: 2 ChangeByte-EraseBytes-
#59406	REDUCE cov: 1415 ft: 4135 corp: 622/862Kb lim: 12901 exec/s: 3300 rss: 75Mb L: 2672/12901 MS: 1 EraseBytes-
#59501	REDUCE cov: 1415 ft: 4135 corp: 622/862Kb lim: 12901 exec/s: 3305 rss: 75Mb L: 135/12901 MS: 5 InsertByte-ChangeASCIIInt-ShuffleBytes-ChangeBit-EraseBytes-
#59505	REDUCE cov: 1415 ft: 4135 corp: 622/861Kb lim: 12901 exec/s: 3305 rss: 75Mb L: 497/12901 MS: 4 ChangeBit-PersAutoDict-ChangeBit-EraseBytes- DE: "\004\000\000\000"-
#59557	REDUCE cov: 1415 ft: 4135 corp: 622/861Kb lim: 12901 exec/s: 3308 rss: 75Mb L: 90/12901 MS: 2 ChangeBit-EraseBytes-
#59608	REDUCE cov: 1415 ft: 4135 corp: 622/861Kb lim: 12901 exec/s: 3311 rss: 75Mb L: 265/12901 MS: 1 EraseBytes-
#59764	REDUCE cov: 1415 ft: 4135 corp: 622/861Kb lim: 12901 exec/s: 3320 rss: 75Mb L: 323/12901 MS: 1 EraseBytes-
#60127	REDUCE cov: 1415 ft: 4135 corp: 622/861Kb lim: 12901 exec/s: 3340 rss: 75Mb L: 2308/12901 MS: 3 ChangeByte-CopyPart-EraseBytes-
#60133	REDUCE cov: 1416 ft: 4136 corp: 623/861Kb lim: 12901 exec/s: 3340 rss: 75Mb L: 241/12901 MS: 1 CrossOver-
#60160	REDUCE cov: 1416 ft: 4136 corp: 623/861Kb lim: 12901 exec/s: 3342 rss: 75Mb L: 1666/12901 MS: 2 ChangeBinInt-EraseBytes-
#60266	REDUCE cov: 1416 ft: 4136 corp: 623/861Kb lim: 12901 exec/s: 3348 rss: 75Mb L: 101/12901 MS: 1 EraseBytes-
#60297	REDUCE cov: 1416 ft: 4136 corp: 623/861Kb lim: 12901 exec/s: 3349 rss: 75Mb L: 525/12901 MS: 1 EraseBytes-
#60610	NEW    cov: 1420 ft: 4145 corp: 624/861Kb lim: 12901 exec/s: 3367 rss: 75Mb L: 329/12901 MS: 3 ChangeBinInt-ChangeByte-ChangeBit-
#60736	REDUCE cov: 1420 ft: 4145 corp: 624/861Kb lim: 12901 exec/s: 3374 rss: 75Mb L: 1691/12901 MS: 1 EraseBytes-
#60761	REDUCE cov: 1420 ft: 4145 corp: 624/861Kb lim: 12901 exec/s: 3375 rss: 75Mb L: 3257/12901 MS: 5 ShuffleBytes-ShuffleBytes-CMP-ChangeASCIIInt-EraseBytes- DE: "eXIf"-
#60927	REDUCE cov: 1420 ft: 4145 corp: 624/861Kb lim: 12901 exec/s: 3384 rss: 75Mb L: 167/12901 MS: 1 EraseBytes-
#61053	REDUCE cov: 1420 ft: 4145 corp: 624/861Kb lim: 12901 exec/s: 3391 rss: 75Mb L: 490/12901 MS: 1 EraseBytes-
#61120	REDUCE cov: 1420 ft: 4146 corp: 625/863Kb lim: 12901 exec/s: 3395 rss: 75Mb L: 1697/12901 MS: 2 ChangeByte-PersAutoDict- DE: "zTXt"-
#61157	REDUCE cov: 1420 ft: 4146 corp: 625/863Kb lim: 12901 exec/s: 3218 rss: 75Mb L: 1242/12901 MS: 2 InsertByte-EraseBytes-
#61164	REDUCE cov: 1420 ft: 4146 corp: 625/862Kb lim: 12901 exec/s: 3219 rss: 75Mb L: 3138/12901 MS: 2 ShuffleBytes-EraseBytes-
#61335	REDUCE cov: 1420 ft: 4146 corp: 625/862Kb lim: 12901 exec/s: 3228 rss: 75Mb L: 240/12901 MS: 1 EraseBytes-
#61336	REDUCE cov: 1420 ft: 4146 corp: 625/862Kb lim: 12901 exec/s: 3228 rss: 75Mb L: 329/12901 MS: 1 EraseBytes-
#61347	REDUCE cov: 1420 ft: 4146 corp: 625/862Kb lim: 12901 exec/s: 3228 rss: 75Mb L: 1332/12901 MS: 1 EraseBytes-
#61571	REDUCE cov: 1420 ft: 4146 corp: 625/862Kb lim: 12901 exec/s: 3240 rss: 75Mb L: 441/12901 MS: 4 CopyPart-ShuffleBytes-ShuffleBytes-EraseBytes-
#61597	REDUCE cov: 1420 ft: 4146 corp: 625/862Kb lim: 12901 exec/s: 3241 rss: 75Mb L: 234/12901 MS: 1 EraseBytes-
#61758	REDUCE cov: 1420 ft: 4146 corp: 625/861Kb lim: 12901 exec/s: 3250 rss: 75Mb L: 338/12901 MS: 1 EraseBytes-
#61836	REDUCE cov: 1420 ft: 4146 corp: 625/861Kb lim: 12901 exec/s: 3254 rss: 75Mb L: 1404/12901 MS: 3 CopyPart-InsertRepeatedBytes-EraseBytes-
#61843	REDUCE cov: 1420 ft: 4146 corp: 625/861Kb lim: 12901 exec/s: 3254 rss: 75Mb L: 36/12901 MS: 2 ChangeASCIIInt-EraseBytes-
#61886	REDUCE cov: 1420 ft: 4146 corp: 625/860Kb lim: 12901 exec/s: 3257 rss: 75Mb L: 625/12901 MS: 3 ChangeASCIIInt-ChangeBinInt-EraseBytes-
#62137	REDUCE cov: 1420 ft: 4146 corp: 625/860Kb lim: 12901 exec/s: 3270 rss: 75Mb L: 873/12901 MS: 1 EraseBytes-
#62149	REDUCE cov: 1420 ft: 4146 corp: 625/860Kb lim: 12901 exec/s: 3271 rss: 75Mb L: 222/12901 MS: 2 InsertByte-EraseBytes-
#62367	REDUCE cov: 1420 ft: 4146 corp: 625/860Kb lim: 12901 exec/s: 3282 rss: 75Mb L: 499/12901 MS: 3 ShuffleBytes-ChangeByte-EraseBytes-
#62501	REDUCE cov: 1420 ft: 4146 corp: 625/860Kb lim: 12901 exec/s: 3289 rss: 75Mb L: 1353/12901 MS: 4 ChangeBinInt-ChangeASCIIInt-ChangeBit-EraseBytes-
#62859	REDUCE cov: 1420 ft: 4146 corp: 625/859Kb lim: 12901 exec/s: 3308 rss: 75Mb L: 1466/12901 MS: 3 ShuffleBytes-CrossOver-EraseBytes-
#62925	REDUCE cov: 1420 ft: 4146 corp: 625/859Kb lim: 12901 exec/s: 3311 rss: 75Mb L: 67/12901 MS: 1 EraseBytes-
#63001	REDUCE cov: 1420 ft: 4146 corp: 625/859Kb lim: 12901 exec/s: 3315 rss: 75Mb L: 270/12901 MS: 1 EraseBytes-
#63051	REDUCE cov: 1420 ft: 4146 corp: 625/856Kb lim: 12901 exec/s: 3318 rss: 75Mb L: 5912/12901 MS: 5 CMP-CopyPart-InsertRepeatedBytes-ChangeASCIIInt-CrossOver- DE: "\000\000\000\000\000\000\000\265"-
#63097	REDUCE cov: 1420 ft: 4146 corp: 625/856Kb lim: 12901 exec/s: 3320 rss: 75Mb L: 304/12901 MS: 1 EraseBytes-
#63194	REDUCE cov: 1420 ft: 4146 corp: 625/853Kb lim: 12901 exec/s: 3326 rss: 75Mb L: 5559/12901 MS: 2 ChangeByte-EraseBytes-
#63247	REDUCE cov: 1420 ft: 4146 corp: 625/853Kb lim: 12901 exec/s: 3328 rss: 75Mb L: 747/12901 MS: 3 ChangeBit-PersAutoDict-EraseBytes- DE: "\303\000\000\000\000\000\000\000"-
#63248	REDUCE cov: 1420 ft: 4146 corp: 625/853Kb lim: 12901 exec/s: 3328 rss: 75Mb L: 64/12901 MS: 1 EraseBytes-
#63264	NEW    cov: 1421 ft: 4147 corp: 626/853Kb lim: 12901 exec/s: 3329 rss: 75Mb L: 321/12901 MS: 1 ShuffleBytes-
#63272	REDUCE cov: 1421 ft: 4147 corp: 626/853Kb lim: 12901 exec/s: 3330 rss: 75Mb L: 364/12901 MS: 3 CrossOver-ShuffleBytes-EraseBytes-
#63449	REDUCE cov: 1421 ft: 4147 corp: 626/853Kb lim: 12901 exec/s: 3339 rss: 75Mb L: 365/12901 MS: 2 ChangeByte-EraseBytes-
#63653	NEW    cov: 1421 ft: 4148 corp: 627/853Kb lim: 12901 exec/s: 3350 rss: 75Mb L: 138/12901 MS: 4 ShuffleBytes-ChangeBinInt-EraseBytes-ChangeBit-
#63676	REDUCE cov: 1421 ft: 4148 corp: 627/853Kb lim: 12901 exec/s: 3351 rss: 75Mb L: 1402/12901 MS: 3 CMP-PersAutoDict-EraseBytes- DE: "\001\000\000\000\000\000\000\303"-"\376\377\377\375"-
#63764	REDUCE cov: 1421 ft: 4148 corp: 627/853Kb lim: 12901 exec/s: 3356 rss: 75Mb L: 156/12901 MS: 3 CrossOver-ChangeBinInt-EraseBytes-
#63834	NEW    cov: 1421 ft: 4149 corp: 628/854Kb lim: 12901 exec/s: 3359 rss: 75Mb L: 987/12901 MS: 5 ChangeBinInt-CopyPart-InsertRepeatedBytes-ChangeBit-ChangeByte-
#63910	REDUCE cov: 1421 ft: 4149 corp: 628/854Kb lim: 12901 exec/s: 3363 rss: 75Mb L: 1614/12901 MS: 1 EraseBytes-
#64118	REDUCE cov: 1421 ft: 4149 corp: 628/854Kb lim: 12901 exec/s: 3374 rss: 75Mb L: 186/12901 MS: 3 CopyPart-InsertRepeatedBytes-EraseBytes-
#64204	REDUCE cov: 1421 ft: 4149 corp: 628/854Kb lim: 12901 exec/s: 3379 rss: 75Mb L: 642/12901 MS: 1 EraseBytes-
#64350	REDUCE cov: 1421 ft: 4153 corp: 629/862Kb lim: 12901 exec/s: 3386 rss: 75Mb L: 9090/12901 MS: 1 CrossOver-
#64481	REDUCE cov: 1421 ft: 4153 corp: 629/862Kb lim: 12901 exec/s: 3393 rss: 75Mb L: 432/12901 MS: 1 EraseBytes-
#64482	REDUCE cov: 1421 ft: 4153 corp: 629/862Kb lim: 12901 exec/s: 3393 rss: 75Mb L: 544/12901 MS: 1 EraseBytes-
#64673	REDUCE cov: 1421 ft: 4153 corp: 629/862Kb lim: 12901 exec/s: 3403 rss: 75Mb L: 4228/12901 MS: 1 EraseBytes-
#64701	REDUCE cov: 1421 ft: 4153 corp: 629/861Kb lim: 12901 exec/s: 3405 rss: 75Mb L: 11806/12901 MS: 3 ChangeBinInt-ShuffleBytes-EraseBytes-
#65326	REDUCE cov: 1421 ft: 4153 corp: 629/859Kb lim: 12901 exec/s: 3266 rss: 75Mb L: 4038/12901 MS: 5 CMP-CrossOver-ChangeBinInt-InsertByte-EraseBytes- DE: "\023\000\000\000\000\000\000\000"-
#65370	REDUCE cov: 1421 ft: 4153 corp: 629/859Kb lim: 12901 exec/s: 3268 rss: 75Mb L: 507/12901 MS: 4 ChangeASCIIInt-CrossOver-ChangeBit-EraseBytes-
#65421	REDUCE cov: 1421 ft: 4153 corp: 629/859Kb lim: 12901 exec/s: 3271 rss: 75Mb L: 255/12901 MS: 1 EraseBytes-
#65528	REDUCE cov: 1421 ft: 4153 corp: 629/858Kb lim: 12901 exec/s: 3276 rss: 75Mb L: 862/12901 MS: 2 ChangeBit-EraseBytes-
#65536	pulse  cov: 1421 ft: 4153 corp: 629/858Kb lim: 12901 exec/s: 3276 rss: 75Mb
#65622	REDUCE cov: 1421 ft: 4153 corp: 629/858Kb lim: 12901 exec/s: 3281 rss: 75Mb L: 211/12901 MS: 4 CrossOver-CopyPart-InsertByte-EraseBytes-
#65788	REDUCE cov: 1421 ft: 4153 corp: 629/858Kb lim: 12901 exec/s: 3289 rss: 75Mb L: 774/12901 MS: 1 EraseBytes-
#65803	REDUCE cov: 1421 ft: 4153 corp: 629/858Kb lim: 12901 exec/s: 3290 rss: 75Mb L: 1310/12901 MS: 5 ShuffleBytes-PersAutoDict-ChangeByte-ChangeASCIIInt-EraseBytes- DE: "\024\000"-
#65806	REDUCE cov: 1421 ft: 4153 corp: 629/858Kb lim: 12901 exec/s: 3290 rss: 75Mb L: 4899/12901 MS: 3 ShuffleBytes-InsertByte-EraseBytes-
#65864	REDUCE cov: 1421 ft: 4153 corp: 629/857Kb lim: 12901 exec/s: 3293 rss: 75Mb L: 455/12901 MS: 3 InsertByte-ChangeBinInt-EraseBytes-
#66130	NEW    cov: 1421 ft: 4154 corp: 630/857Kb lim: 12901 exec/s: 3306 rss: 75Mb L: 139/12901 MS: 1 ChangeByte-
#66247	REDUCE cov: 1421 ft: 4154 corp: 630/857Kb lim: 12901 exec/s: 3312 rss: 75Mb L: 1623/12901 MS: 2 ShuffleBytes-EraseBytes-
#66268	REDUCE cov: 1421 ft: 4154 corp: 630/857Kb lim: 12901 exec/s: 3313 rss: 75Mb L: 1616/12901 MS: 1 EraseBytes-
#66309	REDUCE cov: 1421 ft: 4154 corp: 630/856Kb lim: 12901 exec/s: 3315 rss: 75Mb L: 4789/12901 MS: 1 EraseBytes-
#66453	REDUCE cov: 1421 ft: 4154 corp: 630/856Kb lim: 12901 exec/s: 3322 rss: 75Mb L: 4496/12901 MS: 4 ChangeBinInt-ChangeBit-InsertByte-EraseBytes-
#66575	NEW    cov: 1424 ft: 4157 corp: 631/857Kb lim: 12901 exec/s: 3328 rss: 75Mb L: 1033/12901 MS: 2 CopyPart-CMP- DE: "\006\000\000\000"-
#66664	NEW    cov: 1424 ft: 4159 corp: 632/857Kb lim: 12901 exec/s: 3333 rss: 75Mb L: 300/12901 MS: 4 CopyPart-CMP-PersAutoDict-InsertByte- DE: "\001\000\000\000\000\000\000\000"-"\001\000\000\000\000\000\000\303"-
#66731	REDUCE cov: 1424 ft: 4159 corp: 632/857Kb lim: 12901 exec/s: 3336 rss: 75Mb L: 396/12901 MS: 2 InsertByte-EraseBytes-
#66733	NEW    cov: 1425 ft: 4160 corp: 633/859Kb lim: 12901 exec/s: 3336 rss: 75Mb L: 1872/12901 MS: 2 ChangeBit-CrossOver-
#66782	REDUCE cov: 1425 ft: 4160 corp: 633/859Kb lim: 12901 exec/s: 3339 rss: 75Mb L: 284/12901 MS: 4 ChangeBinInt-ShuffleBytes-ChangeByte-EraseBytes-
#66829	REDUCE cov: 1425 ft: 4160 corp: 633/857Kb lim: 12901 exec/s: 3341 rss: 75Mb L: 2163/12901 MS: 2 ChangeByte-EraseBytes-
#67357	REDUCE cov: 1425 ft: 4160 corp: 633/857Kb lim: 12901 exec/s: 3367 rss: 75Mb L: 2691/12901 MS: 3 InsertRepeatedBytes-CopyPart-EraseBytes-
#67558	REDUCE cov: 1425 ft: 4160 corp: 633/857Kb lim: 12901 exec/s: 3377 rss: 75Mb L: 123/12901 MS: 1 EraseBytes-
#67879	REDUCE cov: 1425 ft: 4160 corp: 633/857Kb lim: 12901 exec/s: 3393 rss: 75Mb L: 643/12901 MS: 1 EraseBytes-
#67937	REDUCE cov: 1425 ft: 4160 corp: 633/857Kb lim: 12901 exec/s: 3396 rss: 75Mb L: 112/12901 MS: 3 ChangeBit-ChangeBit-EraseBytes-
#68039	REDUCE cov: 1425 ft: 4160 corp: 633/857Kb lim: 12901 exec/s: 3401 rss: 75Mb L: 270/12901 MS: 2 PersAutoDict-EraseBytes- DE: "\001\000\000\000\000\000\000\303"-
#68055	REDUCE cov: 1425 ft: 4160 corp: 633/857Kb lim: 12901 exec/s: 3402 rss: 75Mb L: 2115/12901 MS: 1 EraseBytes-
#68062	NEW    cov: 1426 ft: 4161 corp: 634/858Kb lim: 12901 exec/s: 3403 rss: 75Mb L: 779/12901 MS: 2 ChangeBinInt-PersAutoDict- DE: "\006\000\000\000"-
#68090	REDUCE cov: 1426 ft: 4161 corp: 634/857Kb lim: 12901 exec/s: 3404 rss: 75Mb L: 147/12901 MS: 3 ChangeBinInt-PersAutoDict-EraseBytes- DE: "\000\000\000\000\000\000\000\303"-
#68231	REDUCE cov: 1427 ft: 4162 corp: 635/859Kb lim: 12901 exec/s: 3411 rss: 75Mb L: 1665/12901 MS: 1 CMP- DE: "\005\000\000\000"-
#68249	REDUCE cov: 1427 ft: 4162 corp: 635/859Kb lim: 12901 exec/s: 3412 rss: 75Mb L: 129/12901 MS: 3 ShuffleBytes-InsertRepeatedBytes-EraseBytes-
#68283	REDUCE cov: 1427 ft: 4162 corp: 635/859Kb lim: 12901 exec/s: 3414 rss: 75Mb L: 210/12901 MS: 4 InsertRepeatedBytes-ChangeBit-ChangeBit-EraseBytes-
#68309	REDUCE cov: 1427 ft: 4162 corp: 635/859Kb lim: 12901 exec/s: 3415 rss: 75Mb L: 197/12901 MS: 1 EraseBytes-
#68321	REDUCE cov: 1427 ft: 4162 corp: 635/859Kb lim: 12901 exec/s: 3416 rss: 75Mb L: 2614/12901 MS: 2 ChangeBinInt-EraseBytes-
#68324	REDUCE cov: 1427 ft: 4162 corp: 635/859Kb lim: 12901 exec/s: 3416 rss: 75Mb L: 10642/12901 MS: 3 ChangeBinInt-ChangeASCIIInt-CrossOver-
#68496	REDUCE cov: 1427 ft: 4162 corp: 635/859Kb lim: 12901 exec/s: 3424 rss: 75Mb L: 319/12901 MS: 2 ShuffleBytes-EraseBytes-
#68668	REDUCE cov: 1427 ft: 4162 corp: 635/859Kb lim: 12901 exec/s: 3433 rss: 75Mb L: 1015/12901 MS: 2 ChangeBinInt-EraseBytes-
#68739	REDUCE cov: 1427 ft: 4162 corp: 635/859Kb lim: 12901 exec/s: 3436 rss: 75Mb L: 2864/12901 MS: 1 EraseBytes-
#68885	NEW    cov: 1427 ft: 4163 corp: 636/860Kb lim: 12901 exec/s: 3280 rss: 75Mb L: 2042/12901 MS: 1 ChangeByte-
#68906	REDUCE cov: 1427 ft: 4163 corp: 636/860Kb lim: 12901 exec/s: 3281 rss: 75Mb L: 1653/12901 MS: 1 CrossOver-
#68945	REDUCE cov: 1427 ft: 4163 corp: 636/860Kb lim: 12901 exec/s: 3283 rss: 75Mb L: 100/12901 MS: 4 ShuffleBytes-InsertByte-ChangeByte-EraseBytes-
#68957	REDUCE cov: 1427 ft: 4163 corp: 636/860Kb lim: 12901 exec/s: 3283 rss: 75Mb L: 4596/12901 MS: 2 ChangeASCIIInt-EraseBytes-
#68978	REDUCE cov: 1427 ft: 4163 corp: 636/860Kb lim: 12901 exec/s: 3284 rss: 75Mb L: 139/12901 MS: 1 EraseBytes-
#69169	REDUCE cov: 1427 ft: 4163 corp: 636/860Kb lim: 12901 exec/s: 3293 rss: 75Mb L: 234/12901 MS: 1 EraseBytes-
#69200	REDUCE cov: 1427 ft: 4163 corp: 636/860Kb lim: 12901 exec/s: 3295 rss: 75Mb L: 70/12901 MS: 1 EraseBytes-
#69205	REDUCE cov: 1427 ft: 4163 corp: 636/859Kb lim: 12901 exec/s: 3295 rss: 75Mb L: 7444/12901 MS: 5 ChangeBit-ChangeASCIIInt-CopyPart-CopyPart-EraseBytes-
#69258	REDUCE cov: 1427 ft: 4163 corp: 636/858Kb lim: 12901 exec/s: 3298 rss: 75Mb L: 3751/12901 MS: 3 CopyPart-PersAutoDict-EraseBytes- DE: "\377\006"-
#69384	REDUCE cov: 1427 ft: 4163 corp: 636/857Kb lim: 12901 exec/s: 3304 rss: 75Mb L: 860/12901 MS: 1 EraseBytes-
#69606	REDUCE cov: 1427 ft: 4163 corp: 636/857Kb lim: 12901 exec/s: 3314 rss: 75Mb L: 101/12901 MS: 2 PersAutoDict-EraseBytes- DE: "oFFs"-
#69837	REDUCE cov: 1427 ft: 4163 corp: 636/857Kb lim: 12901 exec/s: 3325 rss: 75Mb L: 5145/12901 MS: 1 EraseBytes-
#69838	NEW    cov: 1427 ft: 4164 corp: 637/865Kb lim: 12901 exec/s: 3325 rss: 75Mb L: 8832/12901 MS: 1 PersAutoDict- DE: "\001\000\000\000\000\000\000\303"-
#70014	REDUCE cov: 1427 ft: 4164 corp: 637/865Kb lim: 12901 exec/s: 3334 rss: 75Mb L: 858/12901 MS: 1 EraseBytes-
#70058	REDUCE cov: 1427 ft: 4164 corp: 637/865Kb lim: 12901 exec/s: 3336 rss: 75Mb L: 1705/12901 MS: 4 ChangeASCIIInt-ChangeASCIIInt-ChangeBinInt-EraseBytes-
#70120	REDUCE cov: 1427 ft: 4164 corp: 637/865Kb lim: 12901 exec/s: 3339 rss: 75Mb L: 99/12901 MS: 2 ChangeASCIIInt-EraseBytes-
#70177	REDUCE cov: 1427 ft: 4164 corp: 637/864Kb lim: 12901 exec/s: 3341 rss: 75Mb L: 744/12901 MS: 2 ChangeByte-CrossOver-
#70453	REDUCE cov: 1427 ft: 4164 corp: 637/864Kb lim: 12901 exec/s: 3354 rss: 75Mb L: 320/12901 MS: 1 EraseBytes-
#70582	REDUCE cov: 1427 ft: 4164 corp: 637/863Kb lim: 12901 exec/s: 3361 rss: 75Mb L: 4303/12901 MS: 4 ChangeBinInt-CMP-ChangeBit-EraseBytes- DE: "\377\377\377&"-
#70928	REDUCE cov: 1427 ft: 4164 corp: 637/863Kb lim: 12901 exec/s: 3377 rss: 75Mb L: 4870/12901 MS: 1 EraseBytes-
#71286	REDUCE cov: 1427 ft: 4164 corp: 637/862Kb lim: 12901 exec/s: 3394 rss: 75Mb L: 2693/12901 MS: 3 InsertRepeatedBytes-CopyPart-EraseBytes-
#71339	REDUCE cov: 1427 ft: 4164 corp: 637/862Kb lim: 12901 exec/s: 3397 rss: 75Mb L: 44/12901 MS: 3 PersAutoDict-InsertByte-EraseBytes- DE: "\377\377\377\013"-
#71407	REDUCE cov: 1427 ft: 4164 corp: 637/861Kb lim: 12901 exec/s: 3400 rss: 75Mb L: 1543/12901 MS: 3 InsertByte-PersAutoDict-EraseBytes- DE: "hIST"-
#71413	REDUCE cov: 1427 ft: 4164 corp: 637/861Kb lim: 12901 exec/s: 3400 rss: 75Mb L: 95/12901 MS: 1 EraseBytes-
#71612	REDUCE cov: 1427 ft: 4164 corp: 637/861Kb lim: 12901 exec/s: 3410 rss: 75Mb L: 173/12901 MS: 4 ChangeBit-ChangeBit-ShuffleBytes-EraseBytes-
#71624	REDUCE cov: 1427 ft: 4164 corp: 637/861Kb lim: 12901 exec/s: 3410 rss: 75Mb L: 280/12901 MS: 2 ChangeASCIIInt-EraseBytes-
#71702	REDUCE cov: 1427 ft: 4164 corp: 637/861Kb lim: 12901 exec/s: 3414 rss: 75Mb L: 723/12901 MS: 3 ShuffleBytes-ChangeByte-EraseBytes-
#71704	REDUCE cov: 1427 ft: 4164 corp: 637/861Kb lim: 12901 exec/s: 3414 rss: 75Mb L: 1616/12901 MS: 2 InsertByte-EraseBytes-
#71756	REDUCE cov: 1427 ft: 4164 corp: 637/861Kb lim: 12901 exec/s: 3416 rss: 75Mb L: 179/12901 MS: 2 PersAutoDict-EraseBytes- DE: "\377\377\377&"-
#71783	REDUCE cov: 1427 ft: 4164 corp: 637/861Kb lim: 12901 exec/s: 3418 rss: 75Mb L: 496/12901 MS: 2 ChangeByte-EraseBytes-
#71799	REDUCE cov: 1427 ft: 4164 corp: 637/860Kb lim: 12901 exec/s: 3419 rss: 75Mb L: 4361/12901 MS: 1 EraseBytes-
#71865	REDUCE cov: 1427 ft: 4164 corp: 637/860Kb lim: 12901 exec/s: 3422 rss: 75Mb L: 8831/12901 MS: 1 EraseBytes-
#71876	REDUCE cov: 1427 ft: 4165 corp: 638/862Kb lim: 12901 exec/s: 3422 rss: 75Mb L: 2614/12901 MS: 1 CMP- DE: "\001\000\000t"-
#71887	REDUCE cov: 1427 ft: 4165 corp: 638/860Kb lim: 12901 exec/s: 3423 rss: 75Mb L: 9642/12901 MS: 1 EraseBytes-
#71909	REDUCE cov: 1427 ft: 4165 corp: 638/859Kb lim: 12901 exec/s: 3424 rss: 75Mb L: 6366/12901 MS: 2 InsertByte-EraseBytes-
#72077	REDUCE cov: 1427 ft: 4165 corp: 638/859Kb lim: 12901 exec/s: 3432 rss: 75Mb L: 147/12901 MS: 3 ChangeBit-ChangeBit-EraseBytes-
#72429	REDUCE cov: 1427 ft: 4165 corp: 638/859Kb lim: 12901 exec/s: 3449 rss: 75Mb L: 836/12901 MS: 2 InsertRepeatedBytes-EraseBytes-
#72435	REDUCE cov: 1427 ft: 4165 corp: 638/859Kb lim: 12901 exec/s: 3449 rss: 75Mb L: 5/12901 MS: 1 EraseBytes-
#72514	REDUCE cov: 1427 ft: 4165 corp: 638/856Kb lim: 12901 exec/s: 3453 rss: 75Mb L: 5730/12901 MS: 4 PersAutoDict-CrossOver-ChangeByte-EraseBytes- DE: "\005\000\000\000"-
#72622	REDUCE cov: 1427 ft: 4165 corp: 638/856Kb lim: 12901 exec/s: 3301 rss: 75Mb L: 142/12901 MS: 3 ChangeByte-ChangeBinInt-EraseBytes-
#72649	REDUCE cov: 1427 ft: 4165 corp: 638/856Kb lim: 12901 exec/s: 3302 rss: 75Mb L: 322/12901 MS: 2 ChangeBinInt-EraseBytes-
#72890	REDUCE cov: 1427 ft: 4165 corp: 638/855Kb lim: 12901 exec/s: 3313 rss: 75Mb L: 921/12901 MS: 1 EraseBytes-
#72971	REDUCE cov: 1427 ft: 4165 corp: 638/855Kb lim: 12901 exec/s: 3316 rss: 75Mb L: 229/12901 MS: 1 EraseBytes-
#73027	REDUCE cov: 1427 ft: 4165 corp: 638/855Kb lim: 12901 exec/s: 3319 rss: 75Mb L: 125/12901 MS: 1 EraseBytes-
#73049	REDUCE cov: 1427 ft: 4165 corp: 638/855Kb lim: 12901 exec/s: 3320 rss: 75Mb L: 236/12901 MS: 2 ShuffleBytes-EraseBytes-
#73107	REDUCE cov: 1427 ft: 4165 corp: 638/855Kb lim: 12901 exec/s: 3323 rss: 75Mb L: 938/12901 MS: 3 ChangeBinInt-InsertRepeatedBytes-EraseBytes-
#73306	REDUCE cov: 1427 ft: 4165 corp: 638/855Kb lim: 12901 exec/s: 3332 rss: 75Mb L: 393/12901 MS: 4 CrossOver-ShuffleBytes-ChangeBit-EraseBytes-
#73308	REDUCE cov: 1427 ft: 4165 corp: 638/855Kb lim: 12901 exec/s: 3332 rss: 75Mb L: 313/12901 MS: 2 InsertRepeatedBytes-EraseBytes-
#73310	REDUCE cov: 1427 ft: 4165 corp: 638/855Kb lim: 12901 exec/s: 3332 rss: 75Mb L: 666/12901 MS: 2 CrossOver-EraseBytes-
#73316	REDUCE cov: 1427 ft: 4165 corp: 638/854Kb lim: 12901 exec/s: 3332 rss: 75Mb L: 451/12901 MS: 1 EraseBytes-
#73343	REDUCE cov: 1428 ft: 4166 corp: 639/855Kb lim: 12901 exec/s: 3333 rss: 75Mb L: 287/12901 MS: 2 CrossOver-CrossOver-
#73881	REDUCE cov: 1428 ft: 4166 corp: 639/855Kb lim: 12901 exec/s: 3358 rss: 75Mb L: 764/12901 MS: 3 CopyPart-ChangeBinInt-EraseBytes-
#73939	REDUCE cov: 1428 ft: 4166 corp: 639/855Kb lim: 12901 exec/s: 3360 rss: 75Mb L: 404/12901 MS: 3 CMP-ChangeBinInt-EraseBytes- DE: "\377\377\377\377\377\377\377\010"-
#74043	REDUCE cov: 1428 ft: 4166 corp: 639/854Kb lim: 12901 exec/s: 3365 rss: 75Mb L: 3182/12901 MS: 4 ShuffleBytes-CrossOver-CopyPart-EraseBytes-
#74169	REDUCE cov: 1428 ft: 4166 corp: 639/854Kb lim: 12901 exec/s: 3371 rss: 75Mb L: 919/12901 MS: 1 EraseBytes-
#74406	REDUCE cov: 1428 ft: 4166 corp: 639/854Kb lim: 12901 exec/s: 3382 rss: 75Mb L: 184/12901 MS: 2 ShuffleBytes-EraseBytes-
#74727	REDUCE cov: 1428 ft: 4166 corp: 639/854Kb lim: 12901 exec/s: 3396 rss: 75Mb L: 94/12901 MS: 1 EraseBytes-
#74854	REDUCE cov: 1428 ft: 4166 corp: 639/854Kb lim: 12901 exec/s: 3402 rss: 75Mb L: 161/12901 MS: 2 ChangeByte-EraseBytes-
#74937	REDUCE cov: 1428 ft: 4166 corp: 639/854Kb lim: 12901 exec/s: 3406 rss: 75Mb L: 219/12901 MS: 3 CopyPart-ChangeASCIIInt-EraseBytes-
#74968	NEW    cov: 1428 ft: 4168 corp: 640/854Kb lim: 12901 exec/s: 3407 rss: 75Mb L: 516/12901 MS: 1 ShuffleBytes-
#75180	NEW    cov: 1428 ft: 4169 corp: 641/855Kb lim: 12901 exec/s: 3417 rss: 75Mb L: 139/12901 MS: 2 ChangeASCIIInt-ChangeBinInt-
#75462	REDUCE cov: 1428 ft: 4169 corp: 641/852Kb lim: 12901 exec/s: 3430 rss: 75Mb L: 6332/12901 MS: 2 ChangeASCIIInt-EraseBytes-
#75492	REDUCE cov: 1428 ft: 4170 corp: 642/853Kb lim: 12901 exec/s: 3431 rss: 75Mb L: 1063/12901 MS: 5 CopyPart-InsertRepeatedBytes-CrossOver-EraseBytes-ChangeBit-
#75495	REDUCE cov: 1428 ft: 4170 corp: 642/853Kb lim: 12901 exec/s: 3431 rss: 75Mb L: 396/12901 MS: 3 CMP-ChangeASCIIInt-EraseBytes- DE: "sBIT"-
#75757	REDUCE cov: 1428 ft: 4170 corp: 642/853Kb lim: 12901 exec/s: 3293 rss: 75Mb L: 88/12901 MS: 2 ShuffleBytes-EraseBytes-
#76031	REDUCE cov: 1428 ft: 4170 corp: 642/853Kb lim: 12901 exec/s: 3305 rss: 75Mb L: 208/12901 MS: 4 InsertRepeatedBytes-ChangeByte-InsertByte-EraseBytes-
#76312	REDUCE cov: 1428 ft: 4170 corp: 642/853Kb lim: 12901 exec/s: 3317 rss: 75Mb L: 316/12901 MS: 1 EraseBytes-
#76369	REDUCE cov: 1428 ft: 4170 corp: 642/853Kb lim: 12901 exec/s: 3320 rss: 75Mb L: 727/12901 MS: 2 InsertRepeatedBytes-EraseBytes-
#76373	REDUCE cov: 1428 ft: 4170 corp: 642/853Kb lim: 12901 exec/s: 3320 rss: 75Mb L: 123/12901 MS: 4 InsertByte-InsertRepeatedBytes-ChangeASCIIInt-EraseBytes-
#76580	NEW    cov: 1428 ft: 4172 corp: 643/853Kb lim: 12901 exec/s: 3329 rss: 75Mb L: 304/12901 MS: 2 InsertByte-PersAutoDict- DE: "\000\000\000\000\000\000\000\010"-
#76646	REDUCE cov: 1428 ft: 4172 corp: 643/853Kb lim: 12901 exec/s: 3332 rss: 75Mb L: 86/12901 MS: 1 EraseBytes-
#76692	REDUCE cov: 1428 ft: 4172 corp: 643/853Kb lim: 12901 exec/s: 3334 rss: 75Mb L: 52/12901 MS: 1 EraseBytes-
	NEW_FUNC[1/1]: 0x55ec0b1c91f0 in png_handle_sPLT /src/libpng/pngrutil.c:1566
#76873	REDUCE cov: 1432 ft: 4176 corp: 644/853Kb lim: 12901 exec/s: 3342 rss: 75Mb L: 120/12901 MS: 1 CrossOver-
#77077	REDUCE cov: 1432 ft: 4176 corp: 644/853Kb lim: 12901 exec/s: 3351 rss: 75Mb L: 71/12901 MS: 4 ChangeByte-PersAutoDict-ShuffleBytes-EraseBytes- DE: "\000\000\000\374"-
#77171	REDUCE cov: 1432 ft: 4176 corp: 644/853Kb lim: 12901 exec/s: 3355 rss: 75Mb L: 93/12901 MS: 4 ChangeBit-InsertRepeatedBytes-PersAutoDict-EraseBytes- DE: "\005\000\000\000"-
#77183	REDUCE cov: 1432 ft: 4176 corp: 644/853Kb lim: 12901 exec/s: 3355 rss: 75Mb L: 2025/12901 MS: 2 EraseBytes-InsertRepeatedBytes-
#77308	REDUCE cov: 1432 ft: 4176 corp: 644/852Kb lim: 12901 exec/s: 3361 rss: 75Mb L: 1220/12901 MS: 5 ChangeBinInt-PersAutoDict-ChangeByte-ChangeBinInt-EraseBytes- DE: "\377\377\377\017"-
#77372	REDUCE cov: 1432 ft: 4176 corp: 644/852Kb lim: 12901 exec/s: 3364 rss: 75Mb L: 778/12901 MS: 4 ChangeBinInt-ChangeASCIIInt-ChangeBinInt-EraseBytes-
#77485	REDUCE cov: 1432 ft: 4176 corp: 644/851Kb lim: 12901 exec/s: 3368 rss: 75Mb L: 467/12901 MS: 3 ShuffleBytes-ChangeByte-EraseBytes-
#77662	REDUCE cov: 1432 ft: 4176 corp: 644/850Kb lim: 12901 exec/s: 3376 rss: 75Mb L: 4672/12901 MS: 2 ChangeBit-EraseBytes-
#77714	REDUCE cov: 1432 ft: 4176 corp: 644/850Kb lim: 12901 exec/s: 3378 rss: 75Mb L: 159/12901 MS: 2 InsertRepeatedBytes-EraseBytes-
#77898	REDUCE cov: 1432 ft: 4176 corp: 644/850Kb lim: 12901 exec/s: 3386 rss: 75Mb L: 763/12901 MS: 4 ChangeByte-CopyPart-CrossOver-EraseBytes-
#77945	REDUCE cov: 1432 ft: 4176 corp: 644/849Kb lim: 12901 exec/s: 3388 rss: 75Mb L: 106/12901 MS: 2 ChangeBinInt-EraseBytes-
#78146	REDUCE cov: 1432 ft: 4176 corp: 644/849Kb lim: 12901 exec/s: 3397 rss: 75Mb L: 1219/12901 MS: 1 EraseBytes-
#78185	REDUCE cov: 1432 ft: 4176 corp: 644/849Kb lim: 12901 exec/s: 3399 rss: 75Mb L: 112/12901 MS: 4 CopyPart-InsertByte-ChangeByte-EraseBytes-
#78264	NEW    cov: 1433 ft: 4177 corp: 645/849Kb lim: 12901 exec/s: 3402 rss: 75Mb L: 106/12901 MS: 4 CMP-CopyPart-ChangeBinInt-EraseBytes- DE: "sPLT"-
#78345	REDUCE cov: 1433 ft: 4177 corp: 645/849Kb lim: 12901 exec/s: 3406 rss: 75Mb L: 250/12901 MS: 1 EraseBytes-
#78482	REDUCE cov: 1433 ft: 4178 corp: 646/849Kb lim: 12901 exec/s: 3412 rss: 75Mb L: 244/12901 MS: 2 ShuffleBytes-PersAutoDict- DE: "\001\000\000\000\000\000\000\303"-
#78518	REDUCE cov: 1433 ft: 4178 corp: 646/849Kb lim: 12901 exec/s: 3413 rss: 75Mb L: 1383/12901 MS: 1 EraseBytes-
#78560	REDUCE cov: 1433 ft: 4178 corp: 646/848Kb lim: 12901 exec/s: 3415 rss: 75Mb L: 940/12901 MS: 2 ChangeBit-EraseBytes-
#78620	REDUCE cov: 1433 ft: 4178 corp: 646/848Kb lim: 12901 exec/s: 3418 rss: 75Mb L: 328/12901 MS: 5 ChangeASCIIInt-ChangeASCIIInt-CopyPart-ShuffleBytes-EraseBytes-
#78742	REDUCE cov: 1433 ft: 4178 corp: 646/848Kb lim: 12901 exec/s: 3423 rss: 75Mb L: 194/12901 MS: 2 CMP-EraseBytes- DE: "\001\000\000\015"-
#79078	REDUCE cov: 1433 ft: 4178 corp: 646/847Kb lim: 12901 exec/s: 3294 rss: 75Mb L: 541/12901 MS: 1 EraseBytes-
#79098	REDUCE cov: 1433 ft: 4178 corp: 646/847Kb lim: 12901 exec/s: 3295 rss: 75Mb L: 58/12901 MS: 5 EraseBytes-ChangeByte-PersAutoDict-ChangeBinInt-CopyPart- DE: "P\211\000\000"-
#79159	REDUCE cov: 1433 ft: 4178 corp: 646/847Kb lim: 12901 exec/s: 3298 rss: 75Mb L: 364/12901 MS: 1 EraseBytes-
#79207	REDUCE cov: 1433 ft: 4178 corp: 646/847Kb lim: 12901 exec/s: 3300 rss: 75Mb L: 716/12901 MS: 3 ChangeByte-PersAutoDict-EraseBytes- DE: "\015\000\000\000\000\000\000\000"-
#79301	REDUCE cov: 1433 ft: 4178 corp: 646/847Kb lim: 12901 exec/s: 3304 rss: 75Mb L: 1587/12901 MS: 4 ChangeBit-ChangeASCIIInt-CrossOver-EraseBytes-
#79320	REDUCE cov: 1433 ft: 4180 corp: 647/850Kb lim: 12901 exec/s: 3305 rss: 75Mb L: 2883/12901 MS: 4 ChangeBit-InsertRepeatedBytes-InsertRepeatedBytes-ShuffleBytes-
#79437	REDUCE cov: 1433 ft: 4180 corp: 647/850Kb lim: 12901 exec/s: 3309 rss: 75Mb L: 77/12901 MS: 2 ChangeBit-EraseBytes-
#79524	REDUCE cov: 1433 ft: 4180 corp: 647/850Kb lim: 12901 exec/s: 3313 rss: 75Mb L: 243/12901 MS: 2 ChangeByte-EraseBytes-
#79610	REDUCE cov: 1433 ft: 4180 corp: 647/849Kb lim: 12901 exec/s: 3317 rss: 75Mb L: 3863/12901 MS: 1 EraseBytes-
#79623	REDUCE cov: 1433 ft: 4180 corp: 647/849Kb lim: 12901 exec/s: 3317 rss: 75Mb L: 93/12901 MS: 3 PersAutoDict-ChangeBinInt-EraseBytes- DE: "\000\000\000\000\000\000\000\000"-
#79804	REDUCE cov: 1433 ft: 4180 corp: 647/848Kb lim: 12901 exec/s: 3325 rss: 75Mb L: 1195/12901 MS: 1 EraseBytes-
#79825	REDUCE cov: 1433 ft: 4180 corp: 647/847Kb lim: 12901 exec/s: 3326 rss: 75Mb L: 2488/12901 MS: 1 EraseBytes-
#80046	REDUCE cov: 1433 ft: 4180 corp: 647/847Kb lim: 12901 exec/s: 3335 rss: 75Mb L: 400/12901 MS: 1 EraseBytes-
#80237	REDUCE cov: 1433 ft: 4180 corp: 647/845Kb lim: 12901 exec/s: 3343 rss: 75Mb L: 3664/12901 MS: 1 EraseBytes-
#80303	REDUCE cov: 1433 ft: 4180 corp: 647/845Kb lim: 12901 exec/s: 3345 rss: 75Mb L: 191/12901 MS: 1 EraseBytes-
#80407	REDUCE cov: 1433 ft: 4180 corp: 647/845Kb lim: 12901 exec/s: 3350 rss: 75Mb L: 4257/12901 MS: 4 PersAutoDict-CopyPart-ChangeASCIIInt-EraseBytes- DE: "\016\000\000\000\000\000\000\000"-
#80436	REDUCE cov: 1433 ft: 4180 corp: 647/845Kb lim: 12901 exec/s: 3351 rss: 75Mb L: 192/12901 MS: 4 ShuffleBytes-ShuffleBytes-InsertByte-EraseBytes-
#80479	REDUCE cov: 1433 ft: 4180 corp: 647/845Kb lim: 12901 exec/s: 3353 rss: 75Mb L: 7355/12901 MS: 3 PersAutoDict-InsertByte-EraseBytes- DE: "\262\000\000\000"-
#80596	REDUCE cov: 1433 ft: 4180 corp: 647/844Kb lim: 12901 exec/s: 3358 rss: 75Mb L: 134/12901 MS: 2 ChangeBinInt-EraseBytes-
#80612	REDUCE cov: 1433 ft: 4180 corp: 647/844Kb lim: 12901 exec/s: 3358 rss: 75Mb L: 249/12901 MS: 1 EraseBytes-
#80802	REDUCE cov: 1433 ft: 4180 corp: 647/844Kb lim: 12901 exec/s: 3366 rss: 75Mb L: 115/12901 MS: 5 InsertByte-ChangeBit-ChangeASCIIInt-ChangeBit-EraseBytes-
#80815	REDUCE cov: 1433 ft: 4180 corp: 647/844Kb lim: 12901 exec/s: 3367 rss: 75Mb L: 90/12901 MS: 3 ChangeBit-ChangeASCIIInt-EraseBytes-
#80930	REDUCE cov: 1433 ft: 4180 corp: 647/844Kb lim: 12901 exec/s: 3372 rss: 75Mb L: 1034/12901 MS: 5 ShuffleBytes-ChangeBit-CMP-ChangeASCIIInt-EraseBytes- DE: "RDHI"-
#81034	REDUCE cov: 1433 ft: 4180 corp: 647/844Kb lim: 12901 exec/s: 3376 rss: 75Mb L: 2332/12901 MS: 4 ChangeBinInt-InsertRepeatedBytes-ChangeBit-EraseBytes-
#81301	REDUCE cov: 1433 ft: 4180 corp: 647/844Kb lim: 12901 exec/s: 3387 rss: 75Mb L: 629/12901 MS: 2 ChangeBinInt-EraseBytes-
#81461	REDUCE cov: 1433 ft: 4180 corp: 647/844Kb lim: 12901 exec/s: 3394 rss: 75Mb L: 4331/12901 MS: 5 ChangeASCIIInt-CopyPart-InsertByte-ChangeBinInt-CrossOver-
#81947	REDUCE cov: 1433 ft: 4180 corp: 647/843Kb lim: 12901 exec/s: 3414 rss: 75Mb L: 244/12901 MS: 1 EraseBytes-
#82054	REDUCE cov: 1433 ft: 4180 corp: 647/842Kb lim: 12901 exec/s: 3418 rss: 75Mb L: 2675/12901 MS: 2 InsertRepeatedBytes-EraseBytes-
#82136	REDUCE cov: 1433 ft: 4180 corp: 647/842Kb lim: 12901 exec/s: 3422 rss: 75Mb L: 2196/12901 MS: 2 ChangeByte-EraseBytes-
#82236	REDUCE cov: 1433 ft: 4180 corp: 647/842Kb lim: 12901 exec/s: 3426 rss: 75Mb L: 707/12901 MS: 5 CMP-CopyPart-ChangeByte-ChangeByte-EraseBytes- DE: "\377\377\377\377\376\377\377\377"-
#82501	REDUCE cov: 1433 ft: 4180 corp: 647/842Kb lim: 12901 exec/s: 3300 rss: 75Mb L: 359/12901 MS: 5 ChangeByte-ShuffleBytes-ChangeByte-PersAutoDict-EraseBytes- DE: "zTXt"-
#82509	REDUCE cov: 1433 ft: 4180 corp: 647/842Kb lim: 12901 exec/s: 3300 rss: 75Mb L: 431/12901 MS: 3 PersAutoDict-InsertRepeatedBytes-EraseBytes- DE: "I\000"-
#82570	REDUCE cov: 1433 ft: 4181 corp: 648/843Kb lim: 12901 exec/s: 3302 rss: 75Mb L: 1491/12901 MS: 1 EraseBytes-
#82599	REDUCE cov: 1433 ft: 4181 corp: 648/843Kb lim: 12901 exec/s: 3303 rss: 75Mb L: 351/12901 MS: 4 InsertRepeatedBytes-ShuffleBytes-CopyPart-EraseBytes-
#83000	REDUCE cov: 1433 ft: 4181 corp: 648/843Kb lim: 12901 exec/s: 3320 rss: 75Mb L: 41/12901 MS: 1 EraseBytes-
#83013	REDUCE cov: 1433 ft: 4181 corp: 648/843Kb lim: 12901 exec/s: 3320 rss: 75Mb L: 1610/12901 MS: 3 CMP-EraseBytes-PersAutoDict- DE: "iCCP"-"\000\000\000\017"-
#83026	REDUCE cov: 1433 ft: 4181 corp: 648/843Kb lim: 12901 exec/s: 3321 rss: 75Mb L: 1036/12901 MS: 3 ChangeByte-ChangeByte-EraseBytes-
#83174	REDUCE cov: 1433 ft: 4183 corp: 649/844Kb lim: 12901 exec/s: 3326 rss: 75Mb L: 747/12901 MS: 3 ChangeBit-CMP-ChangeByte- DE: "sCAL"-
#83203	REDUCE cov: 1433 ft: 4183 corp: 649/844Kb lim: 12901 exec/s: 3328 rss: 75Mb L: 702/12901 MS: 4 ChangeASCIIInt-CrossOver-ChangeASCIIInt-EraseBytes-
#83326	REDUCE cov: 1433 ft: 4183 corp: 649/844Kb lim: 12901 exec/s: 3333 rss: 75Mb L: 4/12901 MS: 3 PersAutoDict-ChangeBinInt-EraseBytes- DE: "\000\017"-
#83339	REDUCE cov: 1433 ft: 4183 corp: 649/844Kb lim: 12901 exec/s: 3333 rss: 75Mb L: 581/12901 MS: 3 ChangeBit-InsertByte-EraseBytes-
#83380	REDUCE cov: 1433 ft: 4183 corp: 649/844Kb lim: 12901 exec/s: 3335 rss: 75Mb L: 117/12901 MS: 1 EraseBytes-
#83385	NEW    cov: 1433 ft: 4184 corp: 650/848Kb lim: 12901 exec/s: 3335 rss: 75Mb L: 4088/12901 MS: 5 CrossOver-CopyPart-ChangeBinInt-ShuffleBytes-CMP- DE: "\002\000"-
#83456	REDUCE cov: 1433 ft: 4184 corp: 650/848Kb lim: 12901 exec/s: 3338 rss: 75Mb L: 59/12901 MS: 1 EraseBytes-
#83555	NEW    cov: 1433 ft: 4185 corp: 651/848Kb lim: 12901 exec/s: 3342 rss: 75Mb L: 307/12901 MS: 4 ChangeASCIIInt-ChangeBit-ChangeBit-CMP- DE: "\012\000\000\000"-
#83647	REDUCE cov: 1433 ft: 4185 corp: 651/848Kb lim: 12901 exec/s: 3345 rss: 75Mb L: 87/12901 MS: 2 ChangeBit-EraseBytes-
#83759	REDUCE cov: 1433 ft: 4185 corp: 651/847Kb lim: 12901 exec/s: 3350 rss: 75Mb L: 1291/12901 MS: 2 CopyPart-EraseBytes-
#83933	REDUCE cov: 1433 ft: 4185 corp: 651/846Kb lim: 12901 exec/s: 3357 rss: 75Mb L: 2319/12901 MS: 4 ChangeByte-PersAutoDict-InsertByte-CrossOver- DE: "\304\000\000\000\000\000\000\000"-
#83950	NEW    cov: 1433 ft: 4186 corp: 652/847Kb lim: 12901 exec/s: 3358 rss: 75Mb L: 591/12901 MS: 2 ShuffleBytes-CrossOver-
#84165	REDUCE cov: 1433 ft: 4186 corp: 652/847Kb lim: 12901 exec/s: 3366 rss: 75Mb L: 78/12901 MS: 5 CMP-ChangeByte-InsertByte-ShuffleBytes-EraseBytes- DE: "IHDR"-
#84251	REDUCE cov: 1433 ft: 4186 corp: 652/846Kb lim: 12901 exec/s: 3370 rss: 75Mb L: 2736/12901 MS: 1 EraseBytes-
#84254	REDUCE cov: 1433 ft: 4186 corp: 652/846Kb lim: 12901 exec/s: 3370 rss: 75Mb L: 38/12901 MS: 3 ChangeBinInt-ChangeByte-EraseBytes-
#84423	REDUCE cov: 1433 ft: 4186 corp: 652/845Kb lim: 12901 exec/s: 3376 rss: 75Mb L: 467/12901 MS: 4 PersAutoDict-CMP-InsertRepeatedBytes-EraseBytes- DE: "\374\377\377\377"-"\003\000\000\000\000\000\000\000"-
#84490	REDUCE cov: 1433 ft: 4186 corp: 652/845Kb lim: 12901 exec/s: 3379 rss: 75Mb L: 177/12901 MS: 2 ChangeBit-EraseBytes-
#84613	REDUCE cov: 1433 ft: 4186 corp: 652/845Kb lim: 12901 exec/s: 3384 rss: 75Mb L: 56/12901 MS: 3 ChangeASCIIInt-CopyPart-EraseBytes-
#84699	REDUCE cov: 1433 ft: 4186 corp: 652/845Kb lim: 12901 exec/s: 3387 rss: 75Mb L: 435/12901 MS: 1 EraseBytes-
#85027	REDUCE cov: 1433 ft: 4186 corp: 652/845Kb lim: 12901 exec/s: 3401 rss: 75Mb L: 8569/12901 MS: 3 ChangeBit-CrossOver-EraseBytes-
#85106	NEW    cov: 1433 ft: 4188 corp: 653/853Kb lim: 12901 exec/s: 3404 rss: 75Mb L: 8650/12901 MS: 4 ChangeByte-InsertRepeatedBytes-PersAutoDict-CMP- DE: "\015\000\000\000\000\000\000\000"-"\000\000\000\000\000\000\000]"-
#85587	REDUCE cov: 1433 ft: 4188 corp: 653/853Kb lim: 12901 exec/s: 3423 rss: 75Mb L: 133/12901 MS: 1 EraseBytes-
#85734	REDUCE cov: 1433 ft: 4188 corp: 653/852Kb lim: 12901 exec/s: 3429 rss: 75Mb L: 5880/12901 MS: 2 InsertRepeatedBytes-EraseBytes-
#85830	REDUCE cov: 1433 ft: 4188 corp: 653/852Kb lim: 12901 exec/s: 3433 rss: 75Mb L: 61/12901 MS: 1 EraseBytes-
#86163	REDUCE cov: 1433 ft: 4188 corp: 653/852Kb lim: 12901 exec/s: 3313 rss: 75Mb L: 104/12901 MS: 3 PersAutoDict-ChangeASCIIInt-EraseBytes- DE: "\000\000\000\001"-
=== Fuzz run #2: output → build/out/my_fuzzer_run2 ===
INFO:__main__:Running: docker run --privileged --shm-size=2g --platform linux/amd64 --rm -e FUZZING_ENGINE=libfuzzer -e SANITIZER=address -e RUN_FUZZER_MODE=interactive -e HELPER=True -v /home/ursula/lab2/oss-fuzz/build/out/my_fuzzer_run2:/tmp/libpng_my_read_fuzzer_corpus -v /home/ursula/lab2/oss-fuzz/build/out/libpng:/out -t gcr.io/oss-fuzz-base/base-runner timeout 100 run_fuzzer libpng_my_read_fuzzer.
vm.mmap_rnd_bits = 28
rm: cannot remove '/tmp/libpng_my_read_fuzzer_corpus': Device or resource busy
Using seed corpus: libpng_my_read_fuzzer_seed_corpus.zip
/out/libpng_my_read_fuzzer -rss_limit_mb=2560 -timeout=25 /tmp/libpng_my_read_fuzzer_corpus < /dev/null
INFO: Running with entropic power schedule (0xFF, 100).
INFO: Seed: 2414042282
INFO: Loaded 1 modules   (5466 inline 8-bit counters): 5466 [0x55ef69e8ea68, 0x55ef69e8ffc2), 
INFO: Loaded 1 PC tables (5466 PCs): 5466 [0x55ef69e8ffc8,0x55ef69ea5568), 
INFO:      179 files found in /tmp/libpng_my_read_fuzzer_corpus
INFO: -max_len is not provided; libFuzzer will not generate inputs larger than 12901 bytes
INFO: seed corpus: files: 179 min: 104b max: 12901b total: 158464b rss: 32Mb
#180	INITED cov: 1139 ft: 1828 corp: 75/70Kb exec/s: 0 rss: 51Mb
	NEW_FUNC[1/4]: 0x55ef69d9ff40 in png_error /src/libpng/pngerror.c:41
	NEW_FUNC[2/4]: 0x55ef69da28e0 in png_chunk_error /src/libpng/pngerror.c:482
#181	NEW    cov: 1158 ft: 2010 corp: 76/70Kb lim: 12901 exec/s: 181 rss: 51Mb L: 142/12901 MS: 1 ChangeByte-
#182	NEW    cov: 1159 ft: 2067 corp: 77/71Kb lim: 12901 exec/s: 182 rss: 51Mb L: 847/12901 MS: 1 CopyPart-
#183	NEW    cov: 1160 ft: 2183 corp: 78/71Kb lim: 12901 exec/s: 183 rss: 51Mb L: 267/12901 MS: 1 ChangeBinInt-
#184	NEW    cov: 1165 ft: 2239 corp: 79/71Kb lim: 12901 exec/s: 184 rss: 51Mb L: 368/12901 MS: 1 InsertRepeatedBytes-
	NEW_FUNC[1/1]: 0x55ef69da0600 in png_warning /src/libpng/pngerror.c:217
#185	NEW    cov: 1172 ft: 2264 corp: 80/72Kb lim: 12901 exec/s: 185 rss: 51Mb L: 424/12901 MS: 1 CrossOver-
#186	NEW    cov: 1173 ft: 2284 corp: 81/72Kb lim: 12901 exec/s: 186 rss: 51Mb L: 221/12901 MS: 1 CrossOver-
#187	NEW    cov: 1173 ft: 2303 corp: 82/85Kb lim: 12901 exec/s: 187 rss: 51Mb L: 12901/12901 MS: 1 CopyPart-
#188	NEW    cov: 1173 ft: 2306 corp: 83/85Kb lim: 12901 exec/s: 188 rss: 51Mb L: 142/12901 MS: 1 ChangeBinInt-
#189	NEW    cov: 1173 ft: 2386 corp: 84/87Kb lim: 12901 exec/s: 189 rss: 51Mb L: 2165/12901 MS: 1 InsertRepeatedBytes-
#190	NEW    cov: 1174 ft: 2387 corp: 85/87Kb lim: 12901 exec/s: 190 rss: 51Mb L: 221/12901 MS: 1 ChangeByte-
	NEW_FUNC[1/2]: 0x55ef69da21f0 in png_chunk_warning /src/libpng/pngerror.c:498
	NEW_FUNC[2/2]: 0x55ef69da3290 in png_chunk_benign_error /src/libpng/pngerror.c:516
#191	NEW    cov: 1195 ft: 2421 corp: 86/87Kb lim: 12901 exec/s: 191 rss: 51Mb L: 296/12901 MS: 1 InsertByte-
	NEW_FUNC[1/1]: 0x55ef69da3d30 in png_safe_error /src/libpng/pngerror.c:887
#197	NEW    cov: 1206 ft: 2445 corp: 87/88Kb lim: 12901 exec/s: 197 rss: 51Mb L: 1033/12901 MS: 1 ChangeBinInt-
#198	NEW    cov: 1208 ft: 2451 corp: 88/89Kb lim: 12901 exec/s: 198 rss: 51Mb L: 442/12901 MS: 1 CrossOver-
	NEW_FUNC[1/1]: 0x55ef69da41b0 in png_safe_warning /src/libpng/pngerror.c:922
#199	NEW    cov: 1217 ft: 2470 corp: 89/89Kb lim: 12901 exec/s: 199 rss: 51Mb L: 313/12901 MS: 1 ChangeByte-
#201	NEW    cov: 1217 ft: 2471 corp: 90/90Kb lim: 12901 exec/s: 201 rss: 51Mb L: 800/12901 MS: 2 ChangeBit-InsertRepeatedBytes-
#202	NEW    cov: 1217 ft: 2488 corp: 91/90Kb lim: 12901 exec/s: 202 rss: 51Mb L: 333/12901 MS: 1 CMP- DE: "mDCV"-
#203	NEW    cov: 1222 ft: 2496 corp: 92/90Kb lim: 12901 exec/s: 203 rss: 51Mb L: 212/12901 MS: 1 EraseBytes-
#204	NEW    cov: 1222 ft: 2497 corp: 93/91Kb lim: 12901 exec/s: 204 rss: 51Mb L: 171/12901 MS: 1 CopyPart-
#205	NEW    cov: 1222 ft: 2498 corp: 94/91Kb lim: 12901 exec/s: 205 rss: 51Mb L: 253/12901 MS: 1 ChangeASCIIInt-
#207	NEW    cov: 1223 ft: 2503 corp: 95/91Kb lim: 12901 exec/s: 207 rss: 51Mb L: 146/12901 MS: 2 PersAutoDict-PersAutoDict- DE: "mDCV"-"mDCV"-
#208	NEW    cov: 1224 ft: 2504 corp: 96/91Kb lim: 12901 exec/s: 208 rss: 51Mb L: 282/12901 MS: 1 PersAutoDict- DE: "mDCV"-
#209	NEW    cov: 1224 ft: 2509 corp: 97/93Kb lim: 12901 exec/s: 209 rss: 51Mb L: 1977/12901 MS: 1 CopyPart-
#210	NEW    cov: 1224 ft: 2566 corp: 98/97Kb lim: 12901 exec/s: 210 rss: 51Mb L: 3435/12901 MS: 1 CMP- DE: "\010\000\000\000\000\000\000\000"-
#211	NEW    cov: 1224 ft: 2575 corp: 99/97Kb lim: 12901 exec/s: 211 rss: 51Mb L: 148/12901 MS: 1 EraseBytes-
#212	NEW    cov: 1227 ft: 2580 corp: 100/97Kb lim: 12901 exec/s: 212 rss: 51Mb L: 265/12901 MS: 1 ChangeBinInt-
#219	NEW    cov: 1227 ft: 2583 corp: 101/97Kb lim: 12901 exec/s: 219 rss: 51Mb L: 521/12901 MS: 2 CrossOver-InsertRepeatedBytes-
#220	NEW    cov: 1228 ft: 2588 corp: 102/98Kb lim: 12901 exec/s: 220 rss: 51Mb L: 254/12901 MS: 1 InsertByte-
#221	NEW    cov: 1229 ft: 2592 corp: 103/98Kb lim: 12901 exec/s: 221 rss: 51Mb L: 685/12901 MS: 1 InsertByte-
#222	NEW    cov: 1229 ft: 2620 corp: 104/99Kb lim: 12901 exec/s: 222 rss: 51Mb L: 847/12901 MS: 1 ChangeBit-
#223	NEW    cov: 1234 ft: 2626 corp: 105/100Kb lim: 12901 exec/s: 223 rss: 51Mb L: 329/12901 MS: 1 ChangeBinInt-
#224	NEW    cov: 1234 ft: 2642 corp: 106/100Kb lim: 12901 exec/s: 224 rss: 51Mb L: 176/12901 MS: 1 CrossOver-
#225	NEW    cov: 1237 ft: 2648 corp: 107/102Kb lim: 12901 exec/s: 225 rss: 51Mb L: 2403/12901 MS: 1 CMP- DE: "iCCP"-
#226	NEW    cov: 1237 ft: 2649 corp: 108/102Kb lim: 12901 exec/s: 226 rss: 51Mb L: 267/12901 MS: 1 ChangeBit-
#232	NEW    cov: 1237 ft: 2651 corp: 109/104Kb lim: 12901 exec/s: 232 rss: 51Mb L: 2020/12901 MS: 1 CopyPart-
#237	NEW    cov: 1239 ft: 2653 corp: 110/104Kb lim: 12901 exec/s: 237 rss: 51Mb L: 153/12901 MS: 5 ShuffleBytes-EraseBytes-CMP-ChangeASCIIInt-ChangeBinInt- DE: "\377\377\377\377\377\377\377\377"-
#238	NEW    cov: 1239 ft: 2666 corp: 111/105Kb lim: 12901 exec/s: 238 rss: 51Mb L: 744/12901 MS: 1 ChangeBinInt-
#239	NEW    cov: 1239 ft: 2680 corp: 112/105Kb lim: 12901 exec/s: 239 rss: 51Mb L: 105/12901 MS: 1 InsertByte-
#243	NEW    cov: 1240 ft: 2682 corp: 113/105Kb lim: 12901 exec/s: 243 rss: 51Mb L: 92/12901 MS: 4 ChangeByte-EraseBytes-ChangeByte-ChangeBit-
#245	NEW    cov: 1241 ft: 2692 corp: 114/106Kb lim: 12901 exec/s: 245 rss: 51Mb L: 275/12901 MS: 2 PersAutoDict-ChangeBit- DE: "\010\000\000\000\000\000\000\000"-
#248	NEW    cov: 1241 ft: 2696 corp: 115/108Kb lim: 12901 exec/s: 248 rss: 51Mb L: 2432/12901 MS: 3 CMP-InsertByte-CrossOver- DE: "\001\000\000\000\000\000\000?"-
#249	NEW    cov: 1241 ft: 2699 corp: 116/110Kb lim: 12901 exec/s: 249 rss: 51Mb L: 2041/12901 MS: 1 ChangeBit-
#250	NEW    cov: 1245 ft: 2703 corp: 117/110Kb lim: 12901 exec/s: 250 rss: 51Mb L: 425/12901 MS: 1 InsertRepeatedBytes-
#256	NEW    cov: 1245 ft: 2718 corp: 118/111Kb lim: 12901 exec/s: 256 rss: 51Mb L: 116/12901 MS: 1 ChangeBinInt-
#273	NEW    cov: 1245 ft: 2722 corp: 119/111Kb lim: 12901 exec/s: 273 rss: 51Mb L: 236/12901 MS: 2 ChangeBinInt-InsertRepeatedBytes-
#274	NEW    cov: 1245 ft: 2723 corp: 120/111Kb lim: 12901 exec/s: 274 rss: 51Mb L: 384/12901 MS: 1 InsertRepeatedBytes-
#275	NEW    cov: 1245 ft: 2728 corp: 121/115Kb lim: 12901 exec/s: 275 rss: 51Mb L: 4164/12901 MS: 1 ChangeBinInt-
#281	NEW    cov: 1245 ft: 2729 corp: 122/115Kb lim: 12901 exec/s: 281 rss: 51Mb L: 126/12901 MS: 1 ShuffleBytes-
#282	NEW    cov: 1245 ft: 2731 corp: 123/115Kb lim: 12901 exec/s: 282 rss: 51Mb L: 145/12901 MS: 1 CrossOver-
#312	NEW    cov: 1247 ft: 2733 corp: 124/116Kb lim: 12901 exec/s: 312 rss: 51Mb L: 198/12901 MS: 5 ChangeByte-InsertByte-ChangeByte-ChangeBinInt-ChangeBit-
#333	NEW    cov: 1247 ft: 2734 corp: 125/116Kb lim: 12901 exec/s: 333 rss: 51Mb L: 535/12901 MS: 1 CrossOver-
#344	NEW    cov: 1254 ft: 2749 corp: 126/116Kb lim: 12901 exec/s: 344 rss: 51Mb L: 138/12901 MS: 1 ChangeBit-
#350	NEW    cov: 1254 ft: 2751 corp: 127/117Kb lim: 12901 exec/s: 350 rss: 51Mb L: 556/12901 MS: 1 CrossOver-
#372	NEW    cov: 1254 ft: 2777 corp: 128/117Kb lim: 12901 exec/s: 372 rss: 51Mb L: 393/12901 MS: 2 CopyPart-InsertRepeatedBytes-
#373	NEW    cov: 1254 ft: 2783 corp: 129/117Kb lim: 12901 exec/s: 373 rss: 51Mb L: 237/12901 MS: 1 ShuffleBytes-
#379	NEW    cov: 1255 ft: 2784 corp: 130/118Kb lim: 12901 exec/s: 379 rss: 51Mb L: 138/12901 MS: 1 ChangeASCIIInt-
#381	NEW    cov: 1255 ft: 2788 corp: 131/118Kb lim: 12901 exec/s: 381 rss: 51Mb L: 139/12901 MS: 2 ChangeByte-InsertByte-
#392	NEW    cov: 1255 ft: 2793 corp: 132/121Kb lim: 12901 exec/s: 392 rss: 51Mb L: 3435/12901 MS: 1 ChangeBit-
#393	NEW    cov: 1256 ft: 2794 corp: 133/121Kb lim: 12901 exec/s: 393 rss: 51Mb L: 267/12901 MS: 1 ChangeBit-
#404	NEW    cov: 1256 ft: 2795 corp: 134/125Kb lim: 12901 exec/s: 404 rss: 51Mb L: 3435/12901 MS: 1 ChangeByte-
#410	NEW    cov: 1256 ft: 2800 corp: 135/126Kb lim: 12901 exec/s: 410 rss: 51Mb L: 1633/12901 MS: 1 ChangeByte-
#412	NEW    cov: 1257 ft: 2801 corp: 136/128Kb lim: 12901 exec/s: 412 rss: 51Mb L: 2042/12901 MS: 2 ShuffleBytes-InsertByte-
#418	NEW    cov: 1257 ft: 2810 corp: 137/128Kb lim: 12901 exec/s: 418 rss: 51Mb L: 217/12901 MS: 1 InsertByte-
#429	NEW    cov: 1257 ft: 2812 corp: 138/129Kb lim: 12901 exec/s: 429 rss: 51Mb L: 558/12901 MS: 1 ChangeASCIIInt-
#430	NEW    cov: 1257 ft: 2962 corp: 139/138Kb lim: 12901 exec/s: 430 rss: 51Mb L: 8831/12901 MS: 1 ChangeByte-
#433	NEW    cov: 1257 ft: 2963 corp: 140/138Kb lim: 12901 exec/s: 433 rss: 51Mb L: 312/12901 MS: 3 ChangeByte-CopyPart-EraseBytes-
#434	NEW    cov: 1258 ft: 2964 corp: 141/138Kb lim: 12901 exec/s: 434 rss: 51Mb L: 138/12901 MS: 1 ChangeBinInt-
#435	NEW    cov: 1258 ft: 2966 corp: 142/140Kb lim: 12901 exec/s: 435 rss: 51Mb L: 2353/12901 MS: 1 CrossOver-
#451	NEW    cov: 1258 ft: 2969 corp: 143/143Kb lim: 12901 exec/s: 225 rss: 51Mb L: 2687/12901 MS: 1 InsertRepeatedBytes-
#472	NEW    cov: 1258 ft: 2971 corp: 144/144Kb lim: 12901 exec/s: 236 rss: 51Mb L: 777/12901 MS: 1 CrossOver-
#473	NEW    cov: 1258 ft: 2978 corp: 145/144Kb lim: 12901 exec/s: 236 rss: 51Mb L: 218/12901 MS: 1 InsertRepeatedBytes-
#474	NEW    cov: 1258 ft: 2984 corp: 146/144Kb lim: 12901 exec/s: 237 rss: 51Mb L: 205/12901 MS: 1 CMP- DE: "U\000\000\000"-
#475	REDUCE cov: 1258 ft: 2984 corp: 146/144Kb lim: 12901 exec/s: 237 rss: 51Mb L: 141/12901 MS: 1 EraseBytes-
#491	REDUCE cov: 1258 ft: 2984 corp: 146/144Kb lim: 12901 exec/s: 245 rss: 51Mb L: 207/12901 MS: 1 EraseBytes-
#493	NEW    cov: 1259 ft: 2985 corp: 147/144Kb lim: 12901 exec/s: 246 rss: 51Mb L: 138/12901 MS: 2 ChangeBinInt-CMP- DE: "\001\000\000\000\000\000\000\012"-
#504	NEW    cov: 1259 ft: 2996 corp: 148/147Kb lim: 12901 exec/s: 252 rss: 51Mb L: 2839/12901 MS: 1 ChangeBinInt-
#506	NEW    cov: 1259 ft: 2997 corp: 149/147Kb lim: 12901 exec/s: 253 rss: 51Mb L: 417/12901 MS: 2 ChangeASCIIInt-CopyPart-
#508	NEW    cov: 1259 ft: 3000 corp: 150/147Kb lim: 12901 exec/s: 254 rss: 51Mb L: 130/12901 MS: 2 ShuffleBytes-EraseBytes-
#509	NEW    cov: 1259 ft: 3004 corp: 151/150Kb lim: 12901 exec/s: 254 rss: 51Mb L: 2213/12901 MS: 1 InsertRepeatedBytes-
#510	NEW    cov: 1259 ft: 3011 corp: 152/150Kb lim: 12901 exec/s: 255 rss: 51Mb L: 329/12901 MS: 1 ChangeASCIIInt-
#512	pulse  cov: 1259 ft: 3011 corp: 152/150Kb lim: 12901 exec/s: 256 rss: 51Mb
#528	REDUCE cov: 1259 ft: 3011 corp: 152/150Kb lim: 12901 exec/s: 264 rss: 51Mb L: 2286/12901 MS: 3 InsertByte-CrossOver-EraseBytes-
#529	NEW    cov: 1259 ft: 3013 corp: 153/150Kb lim: 12901 exec/s: 264 rss: 51Mb L: 346/12901 MS: 1 CrossOver-
#531	NEW    cov: 1259 ft: 3017 corp: 154/151Kb lim: 12901 exec/s: 265 rss: 51Mb L: 862/12901 MS: 2 ChangeBit-InsertRepeatedBytes-
#545	NEW    cov: 1259 ft: 3018 corp: 155/154Kb lim: 12901 exec/s: 272 rss: 51Mb L: 3435/12901 MS: 4 ChangeByte-ChangeBinInt-PersAutoDict-ChangeBinInt- DE: "U\000\000\000"-
#547	NEW    cov: 1259 ft: 3021 corp: 156/155Kb lim: 12901 exec/s: 273 rss: 51Mb L: 238/12901 MS: 2 ChangeASCIIInt-InsertRepeatedBytes-
#548	NEW    cov: 1259 ft: 3027 corp: 157/167Kb lim: 12901 exec/s: 274 rss: 51Mb L: 12901/12901 MS: 1 ChangeBit-
#549	NEW    cov: 1259 ft: 3034 corp: 158/167Kb lim: 12901 exec/s: 274 rss: 51Mb L: 251/12901 MS: 1 PersAutoDict- DE: "\377\377\377\377\377\377\377\377"-
#585	NEW    cov: 1260 ft: 3037 corp: 159/169Kb lim: 12901 exec/s: 292 rss: 51Mb L: 1624/12901 MS: 1 ShuffleBytes-
#586	NEW    cov: 1260 ft: 3040 corp: 160/169Kb lim: 12901 exec/s: 293 rss: 51Mb L: 184/12901 MS: 1 ShuffleBytes-
#622	NEW    cov: 1260 ft: 3042 corp: 161/174Kb lim: 12901 exec/s: 311 rss: 51Mb L: 4557/12901 MS: 1 CrossOver-
#629	NEW    cov: 1260 ft: 3044 corp: 162/174Kb lim: 12901 exec/s: 314 rss: 51Mb L: 744/12901 MS: 2 ChangeBinInt-ChangeByte-
#640	NEW    cov: 1261 ft: 3046 corp: 163/176Kb lim: 12901 exec/s: 320 rss: 51Mb L: 2042/12901 MS: 1 ChangeBinInt-
#653	NEW    cov: 1262 ft: 3047 corp: 164/177Kb lim: 12901 exec/s: 326 rss: 51Mb L: 327/12901 MS: 3 CopyPart-ShuffleBytes-InsertRepeatedBytes-
#674	REDUCE cov: 1262 ft: 3047 corp: 164/177Kb lim: 12901 exec/s: 337 rss: 51Mb L: 203/12901 MS: 1 EraseBytes-
#691	NEW    cov: 1263 ft: 3053 corp: 165/177Kb lim: 12901 exec/s: 345 rss: 51Mb L: 325/12901 MS: 2 ChangeBinInt-ChangeBit-
#722	NEW    cov: 1263 ft: 3059 corp: 166/177Kb lim: 12901 exec/s: 361 rss: 51Mb L: 209/12901 MS: 1 InsertByte-
#728	REDUCE cov: 1263 ft: 3059 corp: 166/177Kb lim: 12901 exec/s: 364 rss: 51Mb L: 120/12901 MS: 1 EraseBytes-
#750	NEW    cov: 1263 ft: 3061 corp: 167/178Kb lim: 12901 exec/s: 375 rss: 51Mb L: 769/12901 MS: 2 ShuffleBytes-InsertRepeatedBytes-
#756	NEW    cov: 1265 ft: 3063 corp: 168/187Kb lim: 12901 exec/s: 378 rss: 51Mb L: 8831/12901 MS: 1 ChangeBinInt-
#764	NEW    cov: 1265 ft: 3078 corp: 169/187Kb lim: 12901 exec/s: 382 rss: 51Mb L: 848/12901 MS: 3 ChangeBit-InsertByte-PersAutoDict- DE: "U\000\000\000"-
#775	NEW    cov: 1265 ft: 3081 corp: 170/188Kb lim: 12901 exec/s: 387 rss: 51Mb L: 142/12901 MS: 1 PersAutoDict- DE: "\001\000\000\000\000\000\000\012"-
#798	REDUCE cov: 1265 ft: 3081 corp: 170/188Kb lim: 12901 exec/s: 399 rss: 51Mb L: 174/12901 MS: 3 ChangeBinInt-CopyPart-EraseBytes-
#811	REDUCE cov: 1265 ft: 3081 corp: 170/187Kb lim: 12901 exec/s: 405 rss: 51Mb L: 761/12901 MS: 3 ChangeASCIIInt-PersAutoDict-EraseBytes- DE: "U\000\000\000"-
#830	REDUCE cov: 1265 ft: 3081 corp: 170/187Kb lim: 12901 exec/s: 415 rss: 51Mb L: 159/12901 MS: 4 PersAutoDict-InsertByte-ChangeBinInt-CrossOver- DE: "mDCV"-
#831	NEW    cov: 1265 ft: 3082 corp: 171/188Kb lim: 12901 exec/s: 415 rss: 51Mb L: 116/12901 MS: 1 PersAutoDict- DE: "\010\000\000\000\000\000\000\000"-
#843	NEW    cov: 1265 ft: 3084 corp: 172/189Kb lim: 12901 exec/s: 421 rss: 51Mb L: 965/12901 MS: 2 CrossOver-PersAutoDict- DE: "iCCP"-
#854	NEW    cov: 1266 ft: 3086 corp: 173/189Kb lim: 12901 exec/s: 427 rss: 51Mb L: 267/12901 MS: 1 ShuffleBytes-
#860	NEW    cov: 1266 ft: 3088 corp: 174/189Kb lim: 12901 exec/s: 430 rss: 51Mb L: 559/12901 MS: 1 InsertByte-
#861	NEW    cov: 1266 ft: 3089 corp: 175/191Kb lim: 12901 exec/s: 430 rss: 51Mb L: 2042/12901 MS: 1 ChangeBit-
#883	NEW    cov: 1266 ft: 3099 corp: 176/192Kb lim: 12901 exec/s: 441 rss: 51Mb L: 248/12901 MS: 2 CopyPart-ShuffleBytes-
#889	NEW    cov: 1266 ft: 3101 corp: 177/192Kb lim: 12901 exec/s: 444 rss: 51Mb L: 744/12901 MS: 1 CrossOver-
#895	NEW    cov: 1266 ft: 3109 corp: 178/205Kb lim: 12901 exec/s: 447 rss: 51Mb L: 12901/12901 MS: 1 ChangeBinInt-
#896	NEW    cov: 1266 ft: 3113 corp: 179/217Kb lim: 12901 exec/s: 448 rss: 51Mb L: 12901/12901 MS: 1 CopyPart-
#917	NEW    cov: 1266 ft: 3170 corp: 180/218Kb lim: 12901 exec/s: 458 rss: 52Mb L: 171/12901 MS: 1 PersAutoDict- DE: "mDCV"-
#919	NEW    cov: 1266 ft: 3175 corp: 181/218Kb lim: 12901 exec/s: 459 rss: 52Mb L: 199/12901 MS: 2 CrossOver-ChangeASCIIInt-
#932	REDUCE cov: 1266 ft: 3175 corp: 181/218Kb lim: 12901 exec/s: 466 rss: 52Mb L: 352/12901 MS: 3 ShuffleBytes-ChangeASCIIInt-EraseBytes-
	NEW_FUNC[1/1]: 0x55ef69dddd00 in png_handle_iCCP /src/libpng/pngrutil.c:1342
#933	NEW    cov: 1275 ft: 3184 corp: 182/219Kb lim: 12901 exec/s: 466 rss: 52Mb L: 851/12901 MS: 1 PersAutoDict- DE: "iCCP"-
#934	NEW    cov: 1275 ft: 3185 corp: 183/221Kb lim: 12901 exec/s: 467 rss: 52Mb L: 2041/12901 MS: 1 PersAutoDict- DE: "\001\000\000\000\000\000\000?"-
#935	NEW    cov: 1275 ft: 3186 corp: 184/229Kb lim: 12901 exec/s: 467 rss: 52Mb L: 8831/12901 MS: 1 ChangeByte-
#941	NEW    cov: 1275 ft: 3189 corp: 185/231Kb lim: 12901 exec/s: 470 rss: 52Mb L: 2196/12901 MS: 1 CrossOver-
#963	NEW    cov: 1275 ft: 3211 corp: 186/233Kb lim: 12901 exec/s: 481 rss: 52Mb L: 1633/12901 MS: 2 ChangeByte-ChangeByte-
#969	NEW    cov: 1275 ft: 3213 corp: 187/233Kb lim: 12901 exec/s: 484 rss: 52Mb L: 167/12901 MS: 1 CopyPart-
#970	NEW    cov: 1275 ft: 3217 corp: 188/236Kb lim: 12901 exec/s: 485 rss: 52Mb L: 2717/12901 MS: 1 CrossOver-
#976	NEW    cov: 1275 ft: 3218 corp: 189/236Kb lim: 12901 exec/s: 488 rss: 52Mb L: 302/12901 MS: 1 ShuffleBytes-
#977	NEW    cov: 1275 ft: 3220 corp: 190/236Kb lim: 12901 exec/s: 488 rss: 52Mb L: 201/12901 MS: 1 ChangeBinInt-
#993	NEW    cov: 1275 ft: 3223 corp: 191/237Kb lim: 12901 exec/s: 496 rss: 52Mb L: 848/12901 MS: 1 InsertByte-
#1004	NEW    cov: 1275 ft: 3225 corp: 192/238Kb lim: 12901 exec/s: 502 rss: 52Mb L: 744/12901 MS: 1 ChangeBinInt-
#1020	NEW    cov: 1275 ft: 3226 corp: 193/238Kb lim: 12901 exec/s: 510 rss: 52Mb L: 145/12901 MS: 1 InsertRepeatedBytes-
#1023	NEW    cov: 1275 ft: 3228 corp: 194/238Kb lim: 12901 exec/s: 511 rss: 52Mb L: 201/12901 MS: 3 CMP-ChangeByte-ChangeBit- DE: "sPLT"-
#1024	pulse  cov: 1275 ft: 3228 corp: 194/238Kb lim: 12901 exec/s: 512 rss: 52Mb
#1084	NEW    cov: 1276 ft: 3235 corp: 195/239Kb lim: 12901 exec/s: 542 rss: 53Mb L: 1314/12901 MS: 1 InsertByte-
#1105	NEW    cov: 1276 ft: 3257 corp: 196/241Kb lim: 12901 exec/s: 552 rss: 53Mb L: 1313/12901 MS: 1 ShuffleBytes-
#1132	NEW    cov: 1276 ft: 3265 corp: 197/241Kb lim: 12901 exec/s: 566 rss: 53Mb L: 299/12901 MS: 2 ShuffleBytes-ChangeBinInt-
#1143	NEW    cov: 1276 ft: 3267 corp: 198/241Kb lim: 12901 exec/s: 571 rss: 53Mb L: 164/12901 MS: 1 ChangeBinInt-
	NEW_FUNC[1/1]: 0x55ef69dd47e0 in png_crc_finish /src/libpng/pngrutil.c:361
#1144	NEW    cov: 1279 ft: 3270 corp: 199/241Kb lim: 12901 exec/s: 572 rss: 53Mb L: 238/12901 MS: 1 CopyPart-
#1160	NEW    cov: 1279 ft: 3279 corp: 200/242Kb lim: 12901 exec/s: 580 rss: 53Mb L: 777/12901 MS: 1 ShuffleBytes-
#1213	NEW    cov: 1279 ft: 3280 corp: 201/243Kb lim: 12901 exec/s: 606 rss: 53Mb L: 666/12901 MS: 3 InsertRepeatedBytes-ShuffleBytes-ChangeBinInt-
#1214	NEW    cov: 1279 ft: 3281 corp: 202/255Kb lim: 12901 exec/s: 607 rss: 53Mb L: 12901/12901 MS: 1 CopyPart-
#1220	NEW    cov: 1279 ft: 3285 corp: 203/264Kb lim: 12901 exec/s: 610 rss: 53Mb L: 8831/12901 MS: 1 PersAutoDict- DE: "iCCP"-
#1231	REDUCE cov: 1279 ft: 3285 corp: 203/263Kb lim: 12901 exec/s: 615 rss: 53Mb L: 1537/12901 MS: 1 EraseBytes-
#1240	NEW    cov: 1279 ft: 3287 corp: 204/267Kb lim: 12901 exec/s: 620 rss: 53Mb L: 3366/12901 MS: 4 ChangeByte-ChangeASCIIInt-CopyPart-EraseBytes-
#1241	NEW    cov: 1279 ft: 3292 corp: 205/267Kb lim: 12901 exec/s: 620 rss: 53Mb L: 201/12901 MS: 1 ChangeByte-
#1266	NEW    cov: 1280 ft: 3295 corp: 206/276Kb lim: 12901 exec/s: 633 rss: 53Mb L: 8933/12901 MS: 5 ChangeByte-InsertRepeatedBytes-InsertRepeatedBytes-ChangeASCIIInt-ChangeBinInt-
#1269	NEW    cov: 1280 ft: 3296 corp: 207/277Kb lim: 12901 exec/s: 634 rss: 53Mb L: 1761/12901 MS: 3 ChangeASCIIInt-ChangeASCIIInt-InsertRepeatedBytes-
#1296	NEW    cov: 1280 ft: 3300 corp: 208/278Kb lim: 12901 exec/s: 648 rss: 53Mb L: 1056/12901 MS: 2 InsertRepeatedBytes-CrossOver-
#1297	NEW    cov: 1280 ft: 3304 corp: 209/279Kb lim: 12901 exec/s: 648 rss: 53Mb L: 237/12901 MS: 1 ChangeBit-
#1313	NEW    cov: 1280 ft: 3342 corp: 210/279Kb lim: 12901 exec/s: 656 rss: 53Mb L: 847/12901 MS: 1 CMP- DE: "sTER"-
#1324	NEW    cov: 1280 ft: 3345 corp: 211/280Kb lim: 12901 exec/s: 662 rss: 53Mb L: 752/12901 MS: 1 CMP- DE: "\001\000\000\000\000\000\000\000"-
#1336	REDUCE cov: 1280 ft: 3345 corp: 211/280Kb lim: 12901 exec/s: 668 rss: 53Mb L: 508/12901 MS: 2 ShuffleBytes-EraseBytes-
#1342	NEW    cov: 1280 ft: 3348 corp: 212/283Kb lim: 12901 exec/s: 671 rss: 53Mb L: 2632/12901 MS: 1 PersAutoDict- DE: "\001\000\000\000\000\000\000?"-
#1353	NEW    cov: 1280 ft: 3350 corp: 213/291Kb lim: 12901 exec/s: 676 rss: 53Mb L: 8831/12901 MS: 1 ChangeByte-
#1354	NEW    cov: 1280 ft: 3352 corp: 214/291Kb lim: 12901 exec/s: 677 rss: 53Mb L: 145/12901 MS: 1 CMP- DE: "k\000\000\000"-
#1362	NEW    cov: 1280 ft: 3353 corp: 215/295Kb lim: 12901 exec/s: 681 rss: 53Mb L: 4165/12901 MS: 3 PersAutoDict-ChangeByte-InsertByte- DE: "U\000\000\000"-
#1373	NEW    cov: 1281 ft: 3357 corp: 216/297Kb lim: 12901 exec/s: 686 rss: 53Mb L: 2042/12901 MS: 1 ChangeBinInt-
#1376	NEW    cov: 1281 ft: 3360 corp: 217/300Kb lim: 12901 exec/s: 688 rss: 53Mb L: 2388/12901 MS: 3 InsertByte-ChangeBit-CrossOver-
#1392	NEW    cov: 1281 ft: 3361 corp: 218/300Kb lim: 12901 exec/s: 696 rss: 53Mb L: 558/12901 MS: 1 ShuffleBytes-
#1403	NEW    cov: 1281 ft: 3362 corp: 219/302Kb lim: 12901 exec/s: 701 rss: 53Mb L: 2041/12901 MS: 1 ChangeByte-
#1405	REDUCE cov: 1281 ft: 3367 corp: 220/303Kb lim: 12901 exec/s: 702 rss: 53Mb L: 1021/12901 MS: 2 ShuffleBytes-EraseBytes-
#1407	NEW    cov: 1281 ft: 3369 corp: 221/306Kb lim: 12901 exec/s: 703 rss: 53Mb L: 2897/12901 MS: 2 ChangeBit-InsertRepeatedBytes-
#1411	NEW    cov: 1282 ft: 3370 corp: 222/307Kb lim: 12901 exec/s: 705 rss: 53Mb L: 514/12901 MS: 4 ChangeASCIIInt-CrossOver-ChangeASCIIInt-CrossOver-
#1412	NEW    cov: 1282 ft: 3385 corp: 223/308Kb lim: 12901 exec/s: 706 rss: 53Mb L: 856/12901 MS: 1 PersAutoDict- DE: "\377\377\377\377\377\377\377\377"-
#1429	NEW    cov: 1282 ft: 3386 corp: 224/309Kb lim: 12901 exec/s: 714 rss: 53Mb L: 1313/12901 MS: 2 ChangeASCIIInt-ChangeBinInt-
#1459	REDUCE cov: 1282 ft: 3386 corp: 224/308Kb lim: 12901 exec/s: 729 rss: 53Mb L: 1272/12901 MS: 5 ChangeBinInt-ChangeByte-ShuffleBytes-ChangeByte-EraseBytes-
#1461	NEW    cov: 1282 ft: 3388 corp: 225/308Kb lim: 12901 exec/s: 730 rss: 53Mb L: 319/12901 MS: 2 ShuffleBytes-CrossOver-
#1465	REDUCE cov: 1282 ft: 3388 corp: 225/308Kb lim: 12901 exec/s: 732 rss: 53Mb L: 245/12901 MS: 4 InsertByte-ChangeBit-CopyPart-EraseBytes-
#1506	NEW    cov: 1282 ft: 3389 corp: 226/310Kb lim: 12901 exec/s: 753 rss: 53Mb L: 2444/12901 MS: 1 CopyPart-
#1514	NEW    cov: 1286 ft: 3397 corp: 227/311Kb lim: 12901 exec/s: 757 rss: 53Mb L: 265/12901 MS: 3 CopyPart-ChangeBit-PersAutoDict- DE: "\001\000\000\000\000\000\000\012"-
#1521	NEW    cov: 1287 ft: 3398 corp: 228/311Kb lim: 12901 exec/s: 760 rss: 53Mb L: 264/12901 MS: 2 ChangeByte-ChangeBinInt-
#1534	NEW    cov: 1287 ft: 3405 corp: 229/311Kb lim: 12901 exec/s: 767 rss: 53Mb L: 268/12901 MS: 3 ChangeBinInt-ShuffleBytes-InsertByte-
#1546	NEW    cov: 1287 ft: 3408 corp: 230/312Kb lim: 12901 exec/s: 773 rss: 53Mb L: 499/12901 MS: 2 ChangeByte-ChangeByte-
#1597	NEW    cov: 1287 ft: 3409 corp: 231/316Kb lim: 12901 exec/s: 798 rss: 53Mb L: 4561/12901 MS: 1 PersAutoDict- DE: "U\000\000\000"-
#1614	NEW    cov: 1287 ft: 3410 corp: 232/319Kb lim: 12901 exec/s: 807 rss: 53Mb L: 3558/12901 MS: 2 CopyPart-ChangeBit-
#1620	NEW    cov: 1287 ft: 3411 corp: 233/321Kb lim: 12901 exec/s: 810 rss: 53Mb L: 2041/12901 MS: 1 ShuffleBytes-
#1646	REDUCE cov: 1287 ft: 3411 corp: 233/321Kb lim: 12901 exec/s: 823 rss: 53Mb L: 123/12901 MS: 1 EraseBytes-
#1647	NEW    cov: 1289 ft: 3413 corp: 234/322Kb lim: 12901 exec/s: 823 rss: 53Mb L: 591/12901 MS: 1 ChangeBinInt-
#1663	NEW    cov: 1290 ft: 3414 corp: 235/322Kb lim: 12901 exec/s: 831 rss: 53Mb L: 340/12901 MS: 1 CMP- DE: "?B\017\000"-
#1682	NEW    cov: 1291 ft: 3415 corp: 236/323Kb lim: 12901 exec/s: 841 rss: 53Mb L: 336/12901 MS: 4 ChangeByte-ChangeBinInt-InsertByte-CMP- DE: "\000\000\000\000\000\000\000\325"-
#1688	NEW    cov: 1291 ft: 3416 corp: 237/323Kb lim: 12901 exec/s: 844 rss: 53Mb L: 111/12901 MS: 1 EraseBytes-
#1719	NEW    cov: 1291 ft: 3417 corp: 238/323Kb lim: 12901 exec/s: 859 rss: 53Mb L: 216/12901 MS: 1 CopyPart-
#1744	NEW    cov: 1291 ft: 3435 corp: 239/324Kb lim: 12901 exec/s: 872 rss: 53Mb L: 804/12901 MS: 5 InsertByte-PersAutoDict-InsertRepeatedBytes-CrossOver-ChangeBit- DE: "sPLT"-
#1753	NEW    cov: 1292 ft: 3436 corp: 240/325Kb lim: 12901 exec/s: 876 rss: 53Mb L: 1110/12901 MS: 4 ChangeBinInt-InsertRepeatedBytes-InsertByte-InsertByte-
#1769	REDUCE cov: 1292 ft: 3436 corp: 240/325Kb lim: 12901 exec/s: 884 rss: 53Mb L: 368/12901 MS: 1 EraseBytes-
#1786	NEW    cov: 1292 ft: 3440 corp: 241/329Kb lim: 12901 exec/s: 893 rss: 53Mb L: 4558/12901 MS: 2 PersAutoDict-InsertByte- DE: "\010\000\000\000\000\000\000\000"-
#1807	NEW    cov: 1292 ft: 3442 corp: 242/330Kb lim: 12901 exec/s: 903 rss: 53Mb L: 1313/12901 MS: 1 PersAutoDict- DE: "U\000\000\000"-
#1823	NEW    cov: 1292 ft: 3443 corp: 243/331Kb lim: 12901 exec/s: 911 rss: 53Mb L: 325/12901 MS: 1 InsertRepeatedBytes-
#1847	NEW    cov: 1292 ft: 3444 corp: 244/339Kb lim: 12901 exec/s: 923 rss: 53Mb L: 8833/12901 MS: 4 InsertByte-ChangeByte-InsertByte-ChangeBinInt-
#1849	NEW    cov: 1292 ft: 3446 corp: 245/340Kb lim: 12901 exec/s: 924 rss: 53Mb L: 666/12901 MS: 2 ChangeASCIIInt-CopyPart-
#1860	NEW    cov: 1292 ft: 3448 corp: 246/349Kb lim: 12901 exec/s: 930 rss: 53Mb L: 8835/12901 MS: 1 CMP- DE: "\351\003\000\000"-
#1862	NEW    cov: 1292 ft: 3450 corp: 247/351Kb lim: 12901 exec/s: 931 rss: 53Mb L: 2400/12901 MS: 2 CopyPart-InsertByte-
#1878	NEW    cov: 1292 ft: 3451 corp: 248/353Kb lim: 12901 exec/s: 939 rss: 53Mb L: 2041/12901 MS: 1 ChangeBinInt-
#1940	NEW    cov: 1292 ft: 3453 corp: 249/354Kb lim: 12901 exec/s: 970 rss: 53Mb L: 1395/12901 MS: 2 ShuffleBytes-InsertRepeatedBytes-
#1942	NEW    cov: 1292 ft: 3454 corp: 250/356Kb lim: 12901 exec/s: 971 rss: 53Mb L: 1320/12901 MS: 2 PersAutoDict-CopyPart- DE: "\010\000\000\000\000\000\000\000"-
#2048	pulse  cov: 1292 ft: 3454 corp: 250/356Kb lim: 12901 exec/s: 1024 rss: 54Mb
#2063	NEW    cov: 1292 ft: 3461 corp: 251/356Kb lim: 12901 exec/s: 1031 rss: 54Mb L: 237/12901 MS: 1 ChangeByte-
#2094	NEW    cov: 1292 ft: 3463 corp: 252/358Kb lim: 12901 exec/s: 1047 rss: 54Mb L: 2592/12901 MS: 1 CopyPart-
#2118	NEW    cov: 1292 ft: 3467 corp: 253/362Kb lim: 12901 exec/s: 1059 rss: 54Mb L: 3932/12901 MS: 4 CopyPart-InsertRepeatedBytes-InsertByte-EraseBytes-
#2119	NEW    cov: 1292 ft: 3469 corp: 254/364Kb lim: 12901 exec/s: 1059 rss: 54Mb L: 1464/12901 MS: 1 CopyPart-
#2123	REDUCE cov: 1292 ft: 3469 corp: 254/363Kb lim: 12901 exec/s: 1061 rss: 54Mb L: 576/12901 MS: 4 PersAutoDict-PersAutoDict-CrossOver-EraseBytes- DE: "mDCV"-"U\000\000\000"-
#2129	NEW    cov: 1292 ft: 3471 corp: 255/366Kb lim: 12901 exec/s: 1064 rss: 54Mb L: 2695/12901 MS: 1 PersAutoDict- DE: "\001\000\000\000\000\000\000?"-
#2130	NEW    cov: 1292 ft: 3472 corp: 256/368Kb lim: 12901 exec/s: 1065 rss: 54Mb L: 2042/12901 MS: 1 InsertByte-
#2206	NEW    cov: 1292 ft: 3477 corp: 257/368Kb lim: 12901 exec/s: 1103 rss: 54Mb L: 282/12901 MS: 1 ChangeBit-
#2207	NEW    cov: 1292 ft: 3478 corp: 258/371Kb lim: 12901 exec/s: 1103 rss: 54Mb L: 2984/12901 MS: 1 CopyPart-
#2235	NEW    cov: 1293 ft: 3479 corp: 259/371Kb lim: 12901 exec/s: 1117 rss: 54Mb L: 460/12901 MS: 3 InsertByte-EraseBytes-EraseBytes-
#2247	NEW    cov: 1293 ft: 3483 corp: 260/372Kb lim: 12901 exec/s: 1123 rss: 54Mb L: 282/12901 MS: 2 CMP-PersAutoDict- DE: "\001\253"-"\351\003\000\000"-
#2250	REDUCE cov: 1293 ft: 3483 corp: 260/372Kb lim: 12901 exec/s: 1125 rss: 54Mb L: 3761/12901 MS: 3 ChangeASCIIInt-ChangeBinInt-EraseBytes-
#2264	NEW    cov: 1293 ft: 3506 corp: 261/372Kb lim: 12901 exec/s: 1132 rss: 54Mb L: 289/12901 MS: 4 InsertRepeatedBytes-ChangeASCIIInt-ChangeBinInt-ChangeASCIIInt-
#2353	REDUCE cov: 1293 ft: 3506 corp: 261/371Kb lim: 12901 exec/s: 1176 rss: 55Mb L: 681/12901 MS: 4 PersAutoDict-ChangeASCIIInt-ChangeBit-EraseBytes- DE: "\001\253"-
#2366	NEW    cov: 1293 ft: 3510 corp: 262/371Kb lim: 12901 exec/s: 1183 rss: 55Mb L: 313/12901 MS: 3 CopyPart-ChangeBit-PersAutoDict- DE: "\001\000\000\000\000\000\000\012"-
#2385	NEW    cov: 1294 ft: 3511 corp: 263/372Kb lim: 12901 exec/s: 1192 rss: 55Mb L: 278/12901 MS: 4 InsertByte-PersAutoDict-CMP-CMP- DE: "\001\000\000\000\000\000\000?"-"\001\001"-"\377\005"-
#2404	REDUCE cov: 1294 ft: 3511 corp: 263/371Kb lim: 12901 exec/s: 1202 rss: 55Mb L: 2143/12901 MS: 4 ShuffleBytes-ChangeBit-ShuffleBytes-EraseBytes-
#2420	NEW    cov: 1294 ft: 3512 corp: 264/373Kb lim: 12901 exec/s: 1210 rss: 55Mb L: 1624/12901 MS: 1 ChangeBinInt-
#2459	NEW    cov: 1295 ft: 3513 corp: 265/373Kb lim: 12901 exec/s: 1229 rss: 55Mb L: 326/12901 MS: 4 ChangeBinInt-InsertByte-ChangeBinInt-CopyPart-
#2466	REDUCE cov: 1295 ft: 3513 corp: 265/373Kb lim: 12901 exec/s: 1233 rss: 55Mb L: 662/12901 MS: 2 PersAutoDict-EraseBytes- DE: "\351\003\000\000"-
#2469	NEW    cov: 1296 ft: 3514 corp: 266/376Kb lim: 12901 exec/s: 1234 rss: 55Mb L: 2632/12901 MS: 3 ChangeASCIIInt-ChangeASCIIInt-ChangeBit-
#2489	REDUCE cov: 1296 ft: 3514 corp: 266/376Kb lim: 12901 exec/s: 1244 rss: 55Mb L: 544/12901 MS: 5 InsertRepeatedBytes-CMP-ChangeByte-ChangeByte-EraseBytes- DE: "\003\350"-
#2490	NEW    cov: 1296 ft: 3515 corp: 267/376Kb lim: 12901 exec/s: 1245 rss: 55Mb L: 112/12901 MS: 1 ChangeASCIIInt-
#2502	REDUCE cov: 1296 ft: 3515 corp: 267/376Kb lim: 12901 exec/s: 1251 rss: 55Mb L: 3170/12901 MS: 2 CMP-EraseBytes- DE: "\007\000\000\000\000\000\000\000"-
#2508	NEW    cov: 1296 ft: 3516 corp: 268/377Kb lim: 12901 exec/s: 1254 rss: 55Mb L: 1633/12901 MS: 1 ShuffleBytes-
#2509	NEW    cov: 1296 ft: 3518 corp: 269/378Kb lim: 12901 exec/s: 1254 rss: 55Mb L: 847/12901 MS: 1 CopyPart-
#2531	NEW    cov: 1296 ft: 3520 corp: 270/380Kb lim: 12901 exec/s: 1265 rss: 55Mb L: 2041/12901 MS: 2 CMP-ShuffleBytes- DE: "Z\000"-
#2537	REDUCE cov: 1296 ft: 3520 corp: 270/380Kb lim: 12901 exec/s: 1268 rss: 55Mb L: 2018/12901 MS: 1 EraseBytes-
#2541	REDUCE cov: 1296 ft: 3520 corp: 270/380Kb lim: 12901 exec/s: 1270 rss: 55Mb L: 621/12901 MS: 4 EraseBytes-ShuffleBytes-ChangeBinInt-InsertRepeatedBytes-
#2552	NEW    cov: 1296 ft: 3521 corp: 271/381Kb lim: 12901 exec/s: 1276 rss: 55Mb L: 1759/12901 MS: 1 CrossOver-
#2554	NEW    cov: 1297 ft: 3522 corp: 272/382Kb lim: 12901 exec/s: 1277 rss: 55Mb L: 283/12901 MS: 2 InsertByte-ChangeBit-
#2575	NEW    cov: 1297 ft: 3524 corp: 273/390Kb lim: 12901 exec/s: 1287 rss: 55Mb L: 8831/12901 MS: 1 ShuffleBytes-
#2586	REDUCE cov: 1297 ft: 3524 corp: 273/390Kb lim: 12901 exec/s: 1293 rss: 55Mb L: 357/12901 MS: 1 EraseBytes-
#2605	REDUCE cov: 1297 ft: 3524 corp: 273/390Kb lim: 12901 exec/s: 1302 rss: 55Mb L: 400/12901 MS: 4 ChangeBit-ChangeByte-ChangeByte-EraseBytes-
#2615	NEW    cov: 1298 ft: 3525 corp: 274/390Kb lim: 12901 exec/s: 1307 rss: 55Mb L: 224/12901 MS: 5 ChangeBinInt-ChangeBinInt-InsertByte-EraseBytes-PersAutoDict- DE: "\377\005"-
#2629	NEW    cov: 1298 ft: 3526 corp: 275/391Kb lim: 12901 exec/s: 1314 rss: 55Mb L: 304/12901 MS: 4 ChangeByte-PersAutoDict-ChangeBinInt-CMP- DE: "\003\350"-"\377\377\377\377\000\000\000\000"-
#2636	NEW    cov: 1298 ft: 3527 corp: 276/392Kb lim: 12901 exec/s: 1318 rss: 55Mb L: 1784/12901 MS: 2 ChangeASCIIInt-CrossOver-
#2677	NEW    cov: 1298 ft: 3528 corp: 277/393Kb lim: 12901 exec/s: 1338 rss: 55Mb L: 201/12901 MS: 1 CopyPart-
#2713	NEW    cov: 1298 ft: 3529 corp: 278/401Kb lim: 12901 exec/s: 1356 rss: 55Mb L: 8833/12901 MS: 1 PersAutoDict- DE: "?B\017\000"-
#2724	REDUCE cov: 1298 ft: 3529 corp: 278/401Kb lim: 12901 exec/s: 1362 rss: 55Mb L: 72/12901 MS: 1 EraseBytes-
#2755	NEW    cov: 1298 ft: 3530 corp: 279/403Kb lim: 12901 exec/s: 1377 rss: 58Mb L: 2042/12901 MS: 1 InsertByte-
#2756	NEW    cov: 1298 ft: 3531 corp: 280/406Kb lim: 12901 exec/s: 1378 rss: 58Mb L: 3071/12901 MS: 1 CopyPart-
#2764	NEW    cov: 1298 ft: 3533 corp: 281/407Kb lim: 12901 exec/s: 1382 rss: 58Mb L: 692/12901 MS: 3 ShuffleBytes-ChangeBinInt-CopyPart-
#2772	REDUCE cov: 1298 ft: 3533 corp: 281/407Kb lim: 12901 exec/s: 1386 rss: 58Mb L: 1208/12901 MS: 3 PersAutoDict-InsertRepeatedBytes-EraseBytes- DE: "\377\377\377\377\000\000\000\000"-
#2783	NEW    cov: 1298 ft: 3537 corp: 282/415Kb lim: 12901 exec/s: 1391 rss: 58Mb L: 8831/12901 MS: 1 CrossOver-
#2814	NEW    cov: 1298 ft: 3540 corp: 283/417Kb lim: 12901 exec/s: 1407 rss: 58Mb L: 2041/12901 MS: 1 ChangeASCIIInt-
#2817	NEW    cov: 1298 ft: 3541 corp: 284/419Kb lim: 12901 exec/s: 1408 rss: 58Mb L: 2042/12901 MS: 3 CopyPart-InsertByte-ChangeBinInt-
#2828	NEW    cov: 1299 ft: 3542 corp: 285/421Kb lim: 12901 exec/s: 1414 rss: 58Mb L: 2046/12901 MS: 1 PersAutoDict- DE: "mDCV"-
#2844	NEW    cov: 1299 ft: 3544 corp: 286/431Kb lim: 12901 exec/s: 1422 rss: 58Mb L: 9927/12901 MS: 1 EraseBytes-
#2870	NEW    cov: 1299 ft: 3546 corp: 287/440Kb lim: 12901 exec/s: 1435 rss: 58Mb L: 8831/12901 MS: 1 ChangeASCIIInt-
#2902	REDUCE cov: 1299 ft: 3546 corp: 287/439Kb lim: 12901 exec/s: 1451 rss: 58Mb L: 210/12901 MS: 2 ChangeBinInt-EraseBytes-
#2924	NEW    cov: 1299 ft: 3547 corp: 288/439Kb lim: 12901 exec/s: 1462 rss: 58Mb L: 176/12901 MS: 2 ChangeBinInt-ChangeByte-
#2990	NEW    cov: 1299 ft: 3548 corp: 289/442Kb lim: 12901 exec/s: 1495 rss: 58Mb L: 2839/12901 MS: 1 ChangeASCIIInt-
#2994	NEW    cov: 1299 ft: 3549 corp: 290/445Kb lim: 12901 exec/s: 1497 rss: 58Mb L: 3074/12901 MS: 4 InsertByte-PersAutoDict-ChangeBinInt-CopyPart- DE: "iCCP"-
#2996	NEW    cov: 1299 ft: 3556 corp: 291/446Kb lim: 12901 exec/s: 1498 rss: 58Mb L: 744/12901 MS: 2 CopyPart-ChangeBinInt-
#2998	NEW    cov: 1299 ft: 3557 corp: 292/455Kb lim: 12901 exec/s: 1499 rss: 58Mb L: 9004/12901 MS: 2 ChangeBit-CrossOver-
#3001	NEW    cov: 1299 ft: 3558 corp: 293/456Kb lim: 12901 exec/s: 1500 rss: 58Mb L: 862/12901 MS: 3 ChangeByte-ChangeByte-ShuffleBytes-
#3002	NEW    cov: 1299 ft: 3559 corp: 294/456Kb lim: 12901 exec/s: 1000 rss: 58Mb L: 862/12901 MS: 1 ShuffleBytes-
#3008	NEW    cov: 1299 ft: 3560 corp: 295/457Kb lim: 12901 exec/s: 1002 rss: 58Mb L: 248/12901 MS: 1 CopyPart-
#3016	REDUCE cov: 1299 ft: 3560 corp: 295/457Kb lim: 12901 exec/s: 1005 rss: 58Mb L: 46/12901 MS: 3 ShuffleBytes-PersAutoDict-EraseBytes- DE: "\001\001"-
#3032	NEW    cov: 1299 ft: 3561 corp: 296/459Kb lim: 12901 exec/s: 1010 rss: 58Mb L: 2839/12901 MS: 1 CopyPart-
#3044	NEW    cov: 1299 ft: 3562 corp: 297/462Kb lim: 12901 exec/s: 1014 rss: 58Mb L: 2567/12901 MS: 2 ChangeByte-CrossOver-
#3090	REDUCE cov: 1299 ft: 3562 corp: 297/461Kb lim: 12901 exec/s: 1030 rss: 58Mb L: 2677/12901 MS: 1 EraseBytes-
#3111	REDUCE cov: 1299 ft: 3562 corp: 297/461Kb lim: 12901 exec/s: 1037 rss: 58Mb L: 558/12901 MS: 1 EraseBytes-
#3122	NEW    cov: 1300 ft: 3565 corp: 298/461Kb lim: 12901 exec/s: 1040 rss: 64Mb L: 296/12901 MS: 1 ChangeBinInt-
#3128	REDUCE cov: 1300 ft: 3565 corp: 298/461Kb lim: 12901 exec/s: 1042 rss: 64Mb L: 158/12901 MS: 1 EraseBytes-
#3137	NEW    cov: 1300 ft: 3571 corp: 299/462Kb lim: 12901 exec/s: 1045 rss: 64Mb L: 954/12901 MS: 4 InsertRepeatedBytes-CrossOver-ChangeASCIIInt-InsertByte-
#3155	NEW    cov: 1300 ft: 3572 corp: 300/464Kb lim: 12901 exec/s: 1051 rss: 64Mb L: 1463/12901 MS: 3 ChangeBit-ChangeByte-CopyPart-
#3161	REDUCE cov: 1300 ft: 3572 corp: 300/464Kb lim: 12901 exec/s: 1053 rss: 64Mb L: 397/12901 MS: 1 EraseBytes-
#3242	NEW    cov: 1300 ft: 3575 corp: 301/466Kb lim: 12901 exec/s: 1080 rss: 64Mb L: 2213/12901 MS: 1 ChangeBinInt-
#3256	NEW    cov: 1300 ft: 3576 corp: 302/467Kb lim: 12901 exec/s: 1085 rss: 64Mb L: 1723/12901 MS: 4 ChangeBit-ChangeByte-ChangeBit-CopyPart-
#3284	REDUCE cov: 1300 ft: 3576 corp: 302/467Kb lim: 12901 exec/s: 1094 rss: 64Mb L: 322/12901 MS: 3 InsertRepeatedBytes-InsertRepeatedBytes-EraseBytes-
#3288	REDUCE cov: 1300 ft: 3576 corp: 302/462Kb lim: 12901 exec/s: 1096 rss: 64Mb L: 3094/12901 MS: 4 ChangeBinInt-ShuffleBytes-InsertRepeatedBytes-CrossOver-
#3304	NEW    cov: 1300 ft: 3581 corp: 303/462Kb lim: 12901 exec/s: 1101 rss: 64Mb L: 264/12901 MS: 1 ChangeBinInt-
#3305	NEW    cov: 1300 ft: 3587 corp: 304/462Kb lim: 12901 exec/s: 1101 rss: 64Mb L: 242/12901 MS: 1 CMP- DE: "bKGD"-
#3312	NEW    cov: 1300 ft: 3599 corp: 305/463Kb lim: 12901 exec/s: 1104 rss: 64Mb L: 557/12901 MS: 2 EraseBytes-InsertRepeatedBytes-
#3378	REDUCE cov: 1300 ft: 3599 corp: 305/463Kb lim: 12901 exec/s: 1126 rss: 64Mb L: 79/12901 MS: 1 EraseBytes-
#3398	REDUCE cov: 1300 ft: 3599 corp: 305/463Kb lim: 12901 exec/s: 1132 rss: 64Mb L: 233/12901 MS: 5 ShuffleBytes-ChangeASCIIInt-ChangeASCIIInt-PersAutoDict-EraseBytes- DE: "\010\000\000\000\000\000\000\000"-
#3400	REDUCE cov: 1300 ft: 3599 corp: 305/463Kb lim: 12901 exec/s: 1133 rss: 64Mb L: 211/12901 MS: 2 CrossOver-EraseBytes-
#3403	NEW    cov: 1300 ft: 3600 corp: 306/471Kb lim: 12901 exec/s: 1134 rss: 64Mb L: 8831/12901 MS: 3 ChangeByte-PersAutoDict-ChangeBit- DE: "sTER"-
#3495	NEW    cov: 1301 ft: 3601 corp: 307/471Kb lim: 12901 exec/s: 1165 rss: 64Mb L: 342/12901 MS: 2 ChangeByte-ChangeBinInt-
#3497	NEW    cov: 1301 ft: 3605 corp: 308/472Kb lim: 12901 exec/s: 1165 rss: 64Mb L: 745/12901 MS: 2 ShuffleBytes-InsertByte-
#3573	NEW    cov: 1301 ft: 3606 corp: 309/473Kb lim: 12901 exec/s: 1191 rss: 64Mb L: 744/12901 MS: 1 CopyPart-
#3634	NEW    cov: 1301 ft: 3608 corp: 310/473Kb lim: 12901 exec/s: 1211 rss: 64Mb L: 265/12901 MS: 1 PersAutoDict- DE: "\001\000\000\000\000\000\000?"-
#3645	NEW    cov: 1301 ft: 3609 corp: 311/475Kb lim: 12901 exec/s: 1215 rss: 64Mb L: 1511/12901 MS: 1 InsertRepeatedBytes-
#3681	NEW    cov: 1301 ft: 3614 corp: 312/475Kb lim: 12901 exec/s: 1227 rss: 64Mb L: 340/12901 MS: 1 ChangeByte-
#3693	REDUCE cov: 1301 ft: 3614 corp: 312/475Kb lim: 12901 exec/s: 1231 rss: 64Mb L: 1809/12901 MS: 2 InsertRepeatedBytes-EraseBytes-
#3709	NEW    cov: 1301 ft: 3616 corp: 313/476Kb lim: 12901 exec/s: 1236 rss: 64Mb L: 1624/12901 MS: 1 ChangeBinInt-
#3710	NEW    cov: 1301 ft: 3618 corp: 314/477Kb lim: 12901 exec/s: 1236 rss: 64Mb L: 237/12901 MS: 1 ChangeASCIIInt-
#3727	NEW    cov: 1301 ft: 3619 corp: 315/478Kb lim: 12901 exec/s: 1242 rss: 64Mb L: 1446/12901 MS: 2 CMP-InsertRepeatedBytes- DE: "\000\000\000\000\000\000\000\004"-
#3748	REDUCE cov: 1301 ft: 3619 corp: 315/478Kb lim: 12901 exec/s: 1249 rss: 64Mb L: 303/12901 MS: 1 EraseBytes-
#3764	NEW    cov: 1301 ft: 3626 corp: 316/478Kb lim: 12901 exec/s: 1254 rss: 64Mb L: 237/12901 MS: 1 ChangeBinInt-
#3790	NEW    cov: 1303 ft: 3628 corp: 317/480Kb lim: 12901 exec/s: 1263 rss: 64Mb L: 1431/12901 MS: 1 CrossOver-
#3846	REDUCE cov: 1303 ft: 3628 corp: 317/480Kb lim: 12901 exec/s: 1282 rss: 64Mb L: 264/12901 MS: 1 EraseBytes-
#3847	NEW    cov: 1303 ft: 3632 corp: 318/480Kb lim: 12901 exec/s: 1282 rss: 64Mb L: 117/12901 MS: 1 InsertByte-
#3889	NEW    cov: 1303 ft: 3633 corp: 319/480Kb lim: 12901 exec/s: 1296 rss: 64Mb L: 323/12901 MS: 2 ChangeBit-PersAutoDict- DE: "mDCV"-
#3905	NEW    cov: 1303 ft: 3636 corp: 320/480Kb lim: 12901 exec/s: 1301 rss: 64Mb L: 201/12901 MS: 1 CMP- DE: "sBIT"-
#3966	REDUCE cov: 1303 ft: 3636 corp: 320/480Kb lim: 12901 exec/s: 1322 rss: 64Mb L: 1683/12901 MS: 1 EraseBytes-
#3974	REDUCE cov: 1303 ft: 3636 corp: 320/480Kb lim: 12901 exec/s: 1324 rss: 64Mb L: 257/12901 MS: 3 ChangeByte-ShuffleBytes-EraseBytes-
#3982	REDUCE cov: 1303 ft: 3636 corp: 320/480Kb lim: 12901 exec/s: 1327 rss: 64Mb L: 266/12901 MS: 3 PersAutoDict-ShuffleBytes-EraseBytes- DE: "\001\253"-
#4031	NEW    cov: 1303 ft: 3640 corp: 321/482Kb lim: 12901 exec/s: 1343 rss: 64Mb L: 1714/12901 MS: 4 CMP-InsertRepeatedBytes-CMP-ChangeByte- DE: "d\000\000\000"-"\001\000\000\000\000\000\000+"-
#4073	REDUCE cov: 1303 ft: 3640 corp: 321/482Kb lim: 12901 exec/s: 1357 rss: 64Mb L: 149/12901 MS: 2 ChangeByte-EraseBytes-
#4077	NEW    cov: 1303 ft: 3642 corp: 322/483Kb lim: 12901 exec/s: 1359 rss: 64Mb L: 1973/12901 MS: 4 CopyPart-CopyPart-CMP-CrossOver- DE: "\000\000\000\000\000\000\000\006"-
#4094	NEW    cov: 1303 ft: 3643 corp: 323/484Kb lim: 12901 exec/s: 1364 rss: 64Mb L: 260/12901 MS: 2 ChangeByte-EraseBytes-
#4096	pulse  cov: 1303 ft: 3643 corp: 323/484Kb lim: 12901 exec/s: 1365 rss: 64Mb
#4111	NEW    cov: 1303 ft: 3647 corp: 324/489Kb lim: 12901 exec/s: 1370 rss: 64Mb L: 5212/12901 MS: 2 CMP-CrossOver- DE: "\006\001\000\000\000\000\000\000"-
#4122	NEW    cov: 1303 ft: 3649 corp: 325/489Kb lim: 12901 exec/s: 1374 rss: 64Mb L: 325/12901 MS: 1 ChangeBinInt-
#4144	NEW    cov: 1303 ft: 3650 corp: 326/490Kb lim: 12901 exec/s: 1381 rss: 64Mb L: 823/12901 MS: 2 ShuffleBytes-CrossOver-
#4180	NEW    cov: 1303 ft: 3653 corp: 327/491Kb lim: 12901 exec/s: 1393 rss: 64Mb L: 777/12901 MS: 1 ChangeByte-
#4232	REDUCE cov: 1303 ft: 3653 corp: 327/491Kb lim: 12901 exec/s: 1410 rss: 64Mb L: 91/12901 MS: 2 PersAutoDict-EraseBytes- DE: "iCCP"-
#4242	NEW    cov: 1303 ft: 3654 corp: 328/492Kb lim: 12901 exec/s: 1414 rss: 64Mb L: 1343/12901 MS: 5 InsertRepeatedBytes-ChangeBit-CrossOver-ChangeBit-ChangeBinInt-
#4290	NEW    cov: 1303 ft: 3656 corp: 329/495Kb lim: 12901 exec/s: 1430 rss: 64Mb L: 3151/12901 MS: 3 InsertRepeatedBytes-ShuffleBytes-CopyPart-
#4361	NEW    cov: 1303 ft: 3657 corp: 330/499Kb lim: 12901 exec/s: 1453 rss: 64Mb L: 3951/12901 MS: 1 CopyPart-
#4372	NEW    cov: 1303 ft: 3658 corp: 331/501Kb lim: 12901 exec/s: 1457 rss: 64Mb L: 2041/12901 MS: 1 ChangeBinInt-
#4463	REDUCE cov: 1303 ft: 3658 corp: 331/501Kb lim: 12901 exec/s: 1487 rss: 64Mb L: 389/12901 MS: 1 EraseBytes-
#4477	REDUCE cov: 1303 ft: 3658 corp: 331/501Kb lim: 12901 exec/s: 1492 rss: 64Mb L: 556/12901 MS: 4 ShuffleBytes-ChangeBinInt-ChangeByte-EraseBytes-
#4499	NEW    cov: 1303 ft: 3660 corp: 332/502Kb lim: 12901 exec/s: 1499 rss: 64Mb L: 1520/12901 MS: 2 ChangeBit-CrossOver-
#4531	REDUCE cov: 1303 ft: 3660 corp: 332/502Kb lim: 12901 exec/s: 1510 rss: 64Mb L: 84/12901 MS: 2 ChangeByte-EraseBytes-
#4535	NEW    cov: 1303 ft: 3663 corp: 333/511Kb lim: 12901 exec/s: 1511 rss: 64Mb L: 8543/12901 MS: 4 InsertByte-ChangeBinInt-CMP-CrossOver- DE: "\000\000\000\000\000\000\000\006"-
#4589	NEW    cov: 1303 ft: 3665 corp: 334/511Kb lim: 12901 exec/s: 1529 rss: 64Mb L: 484/12901 MS: 4 ChangeBinInt-ChangeBit-ChangeBinInt-EraseBytes-
#4600	NEW    cov: 1303 ft: 3666 corp: 335/512Kb lim: 12901 exec/s: 1533 rss: 64Mb L: 1511/12901 MS: 1 CMP- DE: "iCCP"-
#4613	NEW    cov: 1304 ft: 3667 corp: 336/513Kb lim: 12901 exec/s: 1537 rss: 64Mb L: 218/12901 MS: 3 ChangeBinInt-ChangeBinInt-InsertRepeatedBytes-
#4629	REDUCE cov: 1304 ft: 3667 corp: 336/513Kb lim: 12901 exec/s: 1543 rss: 64Mb L: 119/12901 MS: 1 EraseBytes-
#4645	REDUCE cov: 1304 ft: 3667 corp: 336/512Kb lim: 12901 exec/s: 1548 rss: 64Mb L: 534/12901 MS: 1 EraseBytes-
#4743	NEW    cov: 1304 ft: 3669 corp: 337/513Kb lim: 12901 exec/s: 1581 rss: 64Mb L: 247/12901 MS: 3 ChangeByte-EraseBytes-CopyPart-
#4785	NEW    cov: 1304 ft: 3670 corp: 338/516Kb lim: 12901 exec/s: 1595 rss: 64Mb L: 3435/12901 MS: 2 ChangeBinInt-PersAutoDict- DE: "bKGD"-
#4789	NEW    cov: 1304 ft: 3671 corp: 339/517Kb lim: 12901 exec/s: 1596 rss: 64Mb L: 628/12901 MS: 4 CrossOver-ChangeASCIIInt-ShuffleBytes-ShuffleBytes-
#4810	REDUCE cov: 1304 ft: 3671 corp: 339/517Kb lim: 12901 exec/s: 1603 rss: 64Mb L: 113/12901 MS: 1 EraseBytes-
#4911	REDUCE cov: 1304 ft: 3671 corp: 339/516Kb lim: 12901 exec/s: 1637 rss: 64Mb L: 3002/12901 MS: 1 EraseBytes-
#4958	NEW    cov: 1304 ft: 3672 corp: 340/519Kb lim: 12901 exec/s: 1652 rss: 64Mb L: 3093/12901 MS: 2 CopyPart-InsertRepeatedBytes-
#4972	NEW    cov: 1305 ft: 3673 corp: 341/519Kb lim: 12901 exec/s: 1657 rss: 64Mb L: 286/12901 MS: 4 PersAutoDict-PersAutoDict-PersAutoDict-ChangeBinInt- DE: "\351\003\000\000"-"\001\000\000\000\000\000\000+"-"iCCP"-
#5053	REDUCE cov: 1305 ft: 3673 corp: 341/519Kb lim: 12901 exec/s: 1684 rss: 64Mb L: 58/12901 MS: 1 EraseBytes-
#5083	NEW    cov: 1305 ft: 3675 corp: 342/520Kb lim: 12901 exec/s: 1694 rss: 64Mb L: 1347/12901 MS: 5 CMP-CopyPart-InsertByte-ShuffleBytes-ShuffleBytes- DE: "\015\000\000\000\000\000\000\000"-
#5109	REDUCE cov: 1305 ft: 3675 corp: 342/520Kb lim: 12901 exec/s: 1703 rss: 64Mb L: 931/12901 MS: 1 EraseBytes-
#5157	NEW    cov: 1305 ft: 3676 corp: 343/521Kb lim: 12901 exec/s: 1719 rss: 64Mb L: 362/12901 MS: 3 ChangeBit-InsertByte-InsertRepeatedBytes-
#5163	NEW    cov: 1305 ft: 3677 corp: 344/521Kb lim: 12901 exec/s: 1721 rss: 64Mb L: 237/12901 MS: 1 ChangeByte-
#5164	NEW    cov: 1305 ft: 3678 corp: 345/521Kb lim: 12901 exec/s: 1721 rss: 64Mb L: 296/12901 MS: 1 InsertRepeatedBytes-
#5166	NEW    cov: 1306 ft: 3679 corp: 346/526Kb lim: 12901 exec/s: 1722 rss: 64Mb L: 5165/12901 MS: 2 EraseBytes-PersAutoDict- DE: "\003\350"-
#5202	NEW    cov: 1306 ft: 3680 corp: 347/527Kb lim: 12901 exec/s: 1734 rss: 64Mb L: 638/12901 MS: 1 CrossOver-
#5271	NEW    cov: 1306 ft: 3683 corp: 348/529Kb lim: 12901 exec/s: 1757 rss: 64Mb L: 2457/12901 MS: 4 CopyPart-InsertByte-ChangeBit-CMP- DE: "\010\000\000\000"-
#5277	REDUCE cov: 1306 ft: 3683 corp: 348/529Kb lim: 12901 exec/s: 1759 rss: 64Mb L: 486/12901 MS: 1 EraseBytes-
#5318	NEW    cov: 1306 ft: 3688 corp: 349/530Kb lim: 12901 exec/s: 1772 rss: 64Mb L: 275/12901 MS: 1 CopyPart-
#5347	NEW    cov: 1306 ft: 3695 corp: 350/530Kb lim: 12901 exec/s: 1782 rss: 64Mb L: 588/12901 MS: 4 ChangeBinInt-CrossOver-EraseBytes-EraseBytes-
#5388	NEW    cov: 1306 ft: 3696 corp: 351/530Kb lim: 12901 exec/s: 1796 rss: 64Mb L: 176/12901 MS: 1 ChangeByte-
#5404	REDUCE cov: 1306 ft: 3696 corp: 351/530Kb lim: 12901 exec/s: 1801 rss: 64Mb L: 278/12901 MS: 1 EraseBytes-
#5412	NEW    cov: 1306 ft: 3697 corp: 352/534Kb lim: 12901 exec/s: 1804 rss: 64Mb L: 3439/12901 MS: 3 ChangeByte-CMP-CopyPart- DE: "\377\377\377\377\377\377\000\361"-
#5414	REDUCE cov: 1306 ft: 3697 corp: 352/534Kb lim: 12901 exec/s: 1804 rss: 64Mb L: 108/12901 MS: 2 InsertByte-EraseBytes-
#5415	NEW    cov: 1306 ft: 3698 corp: 353/536Kb lim: 12901 exec/s: 1805 rss: 64Mb L: 2042/12901 MS: 1 CMP- DE: "cHRM"-
#5441	NEW    cov: 1307 ft: 3699 corp: 354/536Kb lim: 12901 exec/s: 1813 rss: 64Mb L: 176/12901 MS: 1 ShuffleBytes-
#5463	NEW    cov: 1307 ft: 3700 corp: 355/538Kb lim: 12901 exec/s: 1821 rss: 64Mb L: 2042/12901 MS: 2 CopyPart-ChangeBinInt-
#5478	REDUCE cov: 1307 ft: 3705 corp: 356/538Kb lim: 12901 exec/s: 1826 rss: 64Mb L: 85/12901 MS: 5 InsertByte-ChangeByte-ChangeBit-PersAutoDict-ChangeByte- DE: "iCCP"-
#5489	NEW    cov: 1308 ft: 3707 corp: 357/538Kb lim: 12901 exec/s: 1829 rss: 64Mb L: 176/12901 MS: 1 PersAutoDict- DE: "\001\253"-
#5495	NEW    cov: 1308 ft: 3709 corp: 358/539Kb lim: 12901 exec/s: 1831 rss: 64Mb L: 1051/12901 MS: 1 CopyPart-
#5511	REDUCE cov: 1308 ft: 3709 corp: 358/539Kb lim: 12901 exec/s: 1837 rss: 64Mb L: 404/12901 MS: 1 EraseBytes-
#5522	NEW    cov: 1308 ft: 3710 corp: 359/541Kb lim: 12901 exec/s: 1840 rss: 64Mb L: 2567/12901 MS: 1 ChangeASCIIInt-
#5556	NEW    cov: 1308 ft: 3711 corp: 360/542Kb lim: 12901 exec/s: 1852 rss: 64Mb L: 211/12901 MS: 4 ChangeBit-ChangeBinInt-InsertByte-InsertByte-
#5622	REDUCE cov: 1310 ft: 3713 corp: 361/542Kb lim: 12901 exec/s: 1874 rss: 64Mb L: 534/12901 MS: 1 CMP- DE: "\000\000\000\000"-
#5729	NEW    cov: 1310 ft: 3716 corp: 362/542Kb lim: 12901 exec/s: 1909 rss: 64Mb L: 116/12901 MS: 2 ChangeBit-ChangeByte-
#5730	NEW    cov: 1312 ft: 3718 corp: 363/542Kb lim: 12901 exec/s: 1910 rss: 64Mb L: 145/12901 MS: 1 ChangeBit-
#5841	NEW    cov: 1312 ft: 3721 corp: 364/543Kb lim: 12901 exec/s: 1947 rss: 64Mb L: 778/12901 MS: 1 InsertByte-
#5846	REDUCE cov: 1312 ft: 3722 corp: 365/545Kb lim: 12901 exec/s: 1948 rss: 64Mb L: 2148/12901 MS: 5 PersAutoDict-CopyPart-ChangeBit-PersAutoDict-InsertByte- DE: "\351\003\000\000"-"\001\000\000\000\000\000\000+"-
#5927	REDUCE cov: 1312 ft: 3722 corp: 365/545Kb lim: 12901 exec/s: 1975 rss: 64Mb L: 2514/12901 MS: 1 CrossOver-
#5955	NEW    cov: 1312 ft: 3723 corp: 366/547Kb lim: 12901 exec/s: 1985 rss: 64Mb L: 1625/12901 MS: 3 ChangeByte-InsertByte-ChangeASCIIInt-
#5956	NEW    cov: 1313 ft: 3724 corp: 367/547Kb lim: 12901 exec/s: 1985 rss: 64Mb L: 201/12901 MS: 1 ChangeBit-
#5968	NEW    cov: 1313 ft: 3725 corp: 368/547Kb lim: 12901 exec/s: 1989 rss: 64Mb L: 199/12901 MS: 2 InsertByte-EraseBytes-
#6013	NEW    cov: 1314 ft: 3731 corp: 369/547Kb lim: 12901 exec/s: 2004 rss: 64Mb L: 306/12901 MS: 5 CrossOver-CrossOver-ChangeBinInt-ChangeBinInt-CrossOver-
#6029	NEW    cov: 1314 ft: 3732 corp: 370/549Kb lim: 12901 exec/s: 1507 rss: 64Mb L: 2042/12901 MS: 1 ShuffleBytes-
#6072	REDUCE cov: 1314 ft: 3732 corp: 370/549Kb lim: 12901 exec/s: 1518 rss: 64Mb L: 11967/12901 MS: 3 CrossOver-ShuffleBytes-EraseBytes-
#6091	NEW    cov: 1315 ft: 3733 corp: 371/549Kb lim: 12901 exec/s: 1522 rss: 64Mb L: 145/12901 MS: 4 ChangeByte-ChangeBit-ChangeASCIIInt-CrossOver-
#6166	NEW    cov: 1316 ft: 3734 corp: 372/549Kb lim: 12901 exec/s: 1541 rss: 64Mb L: 235/12901 MS: 5 InsertRepeatedBytes-EraseBytes-ChangeBit-ShuffleBytes-EraseBytes-
#6240	REDUCE cov: 1316 ft: 3737 corp: 373/549Kb lim: 12901 exec/s: 1560 rss: 64Mb L: 333/12901 MS: 4 InsertRepeatedBytes-InsertByte-ChangeBinInt-InsertRepeatedBytes-
#6317	REDUCE cov: 1316 ft: 3737 corp: 373/549Kb lim: 12901 exec/s: 1579 rss: 64Mb L: 356/12901 MS: 2 ChangeByte-EraseBytes-
#6399	REDUCE cov: 1316 ft: 3737 corp: 373/549Kb lim: 12901 exec/s: 1599 rss: 64Mb L: 363/12901 MS: 2 ChangeASCIIInt-EraseBytes-
#6465	NEW    cov: 1316 ft: 3738 corp: 374/551Kb lim: 12901 exec/s: 1616 rss: 64Mb L: 2353/12901 MS: 1 ChangeBit-
#6516	REDUCE cov: 1316 ft: 3738 corp: 374/551Kb lim: 12901 exec/s: 1629 rss: 64Mb L: 93/12901 MS: 1 EraseBytes-
#6547	REDUCE cov: 1316 ft: 3739 corp: 375/553Kb lim: 12901 exec/s: 1636 rss: 64Mb L: 2149/12901 MS: 1 InsertRepeatedBytes-
#6562	NEW    cov: 1316 ft: 3740 corp: 376/555Kb lim: 12901 exec/s: 1640 rss: 64Mb L: 1828/12901 MS: 5 ChangeBit-CopyPart-InsertRepeatedBytes-CMP-PersAutoDict- DE: "\377\377\377\377\377\377\005\304"-"bKGD"-
#6659	REDUCE cov: 1316 ft: 3740 corp: 376/555Kb lim: 12901 exec/s: 1664 rss: 64Mb L: 684/12901 MS: 2 CrossOver-EraseBytes-
#6670	NEW    cov: 1316 ft: 3741 corp: 377/555Kb lim: 12901 exec/s: 1667 rss: 64Mb L: 558/12901 MS: 1 ChangeBinInt-
#6685	NEW    cov: 1318 ft: 3762 corp: 378/561Kb lim: 12901 exec/s: 1671 rss: 64Mb L: 6126/12901 MS: 5 CopyPart-EraseBytes-CrossOver-CopyPart-CopyPart-
#6746	NEW    cov: 1318 ft: 3765 corp: 379/564Kb lim: 12901 exec/s: 1686 rss: 64Mb L: 2161/12901 MS: 1 CrossOver-
#6762	NEW    cov: 1318 ft: 3766 corp: 380/566Kb lim: 12901 exec/s: 1690 rss: 64Mb L: 2042/12901 MS: 1 ChangeBit-
#6766	NEW    cov: 1318 ft: 3767 corp: 381/566Kb lim: 12901 exec/s: 1691 rss: 64Mb L: 307/12901 MS: 4 PersAutoDict-CopyPart-ChangeBit-ChangeByte- DE: "\001\000\000\000\000\000\000\012"-
#6832	NEW    cov: 1318 ft: 3769 corp: 382/567Kb lim: 12901 exec/s: 1708 rss: 64Mb L: 847/12901 MS: 1 ShuffleBytes-
#6885	NEW    cov: 1319 ft: 3770 corp: 383/575Kb lim: 12901 exec/s: 1721 rss: 64Mb L: 8833/12901 MS: 3 InsertByte-ChangeASCIIInt-InsertByte-
#6897	NEW    cov: 1320 ft: 3771 corp: 384/575Kb lim: 12901 exec/s: 1724 rss: 64Mb L: 142/12901 MS: 2 ShuffleBytes-CMP- DE: "bKGD"-
#6898	REDUCE cov: 1320 ft: 3771 corp: 384/575Kb lim: 12901 exec/s: 1724 rss: 64Mb L: 186/12901 MS: 1 EraseBytes-
#6904	NEW    cov: 1320 ft: 3772 corp: 385/577Kb lim: 12901 exec/s: 1726 rss: 64Mb L: 2069/12901 MS: 1 CrossOver-
#6928	REDUCE cov: 1320 ft: 3772 corp: 385/577Kb lim: 12901 exec/s: 1732 rss: 64Mb L: 294/12901 MS: 4 ChangeBit-ChangeByte-PersAutoDict-EraseBytes- DE: "\010\000\000\000\000\000\000\000"-
#7029	NEW    cov: 1321 ft: 3773 corp: 386/579Kb lim: 12901 exec/s: 1757 rss: 64Mb L: 1637/12901 MS: 1 CMP- DE: "\255\000\000\000"-
#7039	REDUCE cov: 1321 ft: 3774 corp: 387/580Kb lim: 12901 exec/s: 1759 rss: 64Mb L: 799/12901 MS: 5 ShuffleBytes-CrossOver-ChangeByte-CrossOver-InsertByte-
#7040	NEW    cov: 1321 ft: 3775 corp: 388/580Kb lim: 12901 exec/s: 1760 rss: 64Mb L: 299/12901 MS: 1 ChangeBit-
#7076	REDUCE cov: 1321 ft: 3775 corp: 388/580Kb lim: 12901 exec/s: 1769 rss: 64Mb L: 250/12901 MS: 1 EraseBytes-
#7106	REDUCE cov: 1321 ft: 3775 corp: 388/580Kb lim: 12901 exec/s: 1776 rss: 64Mb L: 314/12901 MS: 5 ChangeBit-ChangeBit-PersAutoDict-InsertByte-EraseBytes- DE: "\377\377\377\377\377\377\000\361"-
#7122	NEW    cov: 1321 ft: 3777 corp: 389/582Kb lim: 12901 exec/s: 1780 rss: 64Mb L: 2042/12901 MS: 1 CopyPart-
#7123	REDUCE cov: 1321 ft: 3777 corp: 389/582Kb lim: 12901 exec/s: 1780 rss: 64Mb L: 8648/12901 MS: 1 CrossOver-
#7164	NEW    cov: 1321 ft: 3778 corp: 390/582Kb lim: 12901 exec/s: 1791 rss: 64Mb L: 175/12901 MS: 1 PersAutoDict- DE: "\377\377\377\377\377\377\377\377"-
#7165	REDUCE cov: 1321 ft: 3778 corp: 390/582Kb lim: 12901 exec/s: 1791 rss: 64Mb L: 1252/12901 MS: 1 EraseBytes-
#7220	REDUCE cov: 1321 ft: 3778 corp: 390/581Kb lim: 12901 exec/s: 1805 rss: 64Mb L: 2433/12901 MS: 5 CrossOver-ChangeByte-ChangeByte-ShuffleBytes-EraseBytes-
#7223	REDUCE cov: 1321 ft: 3778 corp: 390/580Kb lim: 12901 exec/s: 1805 rss: 64Mb L: 1383/12901 MS: 3 ChangeASCIIInt-ChangeBit-EraseBytes-
#7480	NEW    cov: 1321 ft: 3779 corp: 391/583Kb lim: 12901 exec/s: 1870 rss: 64Mb L: 2624/12901 MS: 2 ChangeBit-ChangeBinInt-
#7496	NEW    cov: 1321 ft: 3780 corp: 392/585Kb lim: 12901 exec/s: 1874 rss: 64Mb L: 2042/12901 MS: 1 ChangeByte-
#7578	NEW    cov: 1321 ft: 3781 corp: 393/585Kb lim: 12901 exec/s: 1894 rss: 64Mb L: 202/12901 MS: 2 PersAutoDict-InsertByte- DE: "\001\000\000\000\000\000\000\012"-
#7596	REDUCE cov: 1321 ft: 3781 corp: 393/585Kb lim: 12901 exec/s: 1899 rss: 64Mb L: 34/12901 MS: 3 PersAutoDict-CrossOver-EraseBytes- DE: "\351\003\000\000"-
#7622	NEW    cov: 1321 ft: 3783 corp: 394/587Kb lim: 12901 exec/s: 1905 rss: 64Mb L: 1658/12901 MS: 1 CrossOver-
#7636	REDUCE cov: 1321 ft: 3783 corp: 394/586Kb lim: 12901 exec/s: 1909 rss: 64Mb L: 2090/12901 MS: 4 ChangeASCIIInt-PersAutoDict-ChangeBinInt-EraseBytes- DE: "cHRM"-
	NEW_FUNC[1/1]: 0x55ef69da3330 in png_chunk_report /src/libpng/pngerror.c:532
#7665	NEW    cov: 1326 ft: 3789 corp: 395/587Kb lim: 12901 exec/s: 1916 rss: 64Mb L: 937/12901 MS: 4 ChangeBinInt-CrossOver-ShuffleBytes-CrossOver-
#7682	NEW    cov: 1327 ft: 3790 corp: 396/593Kb lim: 12901 exec/s: 1920 rss: 64Mb L: 6130/12901 MS: 2 ChangeByte-CMP- DE: "mDCV"-
#7730	REDUCE cov: 1327 ft: 3790 corp: 396/593Kb lim: 12901 exec/s: 1932 rss: 64Mb L: 125/12901 MS: 3 CopyPart-InsertByte-EraseBytes-
#7851	REDUCE cov: 1327 ft: 3790 corp: 396/593Kb lim: 12901 exec/s: 1962 rss: 64Mb L: 200/12901 MS: 1 EraseBytes-
#7897	NEW    cov: 1328 ft: 3791 corp: 397/602Kb lim: 12901 exec/s: 1974 rss: 64Mb L: 8831/12901 MS: 1 PersAutoDict- DE: "\000\000\000\000"-
#8025	NEW    cov: 1329 ft: 3792 corp: 398/602Kb lim: 12901 exec/s: 2006 rss: 64Mb L: 560/12901 MS: 3 ChangeBit-ChangeBinInt-EraseBytes-
#8052	NEW    cov: 1330 ft: 3793 corp: 399/603Kb lim: 12901 exec/s: 2013 rss: 64Mb L: 264/12901 MS: 2 ChangeBinInt-ChangeASCIIInt-
#8152	NEW    cov: 1331 ft: 3794 corp: 400/603Kb lim: 12901 exec/s: 2038 rss: 64Mb L: 208/12901 MS: 5 ShuffleBytes-ChangeBinInt-ChangeASCIIInt-ChangeASCIIInt-PersAutoDict- DE: "cHRM"-
#8181	REDUCE cov: 1331 ft: 3794 corp: 400/603Kb lim: 12901 exec/s: 2045 rss: 64Mb L: 2380/12901 MS: 4 ShuffleBytes-CopyPart-CopyPart-EraseBytes-
#8192	pulse  cov: 1331 ft: 3794 corp: 400/603Kb lim: 12901 exec/s: 2048 rss: 64Mb
#8248	NEW    cov: 1331 ft: 3795 corp: 401/605Kb lim: 12901 exec/s: 2062 rss: 64Mb L: 2042/12901 MS: 2 CMP-CMP- DE: "hIST"-"\021\000"-
#8464	NEW    cov: 1331 ft: 3796 corp: 402/606Kb lim: 12901 exec/s: 2116 rss: 64Mb L: 1315/12901 MS: 1 InsertByte-
#8466	NEW    cov: 1331 ft: 3797 corp: 403/606Kb lim: 12901 exec/s: 2116 rss: 64Mb L: 173/12901 MS: 2 PersAutoDict-InsertByte- DE: "\010\000\000\000\000\000\000\000"-
#8484	REDUCE cov: 1331 ft: 3797 corp: 403/606Kb lim: 12901 exec/s: 2121 rss: 64Mb L: 1204/12901 MS: 3 CMP-CrossOver-EraseBytes- DE: "\377\000\206\240"-
#8590	REDUCE cov: 1331 ft: 3797 corp: 403/606Kb lim: 12901 exec/s: 2147 rss: 65Mb L: 393/12901 MS: 1 EraseBytes-
#8596	REDUCE cov: 1331 ft: 3797 corp: 403/606Kb lim: 12901 exec/s: 2149 rss: 65Mb L: 68/12901 MS: 1 EraseBytes-
#8642	NEW    cov: 1331 ft: 3798 corp: 404/606Kb lim: 12901 exec/s: 2160 rss: 65Mb L: 208/12901 MS: 1 ChangeBinInt-
#8658	NEW    cov: 1331 ft: 3799 corp: 405/606Kb lim: 12901 exec/s: 2164 rss: 65Mb L: 176/12901 MS: 1 CrossOver-
#8702	REDUCE cov: 1331 ft: 3799 corp: 405/606Kb lim: 12901 exec/s: 2175 rss: 65Mb L: 183/12901 MS: 4 InsertRepeatedBytes-InsertRepeatedBytes-ChangeBit-EraseBytes-
#8724	NEW    cov: 1331 ft: 3800 corp: 406/608Kb lim: 12901 exec/s: 2181 rss: 65Mb L: 2353/12901 MS: 2 ChangeBit-ChangeBinInt-
#8740	REDUCE cov: 1331 ft: 3800 corp: 406/608Kb lim: 12901 exec/s: 2185 rss: 65Mb L: 1046/12901 MS: 1 EraseBytes-
#8761	NEW    cov: 1331 ft: 3801 corp: 407/610Kb lim: 12901 exec/s: 2190 rss: 65Mb L: 1624/12901 MS: 1 ChangeASCIIInt-
#8767	NEW    cov: 1331 ft: 3802 corp: 408/610Kb lim: 12901 exec/s: 2191 rss: 65Mb L: 500/12901 MS: 1 InsertByte-
#8780	NEW    cov: 1332 ft: 3803 corp: 409/619Kb lim: 12901 exec/s: 2195 rss: 65Mb L: 9016/12901 MS: 3 CMP-PersAutoDict-ShuffleBytes- DE: "\000\000\000\000\000\000\000\010"-"\010\000\000\000"-
#8816	REDUCE cov: 1332 ft: 3803 corp: 409/619Kb lim: 12901 exec/s: 2204 rss: 65Mb L: 526/12901 MS: 1 EraseBytes-
#8844	REDUCE cov: 1332 ft: 3803 corp: 409/611Kb lim: 12901 exec/s: 2211 rss: 65Mb L: 697/12901 MS: 3 ShuffleBytes-PersAutoDict-CrossOver- DE: "\000\000\000\000\000\000\000\006"-
#8846	NEW    cov: 1332 ft: 3804 corp: 410/612Kb lim: 12901 exec/s: 2211 rss: 65Mb L: 1484/12901 MS: 2 CopyPart-CMP- DE: "mDCV"-
#8938	REDUCE cov: 1332 ft: 3804 corp: 410/612Kb lim: 12901 exec/s: 2234 rss: 65Mb L: 995/12901 MS: 2 ChangeByte-EraseBytes-
#8974	REDUCE cov: 1332 ft: 3804 corp: 410/612Kb lim: 12901 exec/s: 2243 rss: 65Mb L: 410/12901 MS: 1 EraseBytes-
#8975	REDUCE cov: 1332 ft: 3804 corp: 410/612Kb lim: 12901 exec/s: 2243 rss: 65Mb L: 102/12901 MS: 1 EraseBytes-
#9027	REDUCE cov: 1332 ft: 3804 corp: 410/612Kb lim: 12901 exec/s: 2256 rss: 65Mb L: 814/12901 MS: 2 ChangeBit-EraseBytes-
#9168	NEW    cov: 1332 ft: 3807 corp: 411/612Kb lim: 12901 exec/s: 2292 rss: 65Mb L: 201/12901 MS: 1 ChangeASCIIInt-
#9250	REDUCE cov: 1332 ft: 3807 corp: 411/612Kb lim: 12901 exec/s: 2312 rss: 65Mb L: 107/12901 MS: 2 ChangeByte-EraseBytes-
#9304	REDUCE cov: 1332 ft: 3807 corp: 411/612Kb lim: 12901 exec/s: 2326 rss: 65Mb L: 2868/12901 MS: 4 InsertRepeatedBytes-InsertByte-ChangeBit-EraseBytes-
#9411	NEW    cov: 1332 ft: 3808 corp: 412/614Kb lim: 12901 exec/s: 2352 rss: 65Mb L: 2214/12901 MS: 2 CopyPart-InsertByte-
#9442	REDUCE cov: 1332 ft: 3808 corp: 412/614Kb lim: 12901 exec/s: 2360 rss: 65Mb L: 477/12901 MS: 1 EraseBytes-
#9468	NEW    cov: 1332 ft: 3809 corp: 413/616Kb lim: 12901 exec/s: 2367 rss: 65Mb L: 2046/12901 MS: 1 ChangeASCIIInt-
#9495	NEW    cov: 1332 ft: 3812 corp: 414/616Kb lim: 12901 exec/s: 2373 rss: 65Mb L: 822/12901 MS: 2 InsertRepeatedBytes-ChangeBinInt-
#9537	NEW    cov: 1332 ft: 3813 corp: 415/625Kb lim: 12901 exec/s: 2384 rss: 65Mb L: 8831/12901 MS: 2 ChangeASCIIInt-ChangeBinInt-
#9585	NEW    cov: 1332 ft: 3815 corp: 416/626Kb lim: 12901 exec/s: 2396 rss: 65Mb L: 862/12901 MS: 3 CMP-ShuffleBytes-CopyPart- DE: "\000\000\000\000\000\000\000\004"-
#9631	NEW    cov: 1332 ft: 3823 corp: 417/635Kb lim: 12901 exec/s: 2407 rss: 65Mb L: 8835/12901 MS: 1 CMP- DE: "\377\377\004\217"-
#9677	NEW    cov: 1332 ft: 3825 corp: 418/635Kb lim: 12901 exec/s: 1935 rss: 65Mb L: 379/12901 MS: 1 InsertRepeatedBytes-
#9688	REDUCE cov: 1332 ft: 3825 corp: 418/635Kb lim: 12901 exec/s: 1937 rss: 65Mb L: 179/12901 MS: 1 EraseBytes-
#9703	REDUCE cov: 1332 ft: 3825 corp: 418/633Kb lim: 12901 exec/s: 1940 rss: 65Mb L: 7096/12901 MS: 5 InsertByte-InsertRepeatedBytes-ChangeBinInt-ChangeASCIIInt-EraseBytes-
#9752	REDUCE cov: 1332 ft: 3827 corp: 419/636Kb lim: 12901 exec/s: 1950 rss: 65Mb L: 2875/12901 MS: 4 ChangeByte-ChangeBit-ChangeByte-InsertRepeatedBytes-
#9830	REDUCE cov: 1332 ft: 3827 corp: 419/636Kb lim: 12901 exec/s: 1966 rss: 65Mb L: 312/12901 MS: 3 ShuffleBytes-ChangeASCIIInt-EraseBytes-
#9852	NEW    cov: 1332 ft: 3830 corp: 420/638Kb lim: 12901 exec/s: 1970 rss: 65Mb L: 2042/12901 MS: 2 ChangeASCIIInt-CMP- DE: "\003\000\000\000"-
#9866	NEW    cov: 1333 ft: 3831 corp: 421/638Kb lim: 12901 exec/s: 1973 rss: 65Mb L: 308/12901 MS: 4 InsertByte-ChangeByte-PersAutoDict-PersAutoDict- DE: "sBIT"-"iCCP"-
#9927	NEW    cov: 1333 ft: 3832 corp: 422/638Kb lim: 12901 exec/s: 1985 rss: 65Mb L: 130/12901 MS: 1 ChangeBit-
#9987	REDUCE cov: 1333 ft: 3832 corp: 422/638Kb lim: 12901 exec/s: 1997 rss: 65Mb L: 8354/12901 MS: 5 PersAutoDict-InsertByte-PersAutoDict-InsertByte-EraseBytes- DE: "\377\000\206\240"-"hIST"-
#9993	NEW    cov: 1333 ft: 3833 corp: 423/641Kb lim: 12901 exec/s: 1998 rss: 65Mb L: 2839/12901 MS: 1 ChangeBinInt-
#9994	NEW    cov: 1333 ft: 3835 corp: 424/641Kb lim: 12901 exec/s: 1998 rss: 65Mb L: 285/12901 MS: 1 CrossOver-
#10026	REDUCE cov: 1333 ft: 3835 corp: 424/641Kb lim: 12901 exec/s: 2005 rss: 65Mb L: 242/12901 MS: 2 CMP-EraseBytes- DE: "\000\000\000\000"-
#10041	NEW    cov: 1333 ft: 3837 corp: 425/641Kb lim: 12901 exec/s: 2008 rss: 65Mb L: 307/12901 MS: 5 ChangeBit-EraseBytes-PersAutoDict-ChangeByte-InsertRepeatedBytes- DE: "\015\000\000\000\000\000\000\000"-
#10065	NEW    cov: 1334 ft: 3838 corp: 426/644Kb lim: 12901 exec/s: 2013 rss: 65Mb L: 2554/12901 MS: 4 ChangeBit-CopyPart-CrossOver-CrossOver-
#10086	REDUCE cov: 1334 ft: 3838 corp: 426/644Kb lim: 12901 exec/s: 2017 rss: 65Mb L: 172/12901 MS: 1 EraseBytes-
#10126	REDUCE cov: 1334 ft: 3838 corp: 426/644Kb lim: 12901 exec/s: 2025 rss: 65Mb L: 103/12901 MS: 5 ChangeByte-CopyPart-InsertByte-ChangeByte-EraseBytes-
#10139	REDUCE cov: 1334 ft: 3838 corp: 426/643Kb lim: 12901 exec/s: 2027 rss: 65Mb L: 1191/12901 MS: 3 CMP-ShuffleBytes-EraseBytes- DE: "\000\000\000\000\000\000\000\000"-
#10175	REDUCE cov: 1334 ft: 3838 corp: 426/643Kb lim: 12901 exec/s: 2035 rss: 65Mb L: 787/12901 MS: 1 EraseBytes-
#10206	REDUCE cov: 1334 ft: 3838 corp: 426/643Kb lim: 12901 exec/s: 2041 rss: 65Mb L: 109/12901 MS: 1 EraseBytes-
#10234	REDUCE cov: 1334 ft: 3838 corp: 426/642Kb lim: 12901 exec/s: 2046 rss: 65Mb L: 8106/12901 MS: 3 PersAutoDict-CrossOver-EraseBytes- DE: "\377\377\004\217"-
#10310	REDUCE cov: 1334 ft: 3838 corp: 426/642Kb lim: 12901 exec/s: 2062 rss: 65Mb L: 129/12901 MS: 1 EraseBytes-
#10326	NEW    cov: 1334 ft: 3840 corp: 427/642Kb lim: 12901 exec/s: 2065 rss: 65Mb L: 364/12901 MS: 1 CopyPart-
#10372	NEW    cov: 1334 ft: 3841 corp: 428/643Kb lim: 12901 exec/s: 2074 rss: 65Mb L: 176/12901 MS: 1 ChangeBinInt-
#10484	REDUCE cov: 1334 ft: 3841 corp: 428/643Kb lim: 12901 exec/s: 2096 rss: 65Mb L: 239/12901 MS: 2 ChangeASCIIInt-EraseBytes-
#10610	NEW    cov: 1334 ft: 3844 corp: 429/655Kb lim: 12901 exec/s: 2122 rss: 65Mb L: 12901/12901 MS: 1 ChangeByte-
#10792	REDUCE cov: 1334 ft: 3844 corp: 429/655Kb lim: 12901 exec/s: 2158 rss: 65Mb L: 667/12901 MS: 2 ChangeBit-EraseBytes-
#10799	NEW    cov: 1334 ft: 3845 corp: 430/655Kb lim: 12901 exec/s: 2159 rss: 65Mb L: 260/12901 MS: 2 ChangeBit-ChangeByte-
#11080	REDUCE cov: 1334 ft: 3845 corp: 430/655Kb lim: 12901 exec/s: 2216 rss: 65Mb L: 230/12901 MS: 1 EraseBytes-
#11172	REDUCE cov: 1334 ft: 3845 corp: 430/654Kb lim: 12901 exec/s: 2234 rss: 65Mb L: 1633/12901 MS: 2 ChangeASCIIInt-EraseBytes-
#11185	REDUCE cov: 1334 ft: 3845 corp: 430/654Kb lim: 12901 exec/s: 2237 rss: 65Mb L: 292/12901 MS: 3 InsertByte-ChangeBit-EraseBytes-
#11188	NEW    cov: 1334 ft: 3846 corp: 431/656Kb lim: 12901 exec/s: 2237 rss: 65Mb L: 1446/12901 MS: 3 ShuffleBytes-CrossOver-CMP- DE: "\000\000\000\000\000\000\000\010"-
#11199	NEW    cov: 1334 ft: 3847 corp: 432/656Kb lim: 12901 exec/s: 2239 rss: 65Mb L: 258/12901 MS: 1 InsertRepeatedBytes-
#11275	NEW    cov: 1335 ft: 3848 corp: 433/656Kb lim: 12901 exec/s: 2255 rss: 65Mb L: 414/12901 MS: 1 InsertRepeatedBytes-
#11285	NEW    cov: 1336 ft: 3849 corp: 434/657Kb lim: 12901 exec/s: 2257 rss: 65Mb L: 323/12901 MS: 5 CMP-ChangeBinInt-PersAutoDict-CopyPart-EraseBytes- DE: "\031\000\000\000\000\000\000\000"-"\007\000\000\000\000\000\000\000"-
#11288	NEW    cov: 1337 ft: 3853 corp: 435/665Kb lim: 12901 exec/s: 2257 rss: 65Mb L: 8367/12901 MS: 3 EraseBytes-InsertRepeatedBytes-PersAutoDict- DE: "\377\377\377\377\377\377\377\377"-
#11381	NEW    cov: 1339 ft: 3855 corp: 436/665Kb lim: 12901 exec/s: 2276 rss: 65Mb L: 328/12901 MS: 3 CopyPart-InsertByte-PersAutoDict- DE: "\003\000\000\000"-
#11399	REDUCE cov: 1339 ft: 3855 corp: 436/665Kb lim: 12901 exec/s: 2279 rss: 65Mb L: 468/12901 MS: 3 CrossOver-ShuffleBytes-EraseBytes-
#11456	REDUCE cov: 1339 ft: 3855 corp: 436/663Kb lim: 12901 exec/s: 2291 rss: 65Mb L: 11372/12901 MS: 2 CMP-EraseBytes- DE: "Z\000"-
#11473	REDUCE cov: 1339 ft: 3855 corp: 436/663Kb lim: 12901 exec/s: 2294 rss: 65Mb L: 1644/12901 MS: 2 ChangeByte-EraseBytes-
#11486	NEW    cov: 1341 ft: 3857 corp: 437/663Kb lim: 12901 exec/s: 2297 rss: 65Mb L: 153/12901 MS: 3 ShuffleBytes-ChangeByte-ChangeBinInt-
#11494	REDUCE cov: 1341 ft: 3857 corp: 437/663Kb lim: 12901 exec/s: 2298 rss: 65Mb L: 1165/12901 MS: 3 CMP-CrossOver-EraseBytes- DE: "\377\377\377\377\377\377\377\005"-
#11602	REDUCE cov: 1341 ft: 3857 corp: 437/663Kb lim: 12901 exec/s: 2320 rss: 65Mb L: 177/12901 MS: 3 CopyPart-ChangeBit-EraseBytes-
#11612	NEW    cov: 1342 ft: 3858 corp: 438/666Kb lim: 12901 exec/s: 2322 rss: 65Mb L: 3416/12901 MS: 5 ShuffleBytes-CrossOver-ChangeBit-ChangeBit-CopyPart-
#11628	REDUCE cov: 1342 ft: 3858 corp: 438/665Kb lim: 12901 exec/s: 2325 rss: 65Mb L: 5770/12901 MS: 1 EraseBytes-
#11687	NEW    cov: 1342 ft: 3859 corp: 439/667Kb lim: 12901 exec/s: 2337 rss: 65Mb L: 2044/12901 MS: 4 InsertByte-ChangeASCIIInt-ChangeBinInt-PersAutoDict- DE: "\377\005"-
#11751	NEW    cov: 1343 ft: 3860 corp: 440/677Kb lim: 12901 exec/s: 2350 rss: 65Mb L: 9927/12901 MS: 4 ChangeBinInt-ShuffleBytes-ChangeBit-PersAutoDict- DE: "\010\000\000\000"-
#11767	REDUCE cov: 1343 ft: 3860 corp: 440/677Kb lim: 12901 exec/s: 2353 rss: 65Mb L: 480/12901 MS: 1 EraseBytes-
#11855	REDUCE cov: 1343 ft: 3860 corp: 440/677Kb lim: 12901 exec/s: 2371 rss: 65Mb L: 701/12901 MS: 3 ChangeByte-CMP-EraseBytes- DE: "bKGD"-
#11937	REDUCE cov: 1343 ft: 3860 corp: 440/676Kb lim: 12901 exec/s: 2387 rss: 65Mb L: 116/12901 MS: 2 CMP-EraseBytes- DE: "\007\002"-
#11938	NEW    cov: 1343 ft: 3861 corp: 441/677Kb lim: 12901 exec/s: 2387 rss: 65Mb L: 765/12901 MS: 1 InsertRepeatedBytes-
#11948	NEW    cov: 1343 ft: 3862 corp: 442/687Kb lim: 12901 exec/s: 2389 rss: 65Mb L: 9927/12901 MS: 5 ChangeASCIIInt-ChangeASCIIInt-ChangeBinInt-ChangeASCIIInt-ShuffleBytes-
#11975	NEW    cov: 1344 ft: 3863 corp: 443/690Kb lim: 12901 exec/s: 2395 rss: 65Mb L: 3145/12901 MS: 2 InsertByte-CrossOver-
#11982	REDUCE cov: 1344 ft: 3863 corp: 443/690Kb lim: 12901 exec/s: 2396 rss: 65Mb L: 158/12901 MS: 2 ChangeBinInt-EraseBytes-
#12053	NEW    cov: 1344 ft: 3864 corp: 444/690Kb lim: 12901 exec/s: 2410 rss: 65Mb L: 208/12901 MS: 1 ChangeASCIIInt-
#12163	NEW    cov: 1344 ft: 3865 corp: 445/693Kb lim: 12901 exec/s: 2432 rss: 65Mb L: 2882/12901 MS: 5 ChangeBit-ChangeByte-ChangeASCIIInt-CrossOver-ChangeByte-
#12223	REDUCE cov: 1344 ft: 3865 corp: 445/693Kb lim: 12901 exec/s: 2444 rss: 65Mb L: 193/12901 MS: 5 CopyPart-CMP-ChangeByte-CrossOver-EraseBytes- DE: "\001\000\000\000\000\000\000\013"-
#12252	REDUCE cov: 1344 ft: 3865 corp: 445/693Kb lim: 12901 exec/s: 2450 rss: 65Mb L: 1217/12901 MS: 4 CopyPart-ChangeBit-CrossOver-EraseBytes-
#12270	REDUCE cov: 1344 ft: 3865 corp: 445/691Kb lim: 12901 exec/s: 2454 rss: 65Mb L: 9430/12901 MS: 3 ChangeBit-ShuffleBytes-EraseBytes-
#12302	REDUCE cov: 1344 ft: 3865 corp: 445/691Kb lim: 12901 exec/s: 2460 rss: 65Mb L: 391/12901 MS: 2 InsertByte-EraseBytes-
#12332	REDUCE cov: 1344 ft: 3865 corp: 445/690Kb lim: 12901 exec/s: 2466 rss: 65Mb L: 1717/12901 MS: 5 ShuffleBytes-CMP-ShuffleBytes-ChangeASCIIInt-EraseBytes- DE: "\211PNG\015\012\000\000"-
#12391	REDUCE cov: 1344 ft: 3865 corp: 445/690Kb lim: 12901 exec/s: 2478 rss: 65Mb L: 1018/12901 MS: 4 CrossOver-ShuffleBytes-InsertByte-EraseBytes-
#12452	REDUCE cov: 1346 ft: 3868 corp: 446/691Kb lim: 12901 exec/s: 2490 rss: 65Mb L: 858/12901 MS: 1 InsertRepeatedBytes-
#12624	REDUCE cov: 1346 ft: 3868 corp: 446/689Kb lim: 12901 exec/s: 2524 rss: 65Mb L: 5975/12901 MS: 2 ChangeBinInt-EraseBytes-
#12639	REDUCE cov: 1346 ft: 3868 corp: 446/686Kb lim: 12901 exec/s: 2527 rss: 65Mb L: 9936/12901 MS: 5 ChangeBinInt-ShuffleBytes-ChangeBit-CopyPart-EraseBytes-
#12695	REDUCE cov: 1346 ft: 3868 corp: 446/686Kb lim: 12901 exec/s: 2539 rss: 65Mb L: 237/12901 MS: 1 EraseBytes-
#12742	REDUCE cov: 1346 ft: 3868 corp: 446/686Kb lim: 12901 exec/s: 2548 rss: 65Mb L: 283/12901 MS: 2 ChangeASCIIInt-EraseBytes-
#12753	NEW    cov: 1346 ft: 3872 corp: 447/690Kb lim: 12901 exec/s: 2550 rss: 65Mb L: 4168/12901 MS: 1 CMP- DE: "pHYs"-
#12806	NEW    cov: 1346 ft: 3873 corp: 448/690Kb lim: 12901 exec/s: 2561 rss: 65Mb L: 149/12901 MS: 3 ChangeByte-CMP-ShuffleBytes- DE: "\001\000\000\003"-
#12808	REDUCE cov: 1346 ft: 3873 corp: 448/690Kb lim: 12901 exec/s: 2561 rss: 65Mb L: 232/12901 MS: 2 ChangeByte-EraseBytes-
#12850	REDUCE cov: 1346 ft: 3874 corp: 449/697Kb lim: 12901 exec/s: 2570 rss: 65Mb L: 7591/12901 MS: 2 PersAutoDict-EraseBytes- DE: "\000\000\000\000\000\000\000\010"-
#12951	REDUCE cov: 1346 ft: 3874 corp: 449/697Kb lim: 12901 exec/s: 2590 rss: 65Mb L: 1783/12901 MS: 1 EraseBytes-
#12982	NEW    cov: 1350 ft: 3878 corp: 450/699Kb lim: 12901 exec/s: 2596 rss: 65Mb L: 2046/12901 MS: 1 CMP- DE: "eXIf"-
#13038	REDUCE cov: 1350 ft: 3878 corp: 450/699Kb lim: 12901 exec/s: 2607 rss: 65Mb L: 1679/12901 MS: 1 EraseBytes-
#13065	NEW    cov: 1350 ft: 3879 corp: 451/700Kb lim: 12901 exec/s: 2613 rss: 65Mb L: 1098/12901 MS: 2 ChangeASCIIInt-CrossOver-
#13088	NEW    cov: 1350 ft: 3881 corp: 452/700Kb lim: 12901 exec/s: 2617 rss: 65Mb L: 290/12901 MS: 3 ChangeBit-ChangeASCIIInt-ChangeBit-
#13114	REDUCE cov: 1350 ft: 3881 corp: 452/700Kb lim: 12901 exec/s: 2622 rss: 65Mb L: 92/12901 MS: 1 EraseBytes-
#13174	REDUCE cov: 1350 ft: 3881 corp: 452/700Kb lim: 12901 exec/s: 2634 rss: 65Mb L: 247/12901 MS: 5 CopyPart-ChangeBinInt-ShuffleBytes-InsertByte-EraseBytes-
#13186	REDUCE cov: 1350 ft: 3881 corp: 452/699Kb lim: 12901 exec/s: 2637 rss: 65Mb L: 1815/12901 MS: 2 ChangeASCIIInt-EraseBytes-
#13322	REDUCE cov: 1350 ft: 3881 corp: 452/699Kb lim: 12901 exec/s: 2220 rss: 65Mb L: 63/12901 MS: 1 EraseBytes-
#13378	NEW    cov: 1350 ft: 3883 corp: 453/700Kb lim: 12901 exec/s: 2229 rss: 65Mb L: 282/12901 MS: 1 ChangeByte-
#13384	NEW    cov: 1350 ft: 3884 corp: 454/702Kb lim: 12901 exec/s: 2230 rss: 65Mb L: 2041/12901 MS: 1 ChangeBit-
#13440	REDUCE cov: 1350 ft: 3884 corp: 454/700Kb lim: 12901 exec/s: 2240 rss: 65Mb L: 1814/12901 MS: 1 EraseBytes-
#13443	REDUCE cov: 1350 ft: 3884 corp: 454/700Kb lim: 12901 exec/s: 2240 rss: 65Mb L: 75/12901 MS: 3 ChangeBit-CMP-EraseBytes- DE: "iCCP"-
#13452	REDUCE cov: 1350 ft: 3884 corp: 454/700Kb lim: 12901 exec/s: 2242 rss: 65Mb L: 2725/12901 MS: 4 InsertByte-InsertByte-ChangeASCIIInt-EraseBytes-
#13520	REDUCE cov: 1350 ft: 3884 corp: 454/700Kb lim: 12901 exec/s: 2253 rss: 65Mb L: 1086/12901 MS: 3 ChangeByte-ChangeBinInt-EraseBytes-
#13558	REDUCE cov: 1350 ft: 3884 corp: 454/697Kb lim: 12901 exec/s: 2259 rss: 65Mb L: 5430/12901 MS: 3 ChangeBinInt-ChangeBinInt-EraseBytes-
#13599	NEW    cov: 1350 ft: 3885 corp: 455/705Kb lim: 12901 exec/s: 2266 rss: 65Mb L: 8942/12901 MS: 1 InsertRepeatedBytes-
#13602	NEW    cov: 1350 ft: 3886 corp: 456/706Kb lim: 12901 exec/s: 2267 rss: 65Mb L: 213/12901 MS: 3 PersAutoDict-ShuffleBytes-ChangeByte- DE: "eXIf"-
#13603	NEW    cov: 1350 ft: 3888 corp: 457/706Kb lim: 12901 exec/s: 2267 rss: 65Mb L: 504/12901 MS: 1 PersAutoDict- DE: "\377\000\206\240"-
#13621	REDUCE cov: 1350 ft: 3888 corp: 457/706Kb lim: 12901 exec/s: 2270 rss: 65Mb L: 2892/12901 MS: 3 ShuffleBytes-ChangeByte-EraseBytes-
#13622	REDUCE cov: 1351 ft: 3889 corp: 458/706Kb lim: 12901 exec/s: 2270 rss: 65Mb L: 3/12901 MS: 1 CrossOver-
#13629	REDUCE cov: 1351 ft: 3889 corp: 458/706Kb lim: 12901 exec/s: 2271 rss: 65Mb L: 170/12901 MS: 2 ChangeASCIIInt-EraseBytes-
#13746	REDUCE cov: 1351 ft: 3889 corp: 458/706Kb lim: 12901 exec/s: 2291 rss: 65Mb L: 821/12901 MS: 2 InsertByte-EraseBytes-
#13788	NEW    cov: 1352 ft: 3891 corp: 459/706Kb lim: 12901 exec/s: 2298 rss: 65Mb L: 299/12901 MS: 2 ChangeBit-CMP- DE: "pCAL"-
#13791	REDUCE cov: 1352 ft: 3891 corp: 459/706Kb lim: 12901 exec/s: 2298 rss: 65Mb L: 99/12901 MS: 3 InsertByte-PersAutoDict-EraseBytes- DE: "Z\000"-
#13835	REDUCE cov: 1352 ft: 3891 corp: 459/706Kb lim: 12901 exec/s: 2305 rss: 65Mb L: 221/12901 MS: 4 ChangeBinInt-InsertRepeatedBytes-ShuffleBytes-EraseBytes-
#13857	REDUCE cov: 1352 ft: 3891 corp: 459/706Kb lim: 12901 exec/s: 2309 rss: 65Mb L: 437/12901 MS: 2 ChangeBit-EraseBytes-
#13868	NEW    cov: 1352 ft: 3892 corp: 460/706Kb lim: 12901 exec/s: 2311 rss: 65Mb L: 184/12901 MS: 1 ChangeByte-
#13875	NEW    cov: 1352 ft: 3893 corp: 461/707Kb lim: 12901 exec/s: 2312 rss: 65Mb L: 1442/12901 MS: 2 InsertRepeatedBytes-InsertRepeatedBytes-
#13947	REDUCE cov: 1352 ft: 3894 corp: 462/717Kb lim: 12901 exec/s: 2324 rss: 65Mb L: 9944/12901 MS: 2 PersAutoDict-ChangeByte- DE: "\001\000\000\000\000\000\000+"-
#13957	REDUCE cov: 1352 ft: 3894 corp: 462/717Kb lim: 12901 exec/s: 2326 rss: 65Mb L: 1188/12901 MS: 5 CrossOver-ChangeBit-InsertRepeatedBytes-CMP-EraseBytes- DE: "\001\000\000\000\000\000\000\025"-
#14051	REDUCE cov: 1352 ft: 3894 corp: 462/717Kb lim: 12901 exec/s: 2341 rss: 65Mb L: 5651/12901 MS: 4 ChangeByte-ChangeByte-CrossOver-EraseBytes-
#14052	NEW    cov: 1352 ft: 3895 corp: 463/717Kb lim: 12901 exec/s: 2342 rss: 65Mb L: 302/12901 MS: 1 CopyPart-
#14055	REDUCE cov: 1352 ft: 3895 corp: 463/716Kb lim: 12901 exec/s: 2342 rss: 65Mb L: 637/12901 MS: 3 InsertByte-ChangeByte-EraseBytes-
#14059	NEW    cov: 1352 ft: 3897 corp: 464/719Kb lim: 12901 exec/s: 2343 rss: 65Mb L: 2624/12901 MS: 4 ChangeBit-ChangeBit-ChangeASCIIInt-ShuffleBytes-
#14080	REDUCE cov: 1352 ft: 3897 corp: 464/719Kb lim: 12901 exec/s: 2346 rss: 65Mb L: 209/12901 MS: 1 EraseBytes-
#14096	REDUCE cov: 1352 ft: 3897 corp: 464/719Kb lim: 12901 exec/s: 2349 rss: 65Mb L: 343/12901 MS: 1 EraseBytes-
#14118	REDUCE cov: 1352 ft: 3897 corp: 464/719Kb lim: 12901 exec/s: 2353 rss: 65Mb L: 34/12901 MS: 2 ChangeBinInt-EraseBytes-
#14139	NEW    cov: 1353 ft: 3898 corp: 465/719Kb lim: 12901 exec/s: 2356 rss: 65Mb L: 142/12901 MS: 1 ChangeByte-
#14231	NEW    cov: 1353 ft: 3901 corp: 466/719Kb lim: 12901 exec/s: 2371 rss: 65Mb L: 267/12901 MS: 2 ChangeASCIIInt-ChangeBinInt-
#14237	NEW    cov: 1353 ft: 3902 corp: 467/720Kb lim: 12901 exec/s: 2372 rss: 65Mb L: 216/12901 MS: 1 CMP- DE: "\304\000\000\000\000\000\000\000"-
#14419	REDUCE cov: 1353 ft: 3903 corp: 468/723Kb lim: 12901 exec/s: 2403 rss: 65Mb L: 3203/12901 MS: 2 InsertRepeatedBytes-ChangeASCIIInt-
#14495	NEW    cov: 1354 ft: 3904 corp: 469/731Kb lim: 12901 exec/s: 2415 rss: 65Mb L: 8835/12901 MS: 1 CMP- DE: "pCAL"-
#14556	NEW    cov: 1354 ft: 3905 corp: 470/732Kb lim: 12901 exec/s: 2426 rss: 65Mb L: 752/12901 MS: 1 ShuffleBytes-
#14635	REDUCE cov: 1354 ft: 3905 corp: 470/732Kb lim: 12901 exec/s: 2439 rss: 65Mb L: 159/12901 MS: 4 ShuffleBytes-InsertByte-PersAutoDict-EraseBytes- DE: "\006\001\000\000\000\000\000\000"-
#14646	REDUCE cov: 1354 ft: 3905 corp: 470/732Kb lim: 12901 exec/s: 2441 rss: 65Mb L: 135/12901 MS: 1 EraseBytes-
	NEW_FUNC[1/1]: 0x55ef69ddd9d0 in png_handle_hIST /src/libpng/pngrutil.c:2060
#14722	NEW    cov: 1357 ft: 3908 corp: 471/740Kb lim: 12901 exec/s: 2453 rss: 65Mb L: 8831/12901 MS: 1 CMP- DE: "hIST"-
#14739	REDUCE cov: 1357 ft: 3908 corp: 471/740Kb lim: 12901 exec/s: 2456 rss: 65Mb L: 46/12901 MS: 2 ChangeASCIIInt-EraseBytes-
#14797	NEW    cov: 1357 ft: 3909 corp: 472/741Kb lim: 12901 exec/s: 2466 rss: 65Mb L: 508/12901 MS: 3 ChangeASCIIInt-CMP-CrossOver- DE: "iCCP"-
#14878	NEW    cov: 1357 ft: 3910 corp: 473/743Kb lim: 12901 exec/s: 2479 rss: 65Mb L: 1658/12901 MS: 1 ShuffleBytes-
#15008	REDUCE cov: 1357 ft: 3910 corp: 473/740Kb lim: 12901 exec/s: 2501 rss: 65Mb L: 3130/12901 MS: 5 ChangeBinInt-InsertRepeatedBytes-CrossOver-ShuffleBytes-EraseBytes-
#15161	REDUCE cov: 1357 ft: 3910 corp: 473/740Kb lim: 12901 exec/s: 2526 rss: 65Mb L: 286/12901 MS: 3 PersAutoDict-ChangeByte-EraseBytes- DE: "\006\001\000\000\000\000\000\000"-
#15170	REDUCE cov: 1357 ft: 3910 corp: 473/740Kb lim: 12901 exec/s: 2528 rss: 65Mb L: 7559/12901 MS: 4 CopyPart-ChangeBinInt-CopyPart-EraseBytes-
#15232	REDUCE cov: 1357 ft: 3910 corp: 473/739Kb lim: 12901 exec/s: 2538 rss: 65Mb L: 160/12901 MS: 2 ChangeByte-EraseBytes-
#15328	NEW    cov: 1357 ft: 3911 corp: 474/742Kb lim: 12901 exec/s: 2554 rss: 65Mb L: 2624/12901 MS: 1 ChangeBinInt-
#15334	REDUCE cov: 1357 ft: 3911 corp: 474/742Kb lim: 12901 exec/s: 2555 rss: 65Mb L: 86/12901 MS: 1 EraseBytes-
#15385	REDUCE cov: 1357 ft: 3911 corp: 474/742Kb lim: 12901 exec/s: 2564 rss: 65Mb L: 101/12901 MS: 1 EraseBytes-
#15396	NEW    cov: 1358 ft: 3912 corp: 475/742Kb lim: 12901 exec/s: 2566 rss: 65Mb L: 197/12901 MS: 1 ChangeByte-
#15398	REDUCE cov: 1358 ft: 3912 corp: 475/741Kb lim: 12901 exec/s: 2566 rss: 65Mb L: 4964/12901 MS: 2 CopyPart-CrossOver-
#15564	REDUCE cov: 1358 ft: 3913 corp: 476/743Kb lim: 12901 exec/s: 2594 rss: 65Mb L: 2433/12901 MS: 1 ChangeASCIIInt-
#15570	REDUCE cov: 1358 ft: 3913 corp: 476/743Kb lim: 12901 exec/s: 2595 rss: 65Mb L: 183/12901 MS: 1 EraseBytes-
#15609	REDUCE cov: 1358 ft: 3913 corp: 476/743Kb lim: 12901 exec/s: 2601 rss: 65Mb L: 2205/12901 MS: 4 ChangeBinInt-CopyPart-ChangeBinInt-EraseBytes-
#15635	REDUCE cov: 1358 ft: 3913 corp: 476/743Kb lim: 12901 exec/s: 2605 rss: 65Mb L: 75/12901 MS: 1 EraseBytes-
#15699	REDUCE cov: 1358 ft: 3913 corp: 476/742Kb lim: 12901 exec/s: 2616 rss: 65Mb L: 946/12901 MS: 4 ChangeBinInt-PersAutoDict-ChangeByte-EraseBytes- DE: "\000\000\000\000\000\000\000\325"-
#15704	NEW    cov: 1358 ft: 3914 corp: 477/746Kb lim: 12901 exec/s: 2617 rss: 65Mb L: 3886/12901 MS: 5 ChangeByte-InsertRepeatedBytes-PersAutoDict-CopyPart-PersAutoDict- DE: "\377\000\206\240"-"\010\000\000\000"-
#15775	REDUCE cov: 1358 ft: 3914 corp: 477/746Kb lim: 12901 exec/s: 2629 rss: 65Mb L: 149/12901 MS: 1 EraseBytes-
#15871	REDUCE cov: 1358 ft: 3914 corp: 477/746Kb lim: 12901 exec/s: 2645 rss: 65Mb L: 548/12901 MS: 1 EraseBytes-
#15891	REDUCE cov: 1358 ft: 3914 corp: 477/746Kb lim: 12901 exec/s: 2648 rss: 65Mb L: 964/12901 MS: 5 ShuffleBytes-CopyPart-ChangeBit-ShuffleBytes-EraseBytes-
#15916	REDUCE cov: 1358 ft: 3914 corp: 477/746Kb lim: 12901 exec/s: 2652 rss: 65Mb L: 181/12901 MS: 5 PersAutoDict-InsertRepeatedBytes-InsertByte-CMP-EraseBytes- DE: "\377\377\377\377\377\377\000\361"-"\303\000\000\000\000\000\000\000"-
#15943	REDUCE cov: 1358 ft: 3914 corp: 477/746Kb lim: 12901 exec/s: 2657 rss: 65Mb L: 1498/12901 MS: 2 ChangeASCIIInt-EraseBytes-
#15972	REDUCE cov: 1358 ft: 3914 corp: 477/744Kb lim: 12901 exec/s: 2662 rss: 65Mb L: 3742/12901 MS: 4 ChangeBit-InsertRepeatedBytes-InsertRepeatedBytes-EraseBytes-
#16086	REDUCE cov: 1358 ft: 3914 corp: 477/743Kb lim: 12901 exec/s: 2681 rss: 65Mb L: 3219/12901 MS: 4 PersAutoDict-ChangeBit-ChangeByte-EraseBytes- DE: "sPLT"-
#16099	NEW    cov: 1358 ft: 3915 corp: 478/753Kb lim: 12901 exec/s: 2683 rss: 65Mb L: 10207/12901 MS: 3 ChangeBinInt-CrossOver-InsertRepeatedBytes-
#16242	NEW    cov: 1358 ft: 3916 corp: 479/754Kb lim: 12901 exec/s: 2707 rss: 65Mb L: 515/12901 MS: 3 PersAutoDict-EraseBytes-CrossOver- DE: "\000\000\000\000\000\000\000\010"-
#16384	pulse  cov: 1358 ft: 3916 corp: 479/754Kb lim: 12901 exec/s: 2340 rss: 65Mb
#16389	NEW    cov: 1358 ft: 3917 corp: 480/755Kb lim: 12901 exec/s: 2341 rss: 65Mb L: 862/12901 MS: 2 ChangeBinInt-ChangeBit-
#16525	NEW    cov: 1358 ft: 3918 corp: 481/755Kb lim: 12901 exec/s: 2360 rss: 65Mb L: 499/12901 MS: 1 ChangeByte-
#16558	REDUCE cov: 1358 ft: 3918 corp: 481/755Kb lim: 12901 exec/s: 2365 rss: 65Mb L: 727/12901 MS: 3 InsertByte-ChangeBit-EraseBytes-
#16629	NEW    cov: 1358 ft: 3919 corp: 482/755Kb lim: 12901 exec/s: 2375 rss: 65Mb L: 145/12901 MS: 1 ChangeByte-
#16780	NEW    cov: 1358 ft: 3920 corp: 483/757Kb lim: 12901 exec/s: 2397 rss: 65Mb L: 1316/12901 MS: 1 InsertByte-
#16786	REDUCE cov: 1358 ft: 3920 corp: 483/757Kb lim: 12901 exec/s: 2398 rss: 65Mb L: 67/12901 MS: 1 EraseBytes-
#16849	REDUCE cov: 1358 ft: 3920 corp: 483/755Kb lim: 12901 exec/s: 2407 rss: 65Mb L: 7330/12901 MS: 3 PersAutoDict-PersAutoDict-CrossOver- DE: "\000\000\000\000\000\000\000\010"-"sTER"-
#17015	REDUCE cov: 1358 ft: 3920 corp: 483/755Kb lim: 12901 exec/s: 2430 rss: 65Mb L: 168/12901 MS: 1 EraseBytes-
#17101	NEW    cov: 1358 ft: 3922 corp: 484/756Kb lim: 12901 exec/s: 2443 rss: 65Mb L: 766/12901 MS: 1 InsertByte-
#17244	NEW    cov: 1358 ft: 3923 corp: 485/757Kb lim: 12901 exec/s: 2463 rss: 65Mb L: 778/12901 MS: 3 ChangeBinInt-ChangeByte-CMP- DE: "mDCV"-
#17321	REDUCE cov: 1358 ft: 3923 corp: 485/756Kb lim: 12901 exec/s: 2474 rss: 65Mb L: 12190/12901 MS: 2 CopyPart-EraseBytes-
#17331	REDUCE cov: 1358 ft: 3923 corp: 485/755Kb lim: 12901 exec/s: 2475 rss: 65Mb L: 1368/12901 MS: 5 ShuffleBytes-ChangeBit-PersAutoDict-CrossOver-EraseBytes- DE: "\001\000\000\000\000\000\000\000"-
#17442	NEW    cov: 1358 ft: 3924 corp: 486/759Kb lim: 12901 exec/s: 2491 rss: 65Mb L: 4165/12901 MS: 1 PersAutoDict- DE: "\001\000\000\000\000\000\000?"-
#17454	REDUCE cov: 1358 ft: 3924 corp: 486/759Kb lim: 12901 exec/s: 2493 rss: 65Mb L: 453/12901 MS: 2 ChangeByte-EraseBytes-
#17460	REDUCE cov: 1359 ft: 3925 corp: 487/765Kb lim: 12901 exec/s: 2494 rss: 65Mb L: 6150/12901 MS: 1 CopyPart-
#17506	REDUCE cov: 1359 ft: 3925 corp: 487/765Kb lim: 12901 exec/s: 2500 rss: 65Mb L: 8653/12901 MS: 1 EraseBytes-
#17697	REDUCE cov: 1359 ft: 3925 corp: 487/761Kb lim: 12901 exec/s: 2528 rss: 65Mb L: 5124/12901 MS: 1 EraseBytes-
#17802	REDUCE cov: 1359 ft: 3925 corp: 487/761Kb lim: 12901 exec/s: 2543 rss: 65Mb L: 465/12901 MS: 5 ShuffleBytes-ChangeASCIIInt-InsertRepeatedBytes-ChangeBinInt-EraseBytes-
#17920	REDUCE cov: 1359 ft: 3925 corp: 487/761Kb lim: 12901 exec/s: 2560 rss: 65Mb L: 25/12901 MS: 3 ChangeBit-ChangeByte-EraseBytes-
#17934	NEW    cov: 1360 ft: 3926 corp: 488/764Kb lim: 12901 exec/s: 2562 rss: 65Mb L: 2392/12901 MS: 4 ChangeBit-CopyPart-CMP-ShuffleBytes- DE: "iTXt"-
#17943	REDUCE cov: 1360 ft: 3926 corp: 488/763Kb lim: 12901 exec/s: 2563 rss: 65Mb L: 4726/12901 MS: 4 InsertByte-InsertRepeatedBytes-CopyPart-EraseBytes-
#17951	REDUCE cov: 1360 ft: 3926 corp: 488/763Kb lim: 12901 exec/s: 2564 rss: 65Mb L: 1782/12901 MS: 3 EraseBytes-ChangeBit-CopyPart-
#18008	NEW    cov: 1360 ft: 3927 corp: 489/768Kb lim: 12901 exec/s: 2572 rss: 65Mb L: 4557/12901 MS: 2 ShuffleBytes-ChangeBinInt-
#18049	REDUCE cov: 1360 ft: 3928 corp: 490/770Kb lim: 12901 exec/s: 2578 rss: 65Mb L: 2868/12901 MS: 1 ChangeASCIIInt-
#18065	REDUCE cov: 1360 ft: 3928 corp: 490/770Kb lim: 12901 exec/s: 2580 rss: 65Mb L: 221/12901 MS: 1 EraseBytes-
#18090	REDUCE cov: 1360 ft: 3928 corp: 490/770Kb lim: 12901 exec/s: 2584 rss: 65Mb L: 8145/12901 MS: 5 ChangeByte-ChangeASCIIInt-ShuffleBytes-ShuffleBytes-EraseBytes-
#18121	REDUCE cov: 1360 ft: 3928 corp: 490/770Kb lim: 12901 exec/s: 2588 rss: 65Mb L: 432/12901 MS: 1 EraseBytes-
#18257	REDUCE cov: 1360 ft: 3928 corp: 490/768Kb lim: 12901 exec/s: 2608 rss: 65Mb L: 4089/12901 MS: 1 EraseBytes-
#18315	NEW    cov: 1360 ft: 3929 corp: 491/770Kb lim: 12901 exec/s: 2616 rss: 65Mb L: 2628/12901 MS: 3 ChangeASCIIInt-PersAutoDict-PersAutoDict- DE: "\377\377\377\377\000\000\000\000"-"\377\000\206\240"-
#18336	REDUCE cov: 1360 ft: 3929 corp: 491/770Kb lim: 12901 exec/s: 2619 rss: 65Mb L: 162/12901 MS: 1 EraseBytes-
#18343	REDUCE cov: 1360 ft: 3929 corp: 491/770Kb lim: 12901 exec/s: 2620 rss: 65Mb L: 357/12901 MS: 2 ShuffleBytes-EraseBytes-
#18446	REDUCE cov: 1360 ft: 3929 corp: 491/770Kb lim: 12901 exec/s: 2635 rss: 65Mb L: 75/12901 MS: 3 PersAutoDict-ShuffleBytes-EraseBytes- DE: "\001\000\000\000\000\000\000\000"-
#18457	REDUCE cov: 1360 ft: 3929 corp: 491/770Kb lim: 12901 exec/s: 2636 rss: 65Mb L: 841/12901 MS: 1 EraseBytes-
#18511	REDUCE cov: 1360 ft: 3929 corp: 491/770Kb lim: 12901 exec/s: 2644 rss: 65Mb L: 1690/12901 MS: 4 PersAutoDict-EraseBytes-CopyPart-CrossOver- DE: "\377\377\377\377\000\000\000\000"-
#18512	NEW    cov: 1360 ft: 3931 corp: 492/770Kb lim: 12901 exec/s: 2644 rss: 65Mb L: 299/12901 MS: 1 CopyPart-
#18730	NEW    cov: 1361 ft: 3932 corp: 493/770Kb lim: 12901 exec/s: 2675 rss: 65Mb L: 126/12901 MS: 3 ChangeBit-ChangeBinInt-PersAutoDict- DE: "iCCP"-
#18886	REDUCE cov: 1361 ft: 3932 corp: 493/769Kb lim: 12901 exec/s: 2698 rss: 65Mb L: 4308/12901 MS: 1 EraseBytes-
#18897	REDUCE cov: 1361 ft: 3932 corp: 493/768Kb lim: 12901 exec/s: 2699 rss: 65Mb L: 1038/12901 MS: 1 EraseBytes-
#19003	NEW    cov: 1361 ft: 3939 corp: 494/777Kb lim: 12901 exec/s: 2714 rss: 65Mb L: 8946/12901 MS: 1 CMP- DE: "QLTE"-
#19012	NEW    cov: 1362 ft: 3940 corp: 495/778Kb lim: 12901 exec/s: 2716 rss: 65Mb L: 569/12901 MS: 4 CMP-ChangeByte-PersAutoDict-CrossOver- DE: "\025\001\000\000\000\000\000\000"-"\010\000\000\000"-
#19026	REDUCE cov: 1362 ft: 3940 corp: 495/778Kb lim: 12901 exec/s: 2718 rss: 65Mb L: 891/12901 MS: 4 CrossOver-ChangeByte-PersAutoDict-EraseBytes- DE: "bKGD"-
#19060	NEW    cov: 1363 ft: 3941 corp: 496/780Kb lim: 12901 exec/s: 2722 rss: 65Mb L: 2872/12901 MS: 4 ChangeByte-ShuffleBytes-PersAutoDict-ChangeBit- DE: "iCCP"-
#19188	REDUCE cov: 1363 ft: 3941 corp: 496/780Kb lim: 12901 exec/s: 2741 rss: 65Mb L: 736/12901 MS: 3 EraseBytes-PersAutoDict-PersAutoDict- DE: "\377\377\004\217"-"\000\000\000\000\000\000\000\006"-
#19265	REDUCE cov: 1363 ft: 3941 corp: 496/780Kb lim: 12901 exec/s: 2752 rss: 65Mb L: 27/12901 MS: 2 ShuffleBytes-EraseBytes-
#19320	REDUCE cov: 1363 ft: 3941 corp: 496/778Kb lim: 12901 exec/s: 2760 rss: 65Mb L: 4937/12901 MS: 5 InsertByte-PersAutoDict-InsertByte-ChangeByte-EraseBytes- DE: "\010\000\000\000"-
#19337	REDUCE cov: 1363 ft: 3941 corp: 496/778Kb lim: 12901 exec/s: 2762 rss: 65Mb L: 121/12901 MS: 2 PersAutoDict-EraseBytes- DE: "\006\001\000\000\000\000\000\000"-
#19428	REDUCE cov: 1363 ft: 3941 corp: 496/778Kb lim: 12901 exec/s: 2775 rss: 65Mb L: 109/12901 MS: 1 EraseBytes-
#19538	NEW    cov: 1363 ft: 3942 corp: 497/780Kb lim: 12901 exec/s: 2791 rss: 65Mb L: 2276/12901 MS: 5 CMP-ChangeBinInt-PersAutoDict-ChangeByte-CrossOver- DE: "1\001\000\000\000\000\000\000"-"bKGD"-
#19588	REDUCE cov: 1363 ft: 3942 corp: 497/779Kb lim: 12901 exec/s: 2798 rss: 65Mb L: 2772/12901 MS: 5 InsertRepeatedBytes-CopyPart-ChangeASCIIInt-ShuffleBytes-EraseBytes-
#19754	REDUCE cov: 1363 ft: 3942 corp: 497/779Kb lim: 12901 exec/s: 2822 rss: 65Mb L: 170/12901 MS: 1 EraseBytes-
#19770	REDUCE cov: 1363 ft: 3942 corp: 497/779Kb lim: 12901 exec/s: 2824 rss: 65Mb L: 4152/12901 MS: 1 EraseBytes-
#19781	REDUCE cov: 1363 ft: 3942 corp: 497/778Kb lim: 12901 exec/s: 2825 rss: 65Mb L: 551/12901 MS: 1 EraseBytes-
#19841	REDUCE cov: 1363 ft: 3942 corp: 497/778Kb lim: 12901 exec/s: 2834 rss: 65Mb L: 3057/12901 MS: 5 ChangeBinInt-InsertRepeatedBytes-CopyPart-ChangeBinInt-EraseBytes-
#19953	REDUCE cov: 1363 ft: 3942 corp: 497/778Kb lim: 12901 exec/s: 2850 rss: 65Mb L: 25/12901 MS: 2 ShuffleBytes-EraseBytes-
#19955	REDUCE cov: 1363 ft: 3942 corp: 497/778Kb lim: 12901 exec/s: 2850 rss: 65Mb L: 864/12901 MS: 2 PersAutoDict-EraseBytes- DE: "\304\000\000\000\000\000\000\000"-
#19957	NEW    cov: 1363 ft: 3944 corp: 498/778Kb lim: 12901 exec/s: 2851 rss: 65Mb L: 202/12901 MS: 2 ChangeByte-InsertByte-
#20014	REDUCE cov: 1363 ft: 3944 corp: 498/778Kb lim: 12901 exec/s: 2859 rss: 65Mb L: 691/12901 MS: 2 ChangeBinInt-EraseBytes-
#20021	REDUCE cov: 1363 ft: 3944 corp: 498/776Kb lim: 12901 exec/s: 2860 rss: 65Mb L: 10433/12901 MS: 2 ChangeASCIIInt-EraseBytes-
#20024	REDUCE cov: 1363 ft: 3944 corp: 498/772Kb lim: 12901 exec/s: 2860 rss: 65Mb L: 4900/12901 MS: 3 ChangeByte-InsertByte-EraseBytes-
#20025	REDUCE cov: 1363 ft: 3944 corp: 498/772Kb lim: 12901 exec/s: 2860 rss: 65Mb L: 178/12901 MS: 1 CrossOver-
#20131	REDUCE cov: 1363 ft: 3944 corp: 498/772Kb lim: 12901 exec/s: 2875 rss: 65Mb L: 208/12901 MS: 1 EraseBytes-
#20142	REDUCE cov: 1363 ft: 3944 corp: 498/772Kb lim: 12901 exec/s: 2877 rss: 65Mb L: 219/12901 MS: 1 EraseBytes-
#20163	REDUCE cov: 1363 ft: 3944 corp: 498/771Kb lim: 12901 exec/s: 2880 rss: 65Mb L: 2394/12901 MS: 1 EraseBytes-
#20180	REDUCE cov: 1363 ft: 3944 corp: 498/771Kb lim: 12901 exec/s: 2882 rss: 65Mb L: 271/12901 MS: 2 PersAutoDict-EraseBytes- DE: "cHRM"-
#20181	REDUCE cov: 1363 ft: 3944 corp: 498/771Kb lim: 12901 exec/s: 2883 rss: 65Mb L: 80/12901 MS: 1 EraseBytes-
#20209	REDUCE cov: 1363 ft: 3944 corp: 498/770Kb lim: 12901 exec/s: 2887 rss: 65Mb L: 464/12901 MS: 3 ChangeBit-ChangeBinInt-EraseBytes-
#20230	REDUCE cov: 1363 ft: 3944 corp: 498/770Kb lim: 12901 exec/s: 2890 rss: 65Mb L: 152/12901 MS: 1 EraseBytes-
#20231	REDUCE cov: 1363 ft: 3944 corp: 498/770Kb lim: 12901 exec/s: 2890 rss: 65Mb L: 1297/12901 MS: 1 EraseBytes-
#20244	NEW    cov: 1364 ft: 3946 corp: 499/770Kb lim: 12901 exec/s: 2892 rss: 65Mb L: 214/12901 MS: 3 InsertByte-ChangeBit-ChangeBit-
#20290	NEW    cov: 1364 ft: 3947 corp: 500/773Kb lim: 12901 exec/s: 2898 rss: 65Mb L: 2276/12901 MS: 1 ChangeBinInt-
#20296	REDUCE cov: 1364 ft: 3947 corp: 500/771Kb lim: 12901 exec/s: 2899 rss: 65Mb L: 1917/12901 MS: 1 EraseBytes-
#20400	NEW    cov: 1364 ft: 3949 corp: 501/772Kb lim: 12901 exec/s: 2914 rss: 65Mb L: 773/12901 MS: 4 CopyPart-CMP-ChangeBit-ShuffleBytes- DE: "\377\377\377\377\377\377\377\377"-
#20447	NEW    cov: 1364 ft: 3950 corp: 502/781Kb lim: 12901 exec/s: 2555 rss: 65Mb L: 8841/12901 MS: 2 InsertRepeatedBytes-ChangeByte-
#20513	REDUCE cov: 1364 ft: 3950 corp: 502/781Kb lim: 12901 exec/s: 2564 rss: 65Mb L: 545/12901 MS: 1 EraseBytes-
#20581	REDUCE cov: 1364 ft: 3950 corp: 502/780Kb lim: 12901 exec/s: 2572 rss: 65Mb L: 2157/12901 MS: 3 InsertByte-CrossOver-EraseBytes-
#20733	REDUCE cov: 1364 ft: 3950 corp: 502/779Kb lim: 12901 exec/s: 2591 rss: 65Mb L: 523/12901 MS: 2 CrossOver-EraseBytes-
#20751	NEW    cov: 1366 ft: 3956 corp: 503/788Kb lim: 12901 exec/s: 2593 rss: 65Mb L: 8995/12901 MS: 3 ChangeASCIIInt-ShuffleBytes-InsertRepeatedBytes-
#20752	REDUCE cov: 1366 ft: 3956 corp: 503/788Kb lim: 12901 exec/s: 2594 rss: 65Mb L: 217/12901 MS: 1 EraseBytes-
#20833	REDUCE cov: 1366 ft: 3956 corp: 503/788Kb lim: 12901 exec/s: 2604 rss: 65Mb L: 394/12901 MS: 1 EraseBytes-
#20864	NEW    cov: 1366 ft: 3957 corp: 504/788Kb lim: 12901 exec/s: 2608 rss: 65Mb L: 173/12901 MS: 1 ShuffleBytes-
#20910	NEW    cov: 1366 ft: 3960 corp: 505/789Kb lim: 12901 exec/s: 2613 rss: 65Mb L: 810/12901 MS: 1 InsertRepeatedBytes-
#20967	NEW    cov: 1367 ft: 3961 corp: 506/789Kb lim: 12901 exec/s: 2620 rss: 65Mb L: 315/12901 MS: 2 ChangeByte-CMP- DE: "\364\377\377\377"-
#21169	REDUCE cov: 1367 ft: 3961 corp: 506/789Kb lim: 12901 exec/s: 2646 rss: 65Mb L: 647/12901 MS: 2 CrossOver-EraseBytes-
#21226	REDUCE cov: 1367 ft: 3961 corp: 506/789Kb lim: 12901 exec/s: 2653 rss: 65Mb L: 4331/12901 MS: 2 ChangeBinInt-EraseBytes-
#21227	NEW    cov: 1367 ft: 3962 corp: 507/789Kb lim: 12901 exec/s: 2653 rss: 65Mb L: 138/12901 MS: 1 ChangeByte-
#21385	REDUCE cov: 1367 ft: 3962 corp: 507/789Kb lim: 12901 exec/s: 2673 rss: 65Mb L: 1384/12901 MS: 3 CrossOver-ShuffleBytes-EraseBytes-
#21698	REDUCE cov: 1367 ft: 3962 corp: 507/789Kb lim: 12901 exec/s: 2712 rss: 65Mb L: 149/12901 MS: 3 ChangeBinInt-ChangeBinInt-EraseBytes-
#21701	REDUCE cov: 1367 ft: 3962 corp: 507/789Kb lim: 12901 exec/s: 2712 rss: 65Mb L: 148/12901 MS: 3 CrossOver-InsertRepeatedBytes-EraseBytes-
#21776	REDUCE cov: 1367 ft: 3962 corp: 507/788Kb lim: 12901 exec/s: 2722 rss: 65Mb L: 1087/12901 MS: 5 PersAutoDict-CMP-InsertRepeatedBytes-ShuffleBytes-EraseBytes- DE: "\031\000\000\000\000\000\000\000"-"hIST"-
#21824	REDUCE cov: 1367 ft: 3962 corp: 507/788Kb lim: 12901 exec/s: 2728 rss: 65Mb L: 542/12901 MS: 3 InsertRepeatedBytes-CrossOver-EraseBytes-
#21891	REDUCE cov: 1367 ft: 3962 corp: 507/788Kb lim: 12901 exec/s: 2736 rss: 65Mb L: 255/12901 MS: 2 ShuffleBytes-EraseBytes-
#21904	REDUCE cov: 1367 ft: 3962 corp: 507/788Kb lim: 12901 exec/s: 2738 rss: 65Mb L: 2335/12901 MS: 3 ChangeByte-CMP-EraseBytes- DE: "\377\377\377\377\377\377\377\000"-
#22047	REDUCE cov: 1367 ft: 3962 corp: 507/784Kb lim: 12901 exec/s: 2755 rss: 65Mb L: 5307/12901 MS: 3 ChangeByte-PersAutoDict-EraseBytes- DE: "\021\000"-
#22056	REDUCE cov: 1367 ft: 3962 corp: 507/784Kb lim: 12901 exec/s: 2757 rss: 65Mb L: 492/12901 MS: 4 ChangeASCIIInt-InsertRepeatedBytes-InsertByte-EraseBytes-
#22072	REDUCE cov: 1367 ft: 3962 corp: 507/783Kb lim: 12901 exec/s: 2759 rss: 65Mb L: 11401/12901 MS: 1 EraseBytes-
#22088	NEW    cov: 1367 ft: 3963 corp: 508/783Kb lim: 12901 exec/s: 2761 rss: 65Mb L: 237/12901 MS: 1 ChangeBit-
#22226	NEW    cov: 1367 ft: 3964 corp: 509/784Kb lim: 12901 exec/s: 2778 rss: 65Mb L: 250/12901 MS: 3 ChangeBit-InsertRepeatedBytes-ChangeBit-
#22360	REDUCE cov: 1367 ft: 3964 corp: 509/784Kb lim: 12901 exec/s: 2795 rss: 65Mb L: 167/12901 MS: 4 ShuffleBytes-ChangeBinInt-ChangeBinInt-EraseBytes-
#22362	REDUCE cov: 1367 ft: 3964 corp: 509/782Kb lim: 12901 exec/s: 2795 rss: 65Mb L: 2797/12901 MS: 2 ChangeBit-EraseBytes-
#22501	REDUCE cov: 1367 ft: 3964 corp: 509/782Kb lim: 12901 exec/s: 2812 rss: 65Mb L: 1140/12901 MS: 4 ShuffleBytes-CMP-ChangeASCIIInt-EraseBytes- DE: "cLLI"-
#22552	REDUCE cov: 1367 ft: 3964 corp: 509/782Kb lim: 12901 exec/s: 2819 rss: 65Mb L: 3098/12901 MS: 1 EraseBytes-
#22628	REDUCE cov: 1367 ft: 3964 corp: 509/782Kb lim: 12901 exec/s: 2828 rss: 65Mb L: 65/12901 MS: 1 EraseBytes-
#22777	REDUCE cov: 1367 ft: 3964 corp: 509/782Kb lim: 12901 exec/s: 2847 rss: 65Mb L: 346/12901 MS: 4 ChangeBit-CrossOver-CopyPart-EraseBytes-
#22789	NEW    cov: 1367 ft: 3965 corp: 510/783Kb lim: 12901 exec/s: 2848 rss: 65Mb L: 1314/12901 MS: 2 InsertByte-PersAutoDict- DE: "\010\000\000\000"-
#22847	REDUCE cov: 1368 ft: 3966 corp: 511/785Kb lim: 12901 exec/s: 2855 rss: 65Mb L: 2214/12901 MS: 3 PersAutoDict-InsertByte-ChangeByte- DE: "\377\377\377\377\377\377\005\304"-
#23167	NEW    cov: 1370 ft: 3968 corp: 512/786Kb lim: 12901 exec/s: 2895 rss: 65Mb L: 938/12901 MS: 5 ShuffleBytes-InsertByte-InsertRepeatedBytes-ChangeBinInt-ChangeByte-
#23317	REDUCE cov: 1370 ft: 3968 corp: 512/786Kb lim: 12901 exec/s: 2914 rss: 65Mb L: 101/12901 MS: 5 ChangeByte-ShuffleBytes-ChangeBit-CrossOver-EraseBytes-
#23352	REDUCE cov: 1370 ft: 3968 corp: 512/786Kb lim: 12901 exec/s: 2919 rss: 65Mb L: 515/12901 MS: 5 ShuffleBytes-InsertByte-ChangeASCIIInt-ShuffleBytes-EraseBytes-
#23541	REDUCE cov: 1370 ft: 3969 corp: 513/791Kb lim: 12901 exec/s: 2942 rss: 65Mb L: 5435/12901 MS: 4 InsertByte-CopyPart-ChangeBit-PersAutoDict- DE: "?B\017\000"-
#23676	NEW    cov: 1371 ft: 3970 corp: 514/792Kb lim: 12901 exec/s: 2959 rss: 65Mb L: 890/12901 MS: 5 EraseBytes-ChangeASCIIInt-ChangeByte-InsertRepeatedBytes-ChangeByte-
#23729	REDUCE cov: 1371 ft: 3970 corp: 514/792Kb lim: 12901 exec/s: 2966 rss: 65Mb L: 294/12901 MS: 3 ChangeBit-ChangeASCIIInt-EraseBytes-
#23778	REDUCE cov: 1371 ft: 3970 corp: 514/792Kb lim: 12901 exec/s: 2972 rss: 65Mb L: 2866/12901 MS: 4 EraseBytes-ShuffleBytes-ShuffleBytes-InsertRepeatedBytes-
	NEW_FUNC[1/1]: 0x55ef69de3980 in png_inflate_read /src/libpng/pngrutil.c:839
#23928	REDUCE cov: 1380 ft: 3979 corp: 515/792Kb lim: 12901 exec/s: 2991 rss: 65Mb L: 237/12901 MS: 5 ChangeByte-ShuffleBytes-ChangeASCIIInt-ChangeBit-CMP- DE: "\000\000\000P"-
#23939	NEW    cov: 1380 ft: 3981 corp: 516/792Kb lim: 12901 exec/s: 2992 rss: 65Mb L: 176/12901 MS: 1 CopyPart-
#24040	REDUCE cov: 1380 ft: 3981 corp: 516/792Kb lim: 12901 exec/s: 3005 rss: 65Mb L: 36/12901 MS: 1 EraseBytes-
#24077	NEW    cov: 1380 ft: 3982 corp: 517/792Kb lim: 12901 exec/s: 3009 rss: 65Mb L: 176/12901 MS: 2 ChangeBit-CopyPart-
#24183	REDUCE cov: 1380 ft: 3982 corp: 517/792Kb lim: 12901 exec/s: 3022 rss: 65Mb L: 222/12901 MS: 1 EraseBytes-
#24336	REDUCE cov: 1380 ft: 3982 corp: 517/792Kb lim: 12901 exec/s: 3042 rss: 65Mb L: 70/12901 MS: 3 InsertRepeatedBytes-CMP-EraseBytes- DE: "Y\000\000\000"-
#24341	REDUCE cov: 1380 ft: 3982 corp: 517/792Kb lim: 12901 exec/s: 3042 rss: 65Mb L: 2040/12901 MS: 5 ChangeBinInt-InsertRepeatedBytes-InsertByte-CopyPart-EraseBytes-
#24343	NEW    cov: 1380 ft: 3983 corp: 518/792Kb lim: 12901 exec/s: 3042 rss: 65Mb L: 201/12901 MS: 2 ChangeASCIIInt-CrossOver-
#24417	NEW    cov: 1380 ft: 3984 corp: 519/800Kb lim: 12901 exec/s: 3052 rss: 65Mb L: 8302/12901 MS: 4 EraseBytes-ChangeByte-InsertByte-CMP- DE: "sTER"-
#24658	REDUCE cov: 1380 ft: 3984 corp: 519/800Kb lim: 12901 exec/s: 3082 rss: 65Mb L: 302/12901 MS: 1 EraseBytes-
#24660	REDUCE cov: 1380 ft: 3984 corp: 519/800Kb lim: 12901 exec/s: 3082 rss: 65Mb L: 10201/12901 MS: 2 PersAutoDict-EraseBytes- DE: "Y\000\000\000"-
#24667	REDUCE cov: 1380 ft: 3984 corp: 519/800Kb lim: 12901 exec/s: 3083 rss: 65Mb L: 451/12901 MS: 2 ChangeASCIIInt-EraseBytes-
#24679	REDUCE cov: 1380 ft: 3984 corp: 519/800Kb lim: 12901 exec/s: 3084 rss: 65Mb L: 193/12901 MS: 2 ShuffleBytes-EraseBytes-
#24712	REDUCE cov: 1380 ft: 3984 corp: 519/800Kb lim: 12901 exec/s: 3089 rss: 65Mb L: 366/12901 MS: 3 CMP-ChangeBit-EraseBytes- DE: "SADI"-
#24729	REDUCE cov: 1380 ft: 3984 corp: 519/799Kb lim: 12901 exec/s: 3091 rss: 65Mb L: 1829/12901 MS: 2 InsertByte-EraseBytes-
#24801	REDUCE cov: 1381 ft: 3985 corp: 520/800Kb lim: 12901 exec/s: 2755 rss: 65Mb L: 340/12901 MS: 2 ChangeBinInt-CopyPart-
#24943	REDUCE cov: 1381 ft: 3985 corp: 520/799Kb lim: 12901 exec/s: 2771 rss: 65Mb L: 1711/12901 MS: 2 EraseBytes-CrossOver-
#25004	REDUCE cov: 1381 ft: 3985 corp: 520/799Kb lim: 12901 exec/s: 2778 rss: 72Mb L: 2520/12901 MS: 1 EraseBytes-
#25040	REDUCE cov: 1381 ft: 3985 corp: 520/799Kb lim: 12901 exec/s: 2782 rss: 72Mb L: 345/12901 MS: 1 EraseBytes-
#25069	REDUCE cov: 1381 ft: 3985 corp: 520/799Kb lim: 12901 exec/s: 2785 rss: 72Mb L: 316/12901 MS: 4 InsertByte-ChangeBinInt-CrossOver-EraseBytes-
#25072	REDUCE cov: 1381 ft: 3985 corp: 520/799Kb lim: 12901 exec/s: 2785 rss: 72Mb L: 68/12901 MS: 3 CMP-CMP-EraseBytes- DE: "\377\003"-"\377\377\377\377\377\377\377\031"-
#25083	REDUCE cov: 1381 ft: 3985 corp: 520/798Kb lim: 12901 exec/s: 2787 rss: 72Mb L: 7760/12901 MS: 1 EraseBytes-
#25124	NEW    cov: 1381 ft: 3986 corp: 521/803Kb lim: 12901 exec/s: 2791 rss: 72Mb L: 4672/12901 MS: 1 CrossOver-
#25210	REDUCE cov: 1381 ft: 3986 corp: 521/803Kb lim: 12901 exec/s: 2801 rss: 72Mb L: 61/12901 MS: 1 EraseBytes-
#25220	REDUCE cov: 1381 ft: 3986 corp: 521/803Kb lim: 12901 exec/s: 2802 rss: 72Mb L: 1678/12901 MS: 5 ChangeByte-InsertByte-CopyPart-ChangeByte-EraseBytes-
#25301	REDUCE cov: 1381 ft: 3986 corp: 521/803Kb lim: 12901 exec/s: 2811 rss: 72Mb L: 283/12901 MS: 1 EraseBytes-
#25369	REDUCE cov: 1381 ft: 3986 corp: 521/803Kb lim: 12901 exec/s: 2818 rss: 72Mb L: 374/12901 MS: 3 CopyPart-InsertRepeatedBytes-EraseBytes-
#25393	REDUCE cov: 1381 ft: 3986 corp: 521/803Kb lim: 12901 exec/s: 2821 rss: 72Mb L: 789/12901 MS: 4 ChangeBit-ShuffleBytes-ChangeByte-EraseBytes-
#25419	REDUCE cov: 1381 ft: 3986 corp: 521/803Kb lim: 12901 exec/s: 2824 rss: 72Mb L: 246/12901 MS: 1 EraseBytes-
#25465	REDUCE cov: 1381 ft: 3986 corp: 521/803Kb lim: 12901 exec/s: 2829 rss: 72Mb L: 160/12901 MS: 1 EraseBytes-
#25520	REDUCE cov: 1381 ft: 3986 corp: 521/801Kb lim: 12901 exec/s: 2835 rss: 72Mb L: 6824/12901 MS: 5 ChangeByte-ShuffleBytes-ShuffleBytes-ChangeByte-EraseBytes-
#25550	NEW    cov: 1381 ft: 3987 corp: 522/804Kb lim: 12901 exec/s: 2838 rss: 72Mb L: 2805/12901 MS: 5 PersAutoDict-PersAutoDict-ChangeASCIIInt-ChangeByte-CrossOver- DE: "cHRM"-"pHYs"-
#25706	NEW    cov: 1381 ft: 3988 corp: 523/806Kb lim: 12901 exec/s: 2856 rss: 72Mb L: 2045/12901 MS: 1 InsertByte-
#25729	REDUCE cov: 1381 ft: 3988 corp: 523/805Kb lim: 12901 exec/s: 2858 rss: 72Mb L: 957/12901 MS: 3 ShuffleBytes-ShuffleBytes-EraseBytes-
#25783	NEW    cov: 1383 ft: 3993 corp: 524/806Kb lim: 12901 exec/s: 2864 rss: 72Mb L: 590/12901 MS: 4 CopyPart-CopyPart-EraseBytes-CopyPart-
#25860	REDUCE cov: 1383 ft: 3993 corp: 524/806Kb lim: 12901 exec/s: 2873 rss: 72Mb L: 1329/12901 MS: 2 ChangeByte-EraseBytes-
#26031	REDUCE cov: 1383 ft: 3993 corp: 524/806Kb lim: 12901 exec/s: 2892 rss: 72Mb L: 2057/12901 MS: 1 EraseBytes-
#26225	REDUCE cov: 1383 ft: 3993 corp: 524/806Kb lim: 12901 exec/s: 2913 rss: 72Mb L: 144/12901 MS: 4 ChangeBinInt-CopyPart-ShuffleBytes-EraseBytes-
#26282	NEW    cov: 1383 ft: 3995 corp: 525/816Kb lim: 12901 exec/s: 2920 rss: 72Mb L: 10274/12901 MS: 2 InsertRepeatedBytes-CrossOver-
#26298	REDUCE cov: 1383 ft: 3995 corp: 525/816Kb lim: 12901 exec/s: 2922 rss: 72Mb L: 391/12901 MS: 1 EraseBytes-
#26339	REDUCE cov: 1383 ft: 3995 corp: 525/816Kb lim: 12901 exec/s: 2926 rss: 72Mb L: 143/12901 MS: 1 EraseBytes-
#26639	REDUCE cov: 1383 ft: 3995 corp: 525/816Kb lim: 12901 exec/s: 2959 rss: 72Mb L: 1597/12901 MS: 5 ChangeBinInt-ChangeASCIIInt-CMP-CMP-EraseBytes- DE: "@\000\000\000"-"\004\000"-
#26692	REDUCE cov: 1383 ft: 3995 corp: 525/815Kb lim: 12901 exec/s: 2965 rss: 72Mb L: 242/12901 MS: 3 ChangeBit-PersAutoDict-EraseBytes- DE: "\377\377\377\377\377\377\000\361"-
#26708	NEW    cov: 1383 ft: 3997 corp: 526/817Kb lim: 12901 exec/s: 2967 rss: 72Mb L: 1449/12901 MS: 1 InsertByte-
#26725	REDUCE cov: 1383 ft: 3997 corp: 526/817Kb lim: 12901 exec/s: 2969 rss: 72Mb L: 223/12901 MS: 2 PersAutoDict-EraseBytes- DE: "1\001\000\000\000\000\000\000"-
#26736	REDUCE cov: 1383 ft: 3997 corp: 526/817Kb lim: 12901 exec/s: 2970 rss: 72Mb L: 192/12901 MS: 1 EraseBytes-
#26777	NEW    cov: 1384 ft: 3998 corp: 527/817Kb lim: 12901 exec/s: 2975 rss: 72Mb L: 209/12901 MS: 1 ChangeBit-
#26793	REDUCE cov: 1384 ft: 3998 corp: 527/817Kb lim: 12901 exec/s: 2977 rss: 72Mb L: 130/12901 MS: 1 EraseBytes-
#26805	REDUCE cov: 1384 ft: 3998 corp: 527/817Kb lim: 12901 exec/s: 2978 rss: 72Mb L: 127/12901 MS: 2 InsertByte-EraseBytes-
#26996	REDUCE cov: 1384 ft: 3998 corp: 527/817Kb lim: 12901 exec/s: 2999 rss: 72Mb L: 2663/12901 MS: 1 EraseBytes-
#27040	REDUCE cov: 1384 ft: 3998 corp: 527/816Kb lim: 12901 exec/s: 3004 rss: 72Mb L: 4955/12901 MS: 4 CopyPart-ChangeBit-InsertRepeatedBytes-EraseBytes-
#27057	REDUCE cov: 1384 ft: 3999 corp: 528/817Kb lim: 12901 exec/s: 3006 rss: 72Mb L: 181/12901 MS: 2 InsertByte-PersAutoDict- DE: "\031\000\000\000\000\000\000\000"-
#27060	REDUCE cov: 1384 ft: 3999 corp: 528/816Kb lim: 12901 exec/s: 3006 rss: 72Mb L: 333/12901 MS: 3 InsertRepeatedBytes-InsertByte-EraseBytes-
#27246	NEW    cov: 1385 ft: 4001 corp: 529/825Kb lim: 12901 exec/s: 3027 rss: 72Mb L: 8841/12901 MS: 1 PersAutoDict- DE: "\007\000\000\000\000\000\000\000"-
#27318	REDUCE cov: 1385 ft: 4001 corp: 529/825Kb lim: 12901 exec/s: 3035 rss: 72Mb L: 1755/12901 MS: 2 ShuffleBytes-EraseBytes-
#27444	REDUCE cov: 1385 ft: 4001 corp: 529/825Kb lim: 12901 exec/s: 3049 rss: 72Mb L: 4217/12901 MS: 1 EraseBytes-
#27452	REDUCE cov: 1385 ft: 4001 corp: 529/825Kb lim: 12901 exec/s: 3050 rss: 72Mb L: 248/12901 MS: 3 ChangeBit-CopyPart-EraseBytes-
#27488	REDUCE cov: 1388 ft: 4004 corp: 530/825Kb lim: 12901 exec/s: 3054 rss: 72Mb L: 242/12901 MS: 1 PersAutoDict- DE: "\003\000\000\000"-
#27489	REDUCE cov: 1388 ft: 4004 corp: 530/825Kb lim: 12901 exec/s: 3054 rss: 72Mb L: 57/12901 MS: 1 EraseBytes-
#27580	NEW    cov: 1388 ft: 4005 corp: 531/826Kb lim: 12901 exec/s: 3064 rss: 72Mb L: 811/12901 MS: 1 InsertByte-
#27616	REDUCE cov: 1388 ft: 4005 corp: 531/825Kb lim: 12901 exec/s: 3068 rss: 72Mb L: 1769/12901 MS: 1 EraseBytes-
#27742	REDUCE cov: 1388 ft: 4005 corp: 531/825Kb lim: 12901 exec/s: 3082 rss: 72Mb L: 598/12901 MS: 1 EraseBytes-
#27796	REDUCE cov: 1388 ft: 4005 corp: 531/824Kb lim: 12901 exec/s: 3088 rss: 72Mb L: 1810/12901 MS: 4 CMP-ChangeASCIIInt-ChangeBinInt-EraseBytes- DE: "tXTz"-
#28053	REDUCE cov: 1388 ft: 4005 corp: 531/824Kb lim: 12901 exec/s: 3117 rss: 72Mb L: 80/12901 MS: 2 ShuffleBytes-EraseBytes-
#28130	REDUCE cov: 1388 ft: 4005 corp: 531/824Kb lim: 12901 exec/s: 2813 rss: 72Mb L: 308/12901 MS: 2 ChangeByte-EraseBytes-
#28211	REDUCE cov: 1388 ft: 4005 corp: 531/824Kb lim: 12901 exec/s: 2821 rss: 72Mb L: 242/12901 MS: 1 EraseBytes-
#28295	REDUCE cov: 1388 ft: 4005 corp: 531/824Kb lim: 12901 exec/s: 2829 rss: 72Mb L: 1945/12901 MS: 4 InsertRepeatedBytes-CrossOver-CopyPart-EraseBytes-
#28296	REDUCE cov: 1388 ft: 4005 corp: 531/823Kb lim: 12901 exec/s: 2829 rss: 72Mb L: 1815/12901 MS: 1 EraseBytes-
#28396	REDUCE cov: 1388 ft: 4005 corp: 531/823Kb lim: 12901 exec/s: 2839 rss: 72Mb L: 259/12901 MS: 5 ChangeBinInt-CopyPart-ChangeBinInt-InsertByte-EraseBytes-
#28501	REDUCE cov: 1388 ft: 4005 corp: 531/823Kb lim: 12901 exec/s: 2850 rss: 72Mb L: 20/12901 MS: 5 InsertByte-InsertByte-ShuffleBytes-ChangeBit-EraseBytes-
#28600	REDUCE cov: 1388 ft: 4005 corp: 531/823Kb lim: 12901 exec/s: 2860 rss: 72Mb L: 456/12901 MS: 4 ChangeBinInt-CrossOver-ChangeBit-EraseBytes-
#28628	REDUCE cov: 1388 ft: 4005 corp: 531/819Kb lim: 12901 exec/s: 2862 rss: 72Mb L: 5041/12901 MS: 3 ShuffleBytes-InsertRepeatedBytes-EraseBytes-
#28639	REDUCE cov: 1388 ft: 4005 corp: 531/819Kb lim: 12901 exec/s: 2863 rss: 72Mb L: 77/12901 MS: 1 EraseBytes-
#28656	REDUCE cov: 1388 ft: 4005 corp: 531/818Kb lim: 12901 exec/s: 2865 rss: 72Mb L: 9562/12901 MS: 2 ChangeBit-EraseBytes-
#28681	REDUCE cov: 1388 ft: 4005 corp: 531/816Kb lim: 12901 exec/s: 2868 rss: 72Mb L: 2534/12901 MS: 5 ChangeASCIIInt-ShuffleBytes-CMP-ChangeByte-EraseBytes- DE: "\304\000\000\000\000\000\000\000"-
#28707	REDUCE cov: 1388 ft: 4005 corp: 531/816Kb lim: 12901 exec/s: 2870 rss: 72Mb L: 1930/12901 MS: 1 EraseBytes-
#28730	REDUCE cov: 1388 ft: 4005 corp: 531/816Kb lim: 12901 exec/s: 2873 rss: 72Mb L: 102/12901 MS: 3 PersAutoDict-CMP-EraseBytes- DE: "\255\000\000\000"-"mDCV"-
#28881	REDUCE cov: 1388 ft: 4005 corp: 531/816Kb lim: 12901 exec/s: 2888 rss: 72Mb L: 707/12901 MS: 1 EraseBytes-
#28947	REDUCE cov: 1388 ft: 4005 corp: 531/816Kb lim: 12901 exec/s: 2894 rss: 72Mb L: 288/12901 MS: 1 EraseBytes-
#29004	REDUCE cov: 1388 ft: 4005 corp: 531/814Kb lim: 12901 exec/s: 2900 rss: 72Mb L: 5987/12901 MS: 2 InsertByte-EraseBytes-
#29015	REDUCE cov: 1388 ft: 4005 corp: 531/814Kb lim: 12901 exec/s: 2901 rss: 72Mb L: 2342/12901 MS: 1 EraseBytes-
#29114	NEW    cov: 1388 ft: 4007 corp: 532/827Kb lim: 12901 exec/s: 2911 rss: 72Mb L: 12901/12901 MS: 4 ChangeASCIIInt-ChangeBit-ChangeASCIIInt-ChangeBit-
#29116	NEW    cov: 1388 ft: 4008 corp: 533/829Kb lim: 12901 exec/s: 2911 rss: 72Mb L: 1895/12901 MS: 2 ShuffleBytes-InsertRepeatedBytes-
#29142	REDUCE cov: 1388 ft: 4008 corp: 533/828Kb lim: 12901 exec/s: 2914 rss: 72Mb L: 554/12901 MS: 1 EraseBytes-
#29198	NEW    cov: 1388 ft: 4009 corp: 534/831Kb lim: 12901 exec/s: 2919 rss: 72Mb L: 2353/12901 MS: 1 PersAutoDict- DE: "\007\002"-
#29253	REDUCE cov: 1388 ft: 4009 corp: 534/829Kb lim: 12901 exec/s: 2925 rss: 72Mb L: 3677/12901 MS: 5 CrossOver-CopyPart-ChangeBit-EraseBytes-EraseBytes-
#29329	REDUCE cov: 1388 ft: 4009 corp: 534/829Kb lim: 12901 exec/s: 2932 rss: 72Mb L: 182/12901 MS: 1 EraseBytes-
#29340	REDUCE cov: 1388 ft: 4009 corp: 534/829Kb lim: 12901 exec/s: 2934 rss: 72Mb L: 8575/12901 MS: 1 EraseBytes-
#29536	REDUCE cov: 1388 ft: 4009 corp: 534/829Kb lim: 12901 exec/s: 2953 rss: 72Mb L: 57/12901 MS: 1 EraseBytes-
#29592	REDUCE cov: 1389 ft: 4010 corp: 535/829Kb lim: 12901 exec/s: 2959 rss: 72Mb L: 174/12901 MS: 1 EraseBytes-
#29848	NEW    cov: 1389 ft: 4011 corp: 536/830Kb lim: 12901 exec/s: 2984 rss: 72Mb L: 777/12901 MS: 1 ChangeBit-
#29884	REDUCE cov: 1389 ft: 4011 corp: 536/829Kb lim: 12901 exec/s: 2988 rss: 72Mb L: 2538/12901 MS: 1 EraseBytes-
#29897	NEW    cov: 1389 ft: 4016 corp: 537/830Kb lim: 12901 exec/s: 2989 rss: 72Mb L: 744/12901 MS: 3 ChangeASCIIInt-ChangeBinInt-ChangeBit-
#30079	NEW    cov: 1389 ft: 4017 corp: 538/833Kb lim: 12901 exec/s: 3007 rss: 72Mb L: 2629/12901 MS: 2 InsertByte-PersAutoDict- DE: "sBIT"-
#30132	REDUCE cov: 1389 ft: 4017 corp: 538/832Kb lim: 12901 exec/s: 3013 rss: 72Mb L: 655/12901 MS: 3 ShuffleBytes-ShuffleBytes-EraseBytes-
#30288	REDUCE cov: 1389 ft: 4017 corp: 538/832Kb lim: 12901 exec/s: 3028 rss: 72Mb L: 2634/12901 MS: 1 EraseBytes-
#30313	REDUCE cov: 1389 ft: 4019 corp: 539/842Kb lim: 12901 exec/s: 3031 rss: 72Mb L: 10647/12901 MS: 5 EraseBytes-PersAutoDict-EraseBytes-CMP-CopyPart- DE: "\003\000\000\000"-"\001\004"-
#30320	REDUCE cov: 1390 ft: 4022 corp: 540/843Kb lim: 12901 exec/s: 3032 rss: 72Mb L: 505/12901 MS: 2 EraseBytes-CrossOver-
#30392	REDUCE cov: 1390 ft: 4022 corp: 540/843Kb lim: 12901 exec/s: 3039 rss: 72Mb L: 774/12901 MS: 2 ChangeBit-EraseBytes-
#30587	REDUCE cov: 1390 ft: 4022 corp: 540/842Kb lim: 12901 exec/s: 3058 rss: 72Mb L: 749/12901 MS: 5 CopyPart-CrossOver-ChangeBit-ShuffleBytes-EraseBytes-
#30623	REDUCE cov: 1390 ft: 4022 corp: 540/842Kb lim: 12901 exec/s: 3062 rss: 72Mb L: 92/12901 MS: 1 EraseBytes-
#30714	REDUCE cov: 1390 ft: 4022 corp: 540/842Kb lim: 12901 exec/s: 3071 rss: 72Mb L: 1587/12901 MS: 1 EraseBytes-
#30772	REDUCE cov: 1390 ft: 4022 corp: 540/842Kb lim: 12901 exec/s: 3077 rss: 72Mb L: 87/12901 MS: 3 InsertByte-InsertByte-EraseBytes-
#30844	REDUCE cov: 1390 ft: 4022 corp: 540/841Kb lim: 12901 exec/s: 3084 rss: 72Mb L: 4435/12901 MS: 2 CMP-EraseBytes- DE: "sTER"-
#30858	REDUCE cov: 1392 ft: 4024 corp: 541/843Kb lim: 12901 exec/s: 3085 rss: 72Mb L: 2343/12901 MS: 4 ChangeByte-CopyPart-ChangeBit-InsertByte-
#30877	REDUCE cov: 1392 ft: 4024 corp: 541/843Kb lim: 12901 exec/s: 3087 rss: 72Mb L: 1267/12901 MS: 4 ChangeBinInt-InsertByte-ChangeByte-EraseBytes-
#30885	REDUCE cov: 1392 ft: 4024 corp: 541/843Kb lim: 12901 exec/s: 3088 rss: 72Mb L: 81/12901 MS: 3 PersAutoDict-ShuffleBytes-EraseBytes- DE: "\004\000"-
#30904	REDUCE cov: 1392 ft: 4024 corp: 541/843Kb lim: 12901 exec/s: 3090 rss: 72Mb L: 258/12901 MS: 4 ChangeByte-ShuffleBytes-ChangeByte-EraseBytes-
#30916	REDUCE cov: 1392 ft: 4025 corp: 542/843Kb lim: 12901 exec/s: 3091 rss: 72Mb L: 316/12901 MS: 2 ShuffleBytes-PersAutoDict- DE: "\001\000\000\003"-
#30948	REDUCE cov: 1392 ft: 4025 corp: 542/842Kb lim: 12901 exec/s: 3094 rss: 72Mb L: 1607/12901 MS: 2 ChangeByte-EraseBytes-
#30988	REDUCE cov: 1392 ft: 4025 corp: 542/841Kb lim: 12901 exec/s: 3098 rss: 72Mb L: 1069/12901 MS: 5 ChangeASCIIInt-ChangeASCIIInt-PersAutoDict-ChangeBinInt-EraseBytes- DE: "Y\000\000\000"-
#31386	REDUCE cov: 1392 ft: 4025 corp: 542/840Kb lim: 12901 exec/s: 2853 rss: 72Mb L: 2335/12901 MS: 3 ChangeByte-ChangeByte-EraseBytes-
#31494	REDUCE cov: 1392 ft: 4025 corp: 542/839Kb lim: 12901 exec/s: 2863 rss: 72Mb L: 6450/12901 MS: 3 CrossOver-ChangeBit-EraseBytes-
#31612	REDUCE cov: 1392 ft: 4025 corp: 542/839Kb lim: 12901 exec/s: 2873 rss: 72Mb L: 9496/12901 MS: 3 ChangeBinInt-ChangeBit-EraseBytes-
#31684	REDUCE cov: 1392 ft: 4025 corp: 542/839Kb lim: 12901 exec/s: 2880 rss: 72Mb L: 1496/12901 MS: 2 InsertByte-EraseBytes-
#31755	REDUCE cov: 1392 ft: 4025 corp: 542/838Kb lim: 12901 exec/s: 2886 rss: 72Mb L: 809/12901 MS: 1 EraseBytes-
#31851	REDUCE cov: 1392 ft: 4026 corp: 543/839Kb lim: 12901 exec/s: 2895 rss: 72Mb L: 531/12901 MS: 1 EraseBytes-
#31891	REDUCE cov: 1392 ft: 4026 corp: 543/838Kb lim: 12901 exec/s: 2899 rss: 72Mb L: 360/12901 MS: 5 CrossOver-ChangeASCIIInt-CrossOver-ChangeBinInt-EraseBytes-
#31967	REDUCE cov: 1392 ft: 4026 corp: 543/838Kb lim: 12901 exec/s: 2906 rss: 72Mb L: 123/12901 MS: 1 EraseBytes-
#32018	REDUCE cov: 1392 ft: 4026 corp: 543/838Kb lim: 12901 exec/s: 2910 rss: 72Mb L: 468/12901 MS: 1 EraseBytes-
#32196	REDUCE cov: 1392 ft: 4026 corp: 543/838Kb lim: 12901 exec/s: 2926 rss: 72Mb L: 2039/12901 MS: 3 CopyPart-ChangeBinInt-EraseBytes-
#32332	REDUCE cov: 1392 ft: 4026 corp: 543/838Kb lim: 12901 exec/s: 2939 rss: 72Mb L: 313/12901 MS: 1 EraseBytes-
#32370	REDUCE cov: 1392 ft: 4026 corp: 543/837Kb lim: 12901 exec/s: 2942 rss: 72Mb L: 546/12901 MS: 3 InsertRepeatedBytes-InsertByte-EraseBytes-
#32729	REDUCE cov: 1392 ft: 4026 corp: 543/837Kb lim: 12901 exec/s: 2975 rss: 72Mb L: 210/12901 MS: 4 InsertRepeatedBytes-ChangeBit-CopyPart-EraseBytes-
#32768	pulse  cov: 1392 ft: 4026 corp: 543/837Kb lim: 12901 exec/s: 2978 rss: 72Mb
#32768	REDUCE cov: 1392 ft: 4026 corp: 543/837Kb lim: 12901 exec/s: 2978 rss: 72Mb L: 2365/12901 MS: 4 CopyPart-CrossOver-CrossOver-EraseBytes-
#32853	REDUCE cov: 1392 ft: 4027 corp: 544/838Kb lim: 12901 exec/s: 2986 rss: 72Mb L: 321/12901 MS: 5 ChangeASCIIInt-ChangeBit-PersAutoDict-CMP-CMP- DE: "\377\377\377\377\377\377\005\304"-"mDCV"-"\000Z"-
#32971	REDUCE cov: 1392 ft: 4027 corp: 544/837Kb lim: 12901 exec/s: 2997 rss: 72Mb L: 9615/12901 MS: 3 ChangeASCIIInt-CrossOver-EraseBytes-
#32988	REDUCE cov: 1392 ft: 4029 corp: 545/837Kb lim: 12901 exec/s: 2998 rss: 72Mb L: 133/12901 MS: 2 PersAutoDict-EraseBytes- DE: "\001\000\000\000\000\000\000?"-
#33099	REDUCE cov: 1392 ft: 4029 corp: 545/837Kb lim: 12901 exec/s: 3009 rss: 72Mb L: 371/12901 MS: 1 EraseBytes-
#33105	REDUCE cov: 1392 ft: 4029 corp: 545/836Kb lim: 12901 exec/s: 3009 rss: 72Mb L: 7733/12901 MS: 1 EraseBytes-
#33136	REDUCE cov: 1392 ft: 4029 corp: 545/835Kb lim: 12901 exec/s: 3012 rss: 72Mb L: 2111/12901 MS: 1 EraseBytes-
#33268	REDUCE cov: 1392 ft: 4029 corp: 545/835Kb lim: 12901 exec/s: 3024 rss: 72Mb L: 258/12901 MS: 2 ShuffleBytes-EraseBytes-
#33312	REDUCE cov: 1392 ft: 4029 corp: 545/835Kb lim: 12901 exec/s: 3028 rss: 72Mb L: 130/12901 MS: 4 ChangeByte-ChangeByte-ChangeBit-EraseBytes-
#33379	REDUCE cov: 1392 ft: 4029 corp: 545/835Kb lim: 12901 exec/s: 3034 rss: 72Mb L: 150/12901 MS: 2 ShuffleBytes-EraseBytes-
#33515	NEW    cov: 1392 ft: 4030 corp: 546/835Kb lim: 12901 exec/s: 3046 rss: 72Mb L: 239/12901 MS: 1 CopyPart-
#33518	REDUCE cov: 1392 ft: 4030 corp: 546/835Kb lim: 12901 exec/s: 3047 rss: 72Mb L: 1385/12901 MS: 3 ChangeByte-ShuffleBytes-EraseBytes-
#33652	REDUCE cov: 1392 ft: 4030 corp: 546/835Kb lim: 12901 exec/s: 3059 rss: 72Mb L: 251/12901 MS: 4 PersAutoDict-ShuffleBytes-CMP-EraseBytes- DE: "pCAL"-"\001\000\000\000\000\000\000\303"-
#33684	REDUCE cov: 1392 ft: 4030 corp: 546/835Kb lim: 12901 exec/s: 3062 rss: 72Mb L: 2746/12901 MS: 2 PersAutoDict-EraseBytes- DE: "\000\000\000P"-
#33857	REDUCE cov: 1392 ft: 4030 corp: 546/835Kb lim: 12901 exec/s: 3077 rss: 72Mb L: 2/12901 MS: 3 CrossOver-InsertByte-EraseBytes-
#33859	NEW    cov: 1392 ft: 4031 corp: 547/847Kb lim: 12901 exec/s: 3078 rss: 72Mb L: 12901/12901 MS: 2 ChangeBit-ChangeBinInt-
#33881	REDUCE cov: 1392 ft: 4031 corp: 547/847Kb lim: 12901 exec/s: 3080 rss: 73Mb L: 421/12901 MS: 2 InsertRepeatedBytes-EraseBytes-
#33904	REDUCE cov: 1392 ft: 4031 corp: 547/847Kb lim: 12901 exec/s: 3082 rss: 73Mb L: 260/12901 MS: 3 PersAutoDict-ChangeBit-EraseBytes- DE: "SADI"-
#33951	REDUCE cov: 1392 ft: 4031 corp: 547/846Kb lim: 12901 exec/s: 3086 rss: 73Mb L: 1735/12901 MS: 2 InsertByte-EraseBytes-
#34046	REDUCE cov: 1392 ft: 4031 corp: 547/843Kb lim: 12901 exec/s: 3095 rss: 73Mb L: 4166/12901 MS: 5 InsertRepeatedBytes-CrossOver-CopyPart-InsertByte-EraseBytes-
#34117	NEW    cov: 1392 ft: 4032 corp: 548/843Kb lim: 12901 exec/s: 3101 rss: 73Mb L: 591/12901 MS: 1 PersAutoDict- DE: "\000\000\000\000"-
#34171	REDUCE cov: 1392 ft: 4032 corp: 548/843Kb lim: 12901 exec/s: 3106 rss: 73Mb L: 380/12901 MS: 4 ChangeASCIIInt-PersAutoDict-ChangeBit-EraseBytes- DE: "\000Z"-
#34185	REDUCE cov: 1392 ft: 4033 corp: 549/853Kb lim: 12901 exec/s: 3107 rss: 73Mb L: 9720/12901 MS: 4 PersAutoDict-InsertByte-ChangeBit-InsertRepeatedBytes- DE: "\255\000\000\000"-
#34208	REDUCE cov: 1392 ft: 4033 corp: 549/853Kb lim: 12901 exec/s: 3109 rss: 73Mb L: 977/12901 MS: 3 ShuffleBytes-ChangeASCIIInt-EraseBytes-
#34294	NEW    cov: 1392 ft: 4035 corp: 550/853Kb lim: 12901 exec/s: 3117 rss: 73Mb L: 250/12901 MS: 1 ChangeBit-
#34362	REDUCE cov: 1392 ft: 4035 corp: 550/852Kb lim: 12901 exec/s: 3123 rss: 73Mb L: 4212/12901 MS: 3 InsertRepeatedBytes-CopyPart-EraseBytes-
#34467	REDUCE cov: 1392 ft: 4035 corp: 550/852Kb lim: 12901 exec/s: 3133 rss: 73Mb L: 222/12901 MS: 5 InsertRepeatedBytes-ShuffleBytes-InsertRepeatedBytes-ChangeBinInt-EraseBytes-
#34484	REDUCE cov: 1392 ft: 4035 corp: 550/851Kb lim: 12901 exec/s: 3134 rss: 73Mb L: 697/12901 MS: 2 ChangeASCIIInt-EraseBytes-
#34560	REDUCE cov: 1392 ft: 4035 corp: 550/851Kb lim: 12901 exec/s: 3141 rss: 73Mb L: 609/12901 MS: 1 EraseBytes-
#34682	REDUCE cov: 1392 ft: 4035 corp: 550/851Kb lim: 12901 exec/s: 3152 rss: 73Mb L: 239/12901 MS: 2 ChangeASCIIInt-EraseBytes-
#34887	NEW    cov: 1392 ft: 4037 corp: 551/851Kb lim: 12901 exec/s: 3171 rss: 73Mb L: 412/12901 MS: 5 EraseBytes-InsertByte-ChangeBit-ChangeByte-CopyPart-
#34943	REDUCE cov: 1392 ft: 4037 corp: 551/850Kb lim: 12901 exec/s: 2911 rss: 73Mb L: 1762/12901 MS: 1 EraseBytes-
#34979	REDUCE cov: 1392 ft: 4037 corp: 551/850Kb lim: 12901 exec/s: 2914 rss: 73Mb L: 121/12901 MS: 1 EraseBytes-
#35087	REDUCE cov: 1392 ft: 4037 corp: 551/850Kb lim: 12901 exec/s: 2923 rss: 73Mb L: 10188/12901 MS: 3 ChangeBit-ChangeByte-EraseBytes-
#35195	REDUCE cov: 1392 ft: 4037 corp: 551/850Kb lim: 12901 exec/s: 2932 rss: 73Mb L: 230/12901 MS: 3 ChangeBinInt-PersAutoDict-EraseBytes- DE: "@\000\000\000"-
#35316	REDUCE cov: 1392 ft: 4037 corp: 551/850Kb lim: 12901 exec/s: 2943 rss: 73Mb L: 354/12901 MS: 1 EraseBytes-
#35433	REDUCE cov: 1392 ft: 4037 corp: 551/850Kb lim: 12901 exec/s: 2952 rss: 73Mb L: 242/12901 MS: 2 EraseBytes-InsertRepeatedBytes-
#35531	REDUCE cov: 1392 ft: 4037 corp: 551/850Kb lim: 12901 exec/s: 2960 rss: 73Mb L: 79/12901 MS: 3 InsertByte-ShuffleBytes-EraseBytes-
#35549	REDUCE cov: 1392 ft: 4037 corp: 551/850Kb lim: 12901 exec/s: 2962 rss: 73Mb L: 1349/12901 MS: 3 ShuffleBytes-CrossOver-EraseBytes-
#35566	REDUCE cov: 1392 ft: 4037 corp: 551/850Kb lim: 12901 exec/s: 2963 rss: 73Mb L: 290/12901 MS: 2 ShuffleBytes-EraseBytes-
#35686	REDUCE cov: 1392 ft: 4037 corp: 551/850Kb lim: 12901 exec/s: 2973 rss: 73Mb L: 19/12901 MS: 5 ShuffleBytes-ShuffleBytes-ChangeBinInt-PersAutoDict-EraseBytes- DE: "\303\000\000\000\000\000\000\000"-
#35768	REDUCE cov: 1392 ft: 4037 corp: 551/850Kb lim: 12901 exec/s: 2980 rss: 73Mb L: 105/12901 MS: 2 ChangeByte-EraseBytes-
#35785	REDUCE cov: 1392 ft: 4037 corp: 551/850Kb lim: 12901 exec/s: 2982 rss: 73Mb L: 53/12901 MS: 2 ShuffleBytes-EraseBytes-
#35858	REDUCE cov: 1392 ft: 4037 corp: 551/849Kb lim: 12901 exec/s: 2988 rss: 73Mb L: 4019/12901 MS: 3 ChangeByte-CopyPart-EraseBytes-
#35954	REDUCE cov: 1392 ft: 4037 corp: 551/849Kb lim: 12901 exec/s: 2996 rss: 73Mb L: 1077/12901 MS: 1 EraseBytes-
#36145	REDUCE cov: 1392 ft: 4037 corp: 551/848Kb lim: 12901 exec/s: 3012 rss: 73Mb L: 1576/12901 MS: 1 EraseBytes-
#36146	REDUCE cov: 1392 ft: 4037 corp: 551/845Kb lim: 12901 exec/s: 3012 rss: 73Mb L: 1622/12901 MS: 1 CrossOver-
#36272	REDUCE cov: 1392 ft: 4037 corp: 551/844Kb lim: 12901 exec/s: 3022 rss: 73Mb L: 1876/12901 MS: 1 EraseBytes-
#36283	NEW    cov: 1393 ft: 4038 corp: 552/844Kb lim: 12901 exec/s: 3023 rss: 73Mb L: 138/12901 MS: 1 ChangeBit-
#36320	REDUCE cov: 1393 ft: 4038 corp: 552/844Kb lim: 12901 exec/s: 3026 rss: 73Mb L: 221/12901 MS: 2 ChangeBit-EraseBytes-
#36446	REDUCE cov: 1393 ft: 4038 corp: 552/844Kb lim: 12901 exec/s: 3037 rss: 73Mb L: 216/12901 MS: 1 EraseBytes-
#36475	REDUCE cov: 1393 ft: 4038 corp: 552/844Kb lim: 12901 exec/s: 3039 rss: 73Mb L: 212/12901 MS: 4 CMP-ShuffleBytes-ChangeBit-EraseBytes- DE: "\010\000\000\000\000\000\000\000"-
#36480	NEW    cov: 1393 ft: 4039 corp: 553/844Kb lim: 12901 exec/s: 3040 rss: 73Mb L: 194/12901 MS: 5 ChangeASCIIInt-CMP-ChangeBinInt-InsertRepeatedBytes-EraseBytes- DE: "cICP"-
#36519	REDUCE cov: 1393 ft: 4039 corp: 553/844Kb lim: 12901 exec/s: 3043 rss: 73Mb L: 358/12901 MS: 4 PersAutoDict-ShuffleBytes-CrossOver-EraseBytes- DE: "Y\000\000\000"-
#36529	REDUCE cov: 1393 ft: 4039 corp: 553/844Kb lim: 12901 exec/s: 3044 rss: 73Mb L: 8961/12901 MS: 5 ChangeASCIIInt-ChangeByte-InsertRepeatedBytes-ShuffleBytes-EraseBytes-
#36585	REDUCE cov: 1393 ft: 4040 corp: 554/848Kb lim: 12901 exec/s: 3048 rss: 73Mb L: 4331/12901 MS: 1 ChangeASCIIInt-
#36591	REDUCE cov: 1393 ft: 4040 corp: 554/848Kb lim: 12901 exec/s: 3049 rss: 73Mb L: 268/12901 MS: 1 EraseBytes-
#36652	REDUCE cov: 1393 ft: 4040 corp: 554/848Kb lim: 12901 exec/s: 3054 rss: 73Mb L: 8675/12901 MS: 1 EraseBytes-
#36729	REDUCE cov: 1393 ft: 4040 corp: 554/848Kb lim: 12901 exec/s: 3060 rss: 73Mb L: 291/12901 MS: 2 ChangeBinInt-EraseBytes-
#36796	REDUCE cov: 1393 ft: 4040 corp: 554/848Kb lim: 12901 exec/s: 3066 rss: 73Mb L: 210/12901 MS: 2 CopyPart-EraseBytes-
#36903	REDUCE cov: 1393 ft: 4040 corp: 554/848Kb lim: 12901 exec/s: 3075 rss: 73Mb L: 2513/12901 MS: 2 CopyPart-EraseBytes-
#37126	REDUCE cov: 1393 ft: 4040 corp: 554/848Kb lim: 12901 exec/s: 3093 rss: 73Mb L: 149/12901 MS: 3 ChangeBinInt-ChangeBinInt-EraseBytes-
#37286	REDUCE cov: 1393 ft: 4040 corp: 554/848Kb lim: 12901 exec/s: 3107 rss: 73Mb L: 284/12901 MS: 5 PersAutoDict-ChangeASCIIInt-PersAutoDict-InsertRepeatedBytes-EraseBytes- DE: "\000\000\000\000\000\000\000\006"-"\377\377\377\377\377\377\377\031"-
#37522	REDUCE cov: 1393 ft: 4040 corp: 554/848Kb lim: 12901 exec/s: 3126 rss: 73Mb L: 137/12901 MS: 1 EraseBytes-
#37730	REDUCE cov: 1393 ft: 4040 corp: 554/848Kb lim: 12901 exec/s: 3144 rss: 73Mb L: 1800/12901 MS: 3 ChangeBit-InsertRepeatedBytes-EraseBytes-
#37839	REDUCE cov: 1393 ft: 4040 corp: 554/847Kb lim: 12901 exec/s: 3153 rss: 73Mb L: 117/12901 MS: 4 CopyPart-ChangeByte-CopyPart-EraseBytes-
#37850	REDUCE cov: 1394 ft: 4041 corp: 555/848Kb lim: 12901 exec/s: 3154 rss: 73Mb L: 786/12901 MS: 1 InsertRepeatedBytes-
#37851	REDUCE cov: 1394 ft: 4041 corp: 555/848Kb lim: 12901 exec/s: 3154 rss: 73Mb L: 3765/12901 MS: 1 EraseBytes-
#38122	REDUCE cov: 1394 ft: 4042 corp: 556/857Kb lim: 12901 exec/s: 3176 rss: 73Mb L: 9615/12901 MS: 1 CopyPart-
#38166	REDUCE cov: 1396 ft: 4045 corp: 557/858Kb lim: 12901 exec/s: 3180 rss: 73Mb L: 524/12901 MS: 4 CMP-ChangeByte-ShuffleBytes-InsertByte- DE: "t\000\000\000"-
#38232	REDUCE cov: 1396 ft: 4045 corp: 557/858Kb lim: 12901 exec/s: 3186 rss: 73Mb L: 126/12901 MS: 1 EraseBytes-
#38270	REDUCE cov: 1396 ft: 4045 corp: 557/857Kb lim: 12901 exec/s: 3189 rss: 73Mb L: 432/12901 MS: 3 CopyPart-ShuffleBytes-EraseBytes-
#38320	NEW    cov: 1396 ft: 4046 corp: 558/858Kb lim: 12901 exec/s: 3193 rss: 73Mb L: 245/12901 MS: 5 CMP-ChangeByte-CMP-ChangeByte-PersAutoDict- DE: "[\000\000\000"-"hIST"-"\007\002"-
#38341	NEW    cov: 1396 ft: 4047 corp: 559/858Kb lim: 12901 exec/s: 2949 rss: 73Mb L: 264/12901 MS: 1 ChangeBit-
#38577	REDUCE cov: 1396 ft: 4047 corp: 559/858Kb lim: 12901 exec/s: 2967 rss: 73Mb L: 109/12901 MS: 1 EraseBytes-
#38760	REDUCE cov: 1396 ft: 4047 corp: 559/858Kb lim: 12901 exec/s: 2981 rss: 73Mb L: 171/12901 MS: 3 InsertByte-ChangeBinInt-EraseBytes-
#38821	REDUCE cov: 1396 ft: 4047 corp: 559/858Kb lim: 12901 exec/s: 2986 rss: 73Mb L: 179/12901 MS: 1 EraseBytes-
#38912	REDUCE cov: 1396 ft: 4047 corp: 559/858Kb lim: 12901 exec/s: 2993 rss: 73Mb L: 172/12901 MS: 1 EraseBytes-
#38918	REDUCE cov: 1396 ft: 4047 corp: 559/858Kb lim: 12901 exec/s: 2993 rss: 73Mb L: 422/12901 MS: 1 EraseBytes-
#38967	REDUCE cov: 1396 ft: 4047 corp: 559/856Kb lim: 12901 exec/s: 2997 rss: 73Mb L: 2729/12901 MS: 4 ChangeASCIIInt-ChangeASCIIInt-InsertByte-EraseBytes-
#38990	REDUCE cov: 1396 ft: 4047 corp: 559/856Kb lim: 12901 exec/s: 2999 rss: 73Mb L: 80/12901 MS: 3 CrossOver-CopyPart-EraseBytes-
#39250	REDUCE cov: 1396 ft: 4047 corp: 559/856Kb lim: 12901 exec/s: 3019 rss: 73Mb L: 1781/12901 MS: 5 InsertByte-InsertRepeatedBytes-ChangeBinInt-ChangeByte-EraseBytes-
#39287	REDUCE cov: 1396 ft: 4047 corp: 559/856Kb lim: 12901 exec/s: 3022 rss: 73Mb L: 170/12901 MS: 2 ShuffleBytes-EraseBytes-
#39323	REDUCE cov: 1396 ft: 4047 corp: 559/856Kb lim: 12901 exec/s: 3024 rss: 73Mb L: 965/12901 MS: 1 EraseBytes-
#39369	REDUCE cov: 1396 ft: 4047 corp: 559/855Kb lim: 12901 exec/s: 3028 rss: 73Mb L: 213/12901 MS: 1 EraseBytes-
#39492	REDUCE cov: 1396 ft: 4047 corp: 559/855Kb lim: 12901 exec/s: 3037 rss: 73Mb L: 140/12901 MS: 3 ChangeASCIIInt-ChangeByte-EraseBytes-
#39928	REDUCE cov: 1396 ft: 4047 corp: 559/855Kb lim: 12901 exec/s: 3071 rss: 73Mb L: 235/12901 MS: 1 EraseBytes-
#39929	REDUCE cov: 1396 ft: 4047 corp: 559/855Kb lim: 12901 exec/s: 3071 rss: 73Mb L: 205/12901 MS: 1 EraseBytes-
#39953	REDUCE cov: 1396 ft: 4047 corp: 559/855Kb lim: 12901 exec/s: 3073 rss: 73Mb L: 215/12901 MS: 4 ShuffleBytes-InsertByte-ChangeBinInt-EraseBytes-
#40122	REDUCE cov: 1396 ft: 4047 corp: 559/855Kb lim: 12901 exec/s: 3086 rss: 73Mb L: 1307/12901 MS: 4 InsertRepeatedBytes-ChangeByte-InsertRepeatedBytes-EraseBytes-
#40292	REDUCE cov: 1396 ft: 4047 corp: 559/854Kb lim: 12901 exec/s: 3099 rss: 73Mb L: 3593/12901 MS: 5 PersAutoDict-ChangeBinInt-CrossOver-ChangeASCIIInt-EraseBytes- DE: "\015\000\000\000\000\000\000\000"-
#40399	REDUCE cov: 1396 ft: 4047 corp: 559/854Kb lim: 12901 exec/s: 3107 rss: 73Mb L: 234/12901 MS: 2 ChangeBinInt-EraseBytes-
#40493	REDUCE cov: 1396 ft: 4047 corp: 559/854Kb lim: 12901 exec/s: 3114 rss: 73Mb L: 725/12901 MS: 4 InsertRepeatedBytes-InsertRepeatedBytes-InsertRepeatedBytes-EraseBytes-
#40590	REDUCE cov: 1396 ft: 4047 corp: 559/854Kb lim: 12901 exec/s: 3122 rss: 73Mb L: 1434/12901 MS: 2 InsertRepeatedBytes-EraseBytes-
#40816	REDUCE cov: 1396 ft: 4047 corp: 559/854Kb lim: 12901 exec/s: 3139 rss: 73Mb L: 41/12901 MS: 1 EraseBytes-
#41021	REDUCE cov: 1396 ft: 4047 corp: 559/854Kb lim: 12901 exec/s: 3155 rss: 73Mb L: 1533/12901 MS: 5 CopyPart-ChangeASCIIInt-PersAutoDict-ChangeASCIIInt-EraseBytes- DE: "\000\000\000P"-
#41197	REDUCE cov: 1396 ft: 4047 corp: 559/852Kb lim: 12901 exec/s: 3169 rss: 73Mb L: 4383/12901 MS: 1 EraseBytes-
#41365	REDUCE cov: 1396 ft: 4047 corp: 559/851Kb lim: 12901 exec/s: 3181 rss: 73Mb L: 1816/12901 MS: 3 InsertRepeatedBytes-ChangeBit-EraseBytes-
#41411	REDUCE cov: 1396 ft: 4047 corp: 559/851Kb lim: 12901 exec/s: 3185 rss: 73Mb L: 99/12901 MS: 1 EraseBytes-
#41587	REDUCE cov: 1396 ft: 4047 corp: 559/851Kb lim: 12901 exec/s: 2970 rss: 73Mb L: 3373/12901 MS: 1 EraseBytes-
#41589	REDUCE cov: 1396 ft: 4047 corp: 559/850Kb lim: 12901 exec/s: 2970 rss: 73Mb L: 1615/12901 MS: 2 ShuffleBytes-EraseBytes-
#41788	REDUCE cov: 1396 ft: 4047 corp: 559/850Kb lim: 12901 exec/s: 2984 rss: 73Mb L: 2740/12901 MS: 4 InsertRepeatedBytes-ChangeASCIIInt-ChangeByte-EraseBytes-
#41994	REDUCE cov: 1396 ft: 4047 corp: 559/850Kb lim: 12901 exec/s: 2999 rss: 73Mb L: 201/12901 MS: 1 EraseBytes-
#42170	NEW    cov: 1397 ft: 4048 corp: 560/850Kb lim: 12901 exec/s: 3012 rss: 73Mb L: 201/12901 MS: 1 ChangeBit-
#42196	REDUCE cov: 1397 ft: 4048 corp: 560/849Kb lim: 12901 exec/s: 3014 rss: 73Mb L: 1743/12901 MS: 1 EraseBytes-
#42208	REDUCE cov: 1397 ft: 4048 corp: 560/849Kb lim: 12901 exec/s: 3014 rss: 73Mb L: 678/12901 MS: 2 ShuffleBytes-EraseBytes-
#42272	REDUCE cov: 1397 ft: 4050 corp: 561/851Kb lim: 12901 exec/s: 3019 rss: 73Mb L: 1826/12901 MS: 4 InsertRepeatedBytes-ChangeBit-ShuffleBytes-CopyPart-
#42288	REDUCE cov: 1397 ft: 4050 corp: 561/850Kb lim: 12901 exec/s: 3020 rss: 73Mb L: 595/12901 MS: 1 EraseBytes-
#42335	NEW    cov: 1397 ft: 4051 corp: 562/853Kb lim: 12901 exec/s: 3023 rss: 73Mb L: 2624/12901 MS: 2 ChangeBinInt-ChangeBinInt-
#42751	REDUCE cov: 1397 ft: 4051 corp: 562/853Kb lim: 12901 exec/s: 3053 rss: 73Mb L: 2715/12901 MS: 1 EraseBytes-
#42873	REDUCE cov: 1397 ft: 4052 corp: 563/854Kb lim: 12901 exec/s: 3062 rss: 73Mb L: 950/12901 MS: 2 PersAutoDict-CopyPart- DE: "bKGD"-
#42953	REDUCE cov: 1397 ft: 4052 corp: 563/853Kb lim: 12901 exec/s: 3068 rss: 73Mb L: 1498/12901 MS: 5 InsertByte-CopyPart-ChangeBit-ChangeBit-EraseBytes-
#42994	NEW    cov: 1398 ft: 4058 corp: 564/866Kb lim: 12901 exec/s: 3071 rss: 73Mb L: 12901/12901 MS: 1 PersAutoDict- DE: "eXIf"-
#43145	REDUCE cov: 1398 ft: 4058 corp: 564/866Kb lim: 12901 exec/s: 3081 rss: 73Mb L: 245/12901 MS: 1 EraseBytes-
#43237	NEW    cov: 1398 ft: 4059 corp: 565/875Kb lim: 12901 exec/s: 3088 rss: 73Mb L: 8831/12901 MS: 2 ChangeBit-ChangeByte-
#43290	REDUCE cov: 1398 ft: 4059 corp: 565/874Kb lim: 12901 exec/s: 3092 rss: 73Mb L: 3932/12901 MS: 3 ChangeByte-ChangeBinInt-EraseBytes-
#43296	REDUCE cov: 1398 ft: 4059 corp: 565/874Kb lim: 12901 exec/s: 3092 rss: 73Mb L: 87/12901 MS: 1 EraseBytes-
#43464	REDUCE cov: 1398 ft: 4059 corp: 565/873Kb lim: 12901 exec/s: 3104 rss: 73Mb L: 1588/12901 MS: 3 ShuffleBytes-InsertByte-EraseBytes-
#43507	REDUCE cov: 1398 ft: 4059 corp: 565/873Kb lim: 12901 exec/s: 3107 rss: 73Mb L: 12679/12901 MS: 3 ShuffleBytes-ChangeByte-EraseBytes-
#43580	REDUCE cov: 1398 ft: 4059 corp: 565/873Kb lim: 12901 exec/s: 3112 rss: 73Mb L: 1499/12901 MS: 3 ShuffleBytes-CMP-EraseBytes- DE: "\211PNG\015\012\346\365"-
#43589	REDUCE cov: 1398 ft: 4059 corp: 565/872Kb lim: 12901 exec/s: 3113 rss: 73Mb L: 1014/12901 MS: 4 ChangeBit-ChangeByte-InsertByte-EraseBytes-
#43600	REDUCE cov: 1398 ft: 4059 corp: 565/871Kb lim: 12901 exec/s: 3114 rss: 73Mb L: 525/12901 MS: 1 EraseBytes-
#43868	REDUCE cov: 1398 ft: 4059 corp: 565/871Kb lim: 12901 exec/s: 3133 rss: 73Mb L: 16/12901 MS: 3 ChangeBit-CopyPart-EraseBytes-
#43968	REDUCE cov: 1400 ft: 4065 corp: 566/879Kb lim: 12901 exec/s: 3140 rss: 73Mb L: 7760/12901 MS: 5 ChangeByte-ChangeBinInt-ShuffleBytes-CopyPart-ShuffleBytes-
#44014	REDUCE cov: 1400 ft: 4065 corp: 566/879Kb lim: 12901 exec/s: 3143 rss: 73Mb L: 1657/12901 MS: 1 EraseBytes-
#44174	REDUCE cov: 1400 ft: 4065 corp: 566/879Kb lim: 12901 exec/s: 3155 rss: 73Mb L: 299/12901 MS: 5 ShuffleBytes-ChangeASCIIInt-CrossOver-ShuffleBytes-EraseBytes-
#44352	REDUCE cov: 1400 ft: 4065 corp: 566/878Kb lim: 12901 exec/s: 3168 rss: 73Mb L: 1649/12901 MS: 3 ChangeASCIIInt-CMP-EraseBytes- DE: "rYHp"-
#44480	REDUCE cov: 1400 ft: 4065 corp: 566/876Kb lim: 12901 exec/s: 3177 rss: 73Mb L: 2949/12901 MS: 3 ChangeBinInt-ShuffleBytes-CrossOver-
#44516	REDUCE cov: 1400 ft: 4065 corp: 566/876Kb lim: 12901 exec/s: 3179 rss: 73Mb L: 115/12901 MS: 1 EraseBytes-
#44583	REDUCE cov: 1400 ft: 4065 corp: 566/876Kb lim: 12901 exec/s: 3184 rss: 73Mb L: 2261/12901 MS: 2 CopyPart-EraseBytes-
#44725	NEW    cov: 1400 ft: 4067 corp: 567/885Kb lim: 12901 exec/s: 3194 rss: 73Mb L: 8831/12901 MS: 2 ChangeBinInt-ChangeByte-
#44730	REDUCE cov: 1400 ft: 4067 corp: 567/885Kb lim: 12901 exec/s: 3195 rss: 73Mb L: 2217/12901 MS: 5 InsertRepeatedBytes-ChangeASCIIInt-ChangeByte-ChangeBit-EraseBytes-
#44816	REDUCE cov: 1400 ft: 4067 corp: 567/884Kb lim: 12901 exec/s: 3201 rss: 73Mb L: 4913/12901 MS: 1 CrossOver-
#44817	REDUCE cov: 1400 ft: 4067 corp: 567/884Kb lim: 12901 exec/s: 3201 rss: 73Mb L: 138/12901 MS: 1 EraseBytes-
#44970	REDUCE cov: 1400 ft: 4067 corp: 567/880Kb lim: 12901 exec/s: 3212 rss: 73Mb L: 2915/12901 MS: 3 ChangeBit-PersAutoDict-CrossOver- DE: "\211PNG\015\012\346\365"-
#44985	NEW    cov: 1400 ft: 4068 corp: 568/881Kb lim: 12901 exec/s: 3213 rss: 73Mb L: 1501/12901 MS: 5 InsertRepeatedBytes-ChangeBinInt-CopyPart-EraseBytes-ChangeByte-
#45034	REDUCE cov: 1400 ft: 4068 corp: 568/881Kb lim: 12901 exec/s: 3216 rss: 73Mb L: 68/12901 MS: 4 ChangeBit-ChangeBit-ShuffleBytes-EraseBytes-
#45182	REDUCE cov: 1400 ft: 4068 corp: 568/881Kb lim: 12901 exec/s: 3227 rss: 73Mb L: 1426/12901 MS: 3 PersAutoDict-PersAutoDict-EraseBytes- DE: "\001\000\000\000\000\000\000\000"-"\211PNG\015\012\000\000"-
#45218	REDUCE cov: 1400 ft: 4068 corp: 568/880Kb lim: 12901 exec/s: 3229 rss: 73Mb L: 905/12901 MS: 1 EraseBytes-
#45241	REDUCE cov: 1400 ft: 4068 corp: 568/880Kb lim: 12901 exec/s: 3231 rss: 73Mb L: 166/12901 MS: 3 ChangeBinInt-ChangeBinInt-EraseBytes-
#45298	REDUCE cov: 1400 ft: 4068 corp: 568/880Kb lim: 12901 exec/s: 3235 rss: 73Mb L: 123/12901 MS: 2 InsertRepeatedBytes-EraseBytes-
#45338	REDUCE cov: 1400 ft: 4069 corp: 569/882Kb lim: 12901 exec/s: 3238 rss: 73Mb L: 1589/12901 MS: 5 ChangeBinInt-InsertByte-ChangeByte-CMP-ChangeByte- DE: "cLLI"-
#45468	REDUCE cov: 1400 ft: 4069 corp: 569/882Kb lim: 12901 exec/s: 3247 rss: 73Mb L: 240/12901 MS: 5 PersAutoDict-ChangeBinInt-CMP-ChangeByte-EraseBytes- DE: "\000\000\000\000\000\000\000\000"-"\377\377\377\377\377\377\377\302"-
#45514	REDUCE cov: 1400 ft: 4069 corp: 569/882Kb lim: 12901 exec/s: 3251 rss: 73Mb L: 256/12901 MS: 1 EraseBytes-
#45617	REDUCE cov: 1400 ft: 4069 corp: 569/881Kb lim: 12901 exec/s: 3041 rss: 73Mb L: 1568/12901 MS: 3 ShuffleBytes-CopyPart-EraseBytes-
#45628	NEW    cov: 1400 ft: 4070 corp: 570/881Kb lim: 12901 exec/s: 3041 rss: 73Mb L: 145/12901 MS: 1 PersAutoDict- DE: "\010\000\000\000"-
#45654	REDUCE cov: 1400 ft: 4070 corp: 570/880Kb lim: 12901 exec/s: 3043 rss: 73Mb L: 1441/12901 MS: 1 EraseBytes-
#45665	REDUCE cov: 1400 ft: 4070 corp: 570/880Kb lim: 12901 exec/s: 3044 rss: 73Mb L: 366/12901 MS: 1 EraseBytes-
#45812	NEW    cov: 1400 ft: 4075 corp: 571/881Kb lim: 12901 exec/s: 3054 rss: 73Mb L: 590/12901 MS: 2 ChangeByte-ShuffleBytes-
#45906	NEW    cov: 1400 ft: 4076 corp: 572/882Kb lim: 12901 exec/s: 3060 rss: 73Mb L: 1201/12901 MS: 4 InsertRepeatedBytes-ShuffleBytes-CrossOver-ChangeBinInt-
#46003	REDUCE cov: 1400 ft: 4076 corp: 572/881Kb lim: 12901 exec/s: 3066 rss: 73Mb L: 1575/12901 MS: 2 ChangeBinInt-EraseBytes-
#46110	NEW    cov: 1400 ft: 4077 corp: 573/883Kb lim: 12901 exec/s: 3074 rss: 73Mb L: 2041/12901 MS: 2 ShuffleBytes-ChangeBinInt-
#46159	REDUCE cov: 1400 ft: 4077 corp: 573/883Kb lim: 12901 exec/s: 3077 rss: 73Mb L: 820/12901 MS: 4 ShuffleBytes-CrossOver-CopyPart-CrossOver-
#46270	REDUCE cov: 1400 ft: 4077 corp: 573/883Kb lim: 12901 exec/s: 3084 rss: 73Mb L: 363/12901 MS: 1 EraseBytes-
#46321	REDUCE cov: 1400 ft: 4077 corp: 573/883Kb lim: 12901 exec/s: 3088 rss: 73Mb L: 135/12901 MS: 1 EraseBytes-
#46323	REDUCE cov: 1400 ft: 4077 corp: 573/883Kb lim: 12901 exec/s: 3088 rss: 73Mb L: 194/12901 MS: 2 CopyPart-EraseBytes-
#46459	REDUCE cov: 1400 ft: 4077 corp: 573/883Kb lim: 12901 exec/s: 3097 rss: 73Mb L: 848/12901 MS: 1 EraseBytes-
#46640	REDUCE cov: 1400 ft: 4077 corp: 573/883Kb lim: 12901 exec/s: 3109 rss: 73Mb L: 89/12901 MS: 1 EraseBytes-
#46700	REDUCE cov: 1400 ft: 4077 corp: 573/882Kb lim: 12901 exec/s: 3113 rss: 73Mb L: 1090/12901 MS: 5 CrossOver-ChangeBit-ChangeBinInt-ChangeByte-EraseBytes-
#46867	REDUCE cov: 1400 ft: 4077 corp: 573/881Kb lim: 12901 exec/s: 3124 rss: 73Mb L: 1134/12901 MS: 2 ChangeASCIIInt-EraseBytes-
#46940	REDUCE cov: 1400 ft: 4077 corp: 573/881Kb lim: 12901 exec/s: 3129 rss: 73Mb L: 967/12901 MS: 3 ShuffleBytes-InsertByte-EraseBytes-
#47238	REDUCE cov: 1400 ft: 4077 corp: 573/881Kb lim: 12901 exec/s: 3149 rss: 73Mb L: 191/12901 MS: 3 ShuffleBytes-InsertByte-EraseBytes-
#47321	REDUCE cov: 1400 ft: 4077 corp: 573/881Kb lim: 12901 exec/s: 3154 rss: 73Mb L: 1329/12901 MS: 3 ChangeBinInt-InsertByte-EraseBytes-
#47660	REDUCE cov: 1400 ft: 4077 corp: 573/881Kb lim: 12901 exec/s: 3177 rss: 73Mb L: 1498/12901 MS: 4 PersAutoDict-InsertRepeatedBytes-ChangeASCIIInt-EraseBytes- DE: "\001\000\000\000\000\000\000+"-
#47941	REDUCE cov: 1400 ft: 4077 corp: 573/881Kb lim: 12901 exec/s: 3196 rss: 73Mb L: 1277/12901 MS: 1 EraseBytes-
#47996	REDUCE cov: 1400 ft: 4077 corp: 573/880Kb lim: 12901 exec/s: 3199 rss: 73Mb L: 2238/12901 MS: 5 ChangeBinInt-InsertByte-ShuffleBytes-ChangeBit-EraseBytes-
#48049	REDUCE cov: 1401 ft: 4078 corp: 574/881Kb lim: 12901 exec/s: 3203 rss: 73Mb L: 306/12901 MS: 3 ChangeByte-ChangeBinInt-CMP- DE: "sPLT"-
#48166	REDUCE cov: 1401 ft: 4078 corp: 574/880Kb lim: 12901 exec/s: 3211 rss: 73Mb L: 2529/12901 MS: 2 ChangeASCIIInt-EraseBytes-
#48268	REDUCE cov: 1401 ft: 4078 corp: 574/880Kb lim: 12901 exec/s: 3217 rss: 73Mb L: 464/12901 MS: 2 CMP-EraseBytes- DE: "\003\000\000\000"-
#48459	REDUCE cov: 1401 ft: 4078 corp: 574/880Kb lim: 12901 exec/s: 3230 rss: 73Mb L: 186/12901 MS: 1 EraseBytes-
#48474	REDUCE cov: 1401 ft: 4078 corp: 574/879Kb lim: 12901 exec/s: 3231 rss: 73Mb L: 1481/12901 MS: 5 ChangeByte-PersAutoDict-PersAutoDict-ChangeByte-CrossOver- DE: "\364\377\377\377"-"tXTz"-
#48536	REDUCE cov: 1401 ft: 4078 corp: 574/879Kb lim: 12901 exec/s: 3235 rss: 73Mb L: 75/12901 MS: 2 ChangeBinInt-EraseBytes-
#48553	REDUCE cov: 1401 ft: 4078 corp: 574/879Kb lim: 12901 exec/s: 3236 rss: 73Mb L: 12302/12901 MS: 2 ChangeBit-EraseBytes-
#48755	REDUCE cov: 1401 ft: 4078 corp: 574/879Kb lim: 12901 exec/s: 3250 rss: 73Mb L: 9383/12901 MS: 2 ChangeByte-EraseBytes-
#48782	REDUCE cov: 1401 ft: 4078 corp: 574/877Kb lim: 12901 exec/s: 3252 rss: 73Mb L: 1908/12901 MS: 2 ShuffleBytes-EraseBytes-
#48799	REDUCE cov: 1401 ft: 4078 corp: 574/877Kb lim: 12901 exec/s: 3253 rss: 73Mb L: 289/12901 MS: 2 ChangeByte-EraseBytes-
#48886	REDUCE cov: 1401 ft: 4078 corp: 574/876Kb lim: 12901 exec/s: 3259 rss: 73Mb L: 9648/12901 MS: 2 CopyPart-EraseBytes-
#48918	REDUCE cov: 1401 ft: 4078 corp: 574/876Kb lim: 12901 exec/s: 3261 rss: 73Mb L: 1068/12901 MS: 2 InsertRepeatedBytes-EraseBytes-
#48976	REDUCE cov: 1401 ft: 4078 corp: 574/876Kb lim: 12901 exec/s: 3265 rss: 73Mb L: 11/12901 MS: 3 ShuffleBytes-CMP-EraseBytes- DE: "cICP"-
#49367	REDUCE cov: 1401 ft: 4078 corp: 574/876Kb lim: 12901 exec/s: 3291 rss: 73Mb L: 55/12901 MS: 1 EraseBytes-
#49588	REDUCE cov: 1401 ft: 4078 corp: 574/876Kb lim: 12901 exec/s: 3099 rss: 73Mb L: 1270/12901 MS: 1 EraseBytes-
#49694	NEW    cov: 1401 ft: 4081 corp: 575/877Kb lim: 12901 exec/s: 3105 rss: 73Mb L: 590/12901 MS: 1 CopyPart-
#49900	REDUCE cov: 1401 ft: 4081 corp: 575/877Kb lim: 12901 exec/s: 3118 rss: 73Mb L: 8739/12901 MS: 1 EraseBytes-
#49963	REDUCE cov: 1401 ft: 4081 corp: 575/877Kb lim: 12901 exec/s: 3122 rss: 73Mb L: 233/12901 MS: 3 ChangeBinInt-CopyPart-EraseBytes-
#50397	REDUCE cov: 1401 ft: 4081 corp: 575/876Kb lim: 12901 exec/s: 3149 rss: 73Mb L: 1264/12901 MS: 4 ChangeBit-ChangeByte-ShuffleBytes-EraseBytes-
#50406	REDUCE cov: 1401 ft: 4081 corp: 575/876Kb lim: 12901 exec/s: 3150 rss: 73Mb L: 586/12901 MS: 4 PersAutoDict-ChangeASCIIInt-ChangeASCIIInt-EraseBytes- DE: "\001\000\000\000\000\000\000\025"-
#50430	REDUCE cov: 1401 ft: 4081 corp: 575/876Kb lim: 12901 exec/s: 3151 rss: 73Mb L: 965/12901 MS: 4 ChangeASCIIInt-PersAutoDict-ShuffleBytes-EraseBytes- DE: "QLTE"-
#50556	REDUCE cov: 1401 ft: 4081 corp: 575/875Kb lim: 12901 exec/s: 3159 rss: 73Mb L: 2744/12901 MS: 1 EraseBytes-
#50565	REDUCE cov: 1401 ft: 4081 corp: 575/874Kb lim: 12901 exec/s: 3160 rss: 73Mb L: 551/12901 MS: 4 ChangeByte-CopyPart-InsertRepeatedBytes-EraseBytes-
#50799	REDUCE cov: 1401 ft: 4081 corp: 575/874Kb lim: 12901 exec/s: 3174 rss: 73Mb L: 8570/12901 MS: 4 EraseBytes-PersAutoDict-InsertRepeatedBytes-InsertRepeatedBytes- DE: "\007\002"-
#50981	REDUCE cov: 1401 ft: 4081 corp: 575/874Kb lim: 12901 exec/s: 3186 rss: 73Mb L: 209/12901 MS: 2 CopyPart-EraseBytes-
#51083	REDUCE cov: 1401 ft: 4081 corp: 575/873Kb lim: 12901 exec/s: 3192 rss: 73Mb L: 3855/12901 MS: 2 ChangeByte-EraseBytes-
#51276	REDUCE cov: 1401 ft: 4081 corp: 575/873Kb lim: 12901 exec/s: 3204 rss: 73Mb L: 548/12901 MS: 3 CrossOver-ChangeByte-EraseBytes-
#51416	REDUCE cov: 1401 ft: 4081 corp: 575/873Kb lim: 12901 exec/s: 3213 rss: 73Mb L: 1453/12901 MS: 5 CMP-ChangeBinInt-ChangeByte-ShuffleBytes-EraseBytes- DE: "iCCP"-
#51488	REDUCE cov: 1401 ft: 4081 corp: 575/873Kb lim: 12901 exec/s: 3218 rss: 73Mb L: 174/12901 MS: 2 ChangeBinInt-EraseBytes-
#51526	REDUCE cov: 1401 ft: 4081 corp: 575/873Kb lim: 12901 exec/s: 3220 rss: 73Mb L: 191/12901 MS: 3 ChangeBit-ChangeBinInt-EraseBytes-
#51572	REDUCE cov: 1401 ft: 4081 corp: 575/872Kb lim: 12901 exec/s: 3223 rss: 73Mb L: 884/12901 MS: 1 EraseBytes-
#51748	REDUCE cov: 1401 ft: 4081 corp: 575/872Kb lim: 12901 exec/s: 3234 rss: 73Mb L: 3663/12901 MS: 1 CrossOver-
#51864	REDUCE cov: 1401 ft: 4081 corp: 575/871Kb lim: 12901 exec/s: 3241 rss: 73Mb L: 1699/12901 MS: 1 EraseBytes-
#52047	REDUCE cov: 1401 ft: 4081 corp: 575/871Kb lim: 12901 exec/s: 3252 rss: 73Mb L: 60/12901 MS: 3 ChangeBit-ChangeBinInt-EraseBytes-
#52078	REDUCE cov: 1401 ft: 4081 corp: 575/871Kb lim: 12901 exec/s: 3254 rss: 73Mb L: 316/12901 MS: 1 EraseBytes-
#52100	REDUCE cov: 1401 ft: 4081 corp: 575/871Kb lim: 12901 exec/s: 3256 rss: 73Mb L: 160/12901 MS: 2 PersAutoDict-EraseBytes- DE: "\001\004"-
#52248	NEW    cov: 1401 ft: 4082 corp: 576/873Kb lim: 12901 exec/s: 3265 rss: 73Mb L: 1447/12901 MS: 3 InsertByte-ShuffleBytes-PersAutoDict- DE: "\001\000\000\003"-
#52339	REDUCE cov: 1401 ft: 4082 corp: 576/872Kb lim: 12901 exec/s: 3271 rss: 73Mb L: 101/12901 MS: 1 EraseBytes-
#52420	REDUCE cov: 1401 ft: 4082 corp: 576/872Kb lim: 12901 exec/s: 3276 rss: 73Mb L: 242/12901 MS: 1 EraseBytes-
#52503	NEW    cov: 1401 ft: 4083 corp: 577/885Kb lim: 12901 exec/s: 3281 rss: 73Mb L: 12901/12901 MS: 3 ChangeByte-CopyPart-CopyPart-
#52615	REDUCE cov: 1401 ft: 4083 corp: 577/885Kb lim: 12901 exec/s: 3288 rss: 73Mb L: 154/12901 MS: 2 CopyPart-EraseBytes-
#52767	REDUCE cov: 1401 ft: 4083 corp: 577/884Kb lim: 12901 exec/s: 3297 rss: 73Mb L: 2148/12901 MS: 2 CrossOver-EraseBytes-
#52779	NEW    cov: 1402 ft: 4084 corp: 578/893Kb lim: 12901 exec/s: 3298 rss: 73Mb L: 8864/12901 MS: 2 InsertRepeatedBytes-CMP- DE: "M\377\377\377"-
#52787	REDUCE cov: 1402 ft: 4084 corp: 578/893Kb lim: 12901 exec/s: 3299 rss: 73Mb L: 143/12901 MS: 3 ChangeBinInt-PersAutoDict-EraseBytes- DE: "iCCP"-
#52869	REDUCE cov: 1402 ft: 4088 corp: 579/895Kb lim: 12901 exec/s: 3304 rss: 73Mb L: 1908/12901 MS: 2 ChangeBit-ChangeBinInt-
#52870	NEW    cov: 1402 ft: 4090 corp: 580/895Kb lim: 12901 exec/s: 3304 rss: 73Mb L: 176/12901 MS: 1 ChangeBit-
#52871	NEW    cov: 1402 ft: 4092 corp: 581/895Kb lim: 12901 exec/s: 3304 rss: 73Mb L: 216/12901 MS: 1 PersAutoDict- DE: "\001\000\000\003"-
#52967	REDUCE cov: 1402 ft: 4092 corp: 581/895Kb lim: 12901 exec/s: 3310 rss: 73Mb L: 1202/12901 MS: 1 EraseBytes-
#52994	REDUCE cov: 1402 ft: 4092 corp: 581/895Kb lim: 12901 exec/s: 3312 rss: 73Mb L: 156/12901 MS: 2 ChangeBinInt-EraseBytes-
#53030	REDUCE cov: 1402 ft: 4092 corp: 581/894Kb lim: 12901 exec/s: 3119 rss: 73Mb L: 9880/12901 MS: 1 EraseBytes-
#53102	REDUCE cov: 1402 ft: 4092 corp: 581/893Kb lim: 12901 exec/s: 3123 rss: 73Mb L: 169/12901 MS: 2 ChangeBinInt-EraseBytes-
#53293	REDUCE cov: 1402 ft: 4092 corp: 581/893Kb lim: 12901 exec/s: 3134 rss: 73Mb L: 1636/12901 MS: 1 EraseBytes-
#53337	REDUCE cov: 1402 ft: 4092 corp: 581/893Kb lim: 12901 exec/s: 3137 rss: 73Mb L: 417/12901 MS: 4 CopyPart-CMP-ChangeASCIIInt-EraseBytes- DE: "\000\000\000\000\000z\022\000"-
#53434	REDUCE cov: 1402 ft: 4092 corp: 581/893Kb lim: 12901 exec/s: 3143 rss: 73Mb L: 747/12901 MS: 2 ChangeASCIIInt-EraseBytes-
#53527	REDUCE cov: 1402 ft: 4092 corp: 581/893Kb lim: 12901 exec/s: 3148 rss: 73Mb L: 9222/12901 MS: 3 ChangeBit-CrossOver-CrossOver-
#53533	REDUCE cov: 1402 ft: 4092 corp: 581/893Kb lim: 12901 exec/s: 3149 rss: 73Mb L: 165/12901 MS: 1 EraseBytes-
#53693	REDUCE cov: 1402 ft: 4092 corp: 581/892Kb lim: 12901 exec/s: 3158 rss: 73Mb L: 1381/12901 MS: 5 CopyPart-InsertRepeatedBytes-CMP-InsertRepeatedBytes-EraseBytes- DE: "\000\000\000\000\000\000\000\000"-
#53726	REDUCE cov: 1402 ft: 4092 corp: 581/892Kb lim: 12901 exec/s: 3160 rss: 73Mb L: 270/12901 MS: 3 InsertRepeatedBytes-ChangeBit-EraseBytes-
#53794	REDUCE cov: 1402 ft: 4092 corp: 581/892Kb lim: 12901 exec/s: 3164 rss: 73Mb L: 217/12901 MS: 3 CMP-CopyPart-EraseBytes- DE: "pHYs"-
#53875	REDUCE cov: 1402 ft: 4092 corp: 581/892Kb lim: 12901 exec/s: 3169 rss: 73Mb L: 79/12901 MS: 1 EraseBytes-
#53957	REDUCE cov: 1402 ft: 4092 corp: 581/892Kb lim: 12901 exec/s: 3173 rss: 73Mb L: 506/12901 MS: 2 CMP-EraseBytes- DE: "\303\000\000\000\000\000\000\000"-
#54188	REDUCE cov: 1402 ft: 4092 corp: 581/892Kb lim: 12901 exec/s: 3187 rss: 73Mb L: 252/12901 MS: 1 EraseBytes-
#54284	REDUCE cov: 1402 ft: 4092 corp: 581/892Kb lim: 12901 exec/s: 3193 rss: 73Mb L: 3087/12901 MS: 1 EraseBytes-
#54302	REDUCE cov: 1402 ft: 4092 corp: 581/892Kb lim: 12901 exec/s: 3194 rss: 73Mb L: 9353/12901 MS: 3 PersAutoDict-InsertByte-EraseBytes- DE: "\000\000\000\000\000\000\000\325"-
#54439	NEW    cov: 1402 ft: 4093 corp: 582/893Kb lim: 12901 exec/s: 3202 rss: 73Mb L: 786/12901 MS: 2 ChangeBinInt-CopyPart-
#54502	REDUCE cov: 1402 ft: 4093 corp: 582/892Kb lim: 12901 exec/s: 3206 rss: 73Mb L: 4163/12901 MS: 3 ChangeASCIIInt-EraseBytes-InsertRepeatedBytes-
#54610	REDUCE cov: 1402 ft: 4093 corp: 582/892Kb lim: 12901 exec/s: 3212 rss: 73Mb L: 768/12901 MS: 3 ChangeBit-PersAutoDict-EraseBytes- DE: "mDCV"-
#54639	REDUCE cov: 1402 ft: 4093 corp: 582/892Kb lim: 12901 exec/s: 3214 rss: 73Mb L: 1298/12901 MS: 4 ChangeBit-EraseBytes-PersAutoDict-InsertRepeatedBytes- DE: "\377\377\377\377\377\377\377\302"-
#54700	REDUCE cov: 1402 ft: 4093 corp: 582/892Kb lim: 12901 exec/s: 3217 rss: 73Mb L: 209/12901 MS: 1 EraseBytes-
#54798	REDUCE cov: 1402 ft: 4093 corp: 582/892Kb lim: 12901 exec/s: 3223 rss: 73Mb L: 8721/12901 MS: 3 ChangeASCIIInt-CMP-EraseBytes- DE: "\377\377\377\377\377\377\377\021"-
#54927	REDUCE cov: 1403 ft: 4094 corp: 583/897Kb lim: 12901 exec/s: 3231 rss: 73Mb L: 4968/12901 MS: 4 ShuffleBytes-ChangeBinInt-EraseBytes-ChangeBinInt-
#55044	REDUCE cov: 1403 ft: 4094 corp: 583/897Kb lim: 12901 exec/s: 3237 rss: 73Mb L: 297/12901 MS: 2 ChangeASCIIInt-EraseBytes-
#55135	REDUCE cov: 1403 ft: 4094 corp: 583/897Kb lim: 12901 exec/s: 3243 rss: 73Mb L: 841/12901 MS: 1 EraseBytes-
#55482	REDUCE cov: 1403 ft: 4094 corp: 583/897Kb lim: 12901 exec/s: 3263 rss: 73Mb L: 503/12901 MS: 2 ChangeBinInt-EraseBytes-
#55565	REDUCE cov: 1403 ft: 4094 corp: 583/897Kb lim: 12901 exec/s: 3268 rss: 73Mb L: 591/12901 MS: 3 InsertRepeatedBytes-ShuffleBytes-EraseBytes-
#55572	NEW    cov: 1403 ft: 4095 corp: 584/897Kb lim: 12901 exec/s: 3268 rss: 73Mb L: 237/12901 MS: 2 ChangeByte-CopyPart-
#55736	NEW    cov: 1403 ft: 4096 corp: 585/898Kb lim: 12901 exec/s: 3278 rss: 73Mb L: 1513/12901 MS: 4 ChangeBit-ChangeASCIIInt-InsertByte-InsertByte-
#55807	REDUCE cov: 1404 ft: 4097 corp: 586/899Kb lim: 12901 exec/s: 3282 rss: 73Mb L: 784/12901 MS: 1 EraseBytes-
#55935	REDUCE cov: 1404 ft: 4097 corp: 586/898Kb lim: 12901 exec/s: 3290 rss: 73Mb L: 1578/12901 MS: 3 CMP-CrossOver-EraseBytes- DE: "\377\377\377\377\377\377\377\302"-
#55953	REDUCE cov: 1404 ft: 4097 corp: 586/898Kb lim: 12901 exec/s: 3291 rss: 73Mb L: 132/12901 MS: 3 InsertByte-ShuffleBytes-EraseBytes-
#55974	REDUCE cov: 1404 ft: 4097 corp: 586/898Kb lim: 12901 exec/s: 3292 rss: 73Mb L: 45/12901 MS: 1 EraseBytes-
#55981	REDUCE cov: 1404 ft: 4097 corp: 586/898Kb lim: 12901 exec/s: 3293 rss: 73Mb L: 378/12901 MS: 2 CopyPart-EraseBytes-
#56102	REDUCE cov: 1404 ft: 4097 corp: 586/898Kb lim: 12901 exec/s: 3300 rss: 73Mb L: 664/12901 MS: 1 EraseBytes-
#56313	REDUCE cov: 1404 ft: 4097 corp: 586/898Kb lim: 12901 exec/s: 3312 rss: 73Mb L: 1354/12901 MS: 1 EraseBytes-
#56333	REDUCE cov: 1404 ft: 4097 corp: 586/898Kb lim: 12901 exec/s: 3313 rss: 73Mb L: 772/12901 MS: 5 ChangeBinInt-ChangeBinInt-ChangeBinInt-ShuffleBytes-EraseBytes-
#56462	NEW    cov: 1404 ft: 4099 corp: 587/906Kb lim: 12901 exec/s: 3321 rss: 73Mb L: 8840/12901 MS: 4 InsertByte-ChangeBinInt-ChangeASCIIInt-PersAutoDict- DE: "\000\000\000\000\000\000\000\325"-
#56465	REDUCE cov: 1404 ft: 4099 corp: 587/906Kb lim: 12901 exec/s: 3321 rss: 73Mb L: 2226/12901 MS: 3 ShuffleBytes-ChangeBit-EraseBytes-
#56481	NEW    cov: 1405 ft: 4101 corp: 588/915Kb lim: 12901 exec/s: 3322 rss: 73Mb L: 8835/12901 MS: 1 CMP- DE: "tIME"-
#56660	REDUCE cov: 1405 ft: 4101 corp: 588/914Kb lim: 12901 exec/s: 3332 rss: 73Mb L: 2035/12901 MS: 4 PersAutoDict-EraseBytes-ChangeASCIIInt-InsertRepeatedBytes- DE: "\001\000\000\000\000\000\000\000"-
#56832	REDUCE cov: 1405 ft: 4101 corp: 588/914Kb lim: 12901 exec/s: 3343 rss: 73Mb L: 108/12901 MS: 2 CopyPart-EraseBytes-
#56851	NEW    cov: 1405 ft: 4102 corp: 589/915Kb lim: 12901 exec/s: 3344 rss: 73Mb L: 594/12901 MS: 4 ChangeASCIIInt-ChangeBit-CopyPart-PersAutoDict- DE: "pHYs"-
#56922	REDUCE cov: 1405 ft: 4102 corp: 589/914Kb lim: 12901 exec/s: 3348 rss: 73Mb L: 2148/12901 MS: 1 EraseBytes-
#57600	REDUCE cov: 1405 ft: 4102 corp: 589/914Kb lim: 12901 exec/s: 3200 rss: 73Mb L: 684/12901 MS: 3 CMP-ShuffleBytes-EraseBytes- DE: "mDCV"-
#57617	REDUCE cov: 1405 ft: 4102 corp: 589/914Kb lim: 12901 exec/s: 3200 rss: 73Mb L: 1130/12901 MS: 2 ChangeASCIIInt-EraseBytes-
#57848	REDUCE cov: 1405 ft: 4102 corp: 589/914Kb lim: 12901 exec/s: 3213 rss: 73Mb L: 661/12901 MS: 1 EraseBytes-
#58065	REDUCE cov: 1405 ft: 4102 corp: 589/910Kb lim: 12901 exec/s: 3225 rss: 73Mb L: 1244/12901 MS: 2 PersAutoDict-CrossOver- DE: "sBIT"-
#58091	REDUCE cov: 1405 ft: 4102 corp: 589/910Kb lim: 12901 exec/s: 3227 rss: 73Mb L: 116/12901 MS: 1 EraseBytes-
#58342	REDUCE cov: 1405 ft: 4102 corp: 589/908Kb lim: 12901 exec/s: 3241 rss: 73Mb L: 3200/12901 MS: 1 EraseBytes-
#58450	REDUCE cov: 1405 ft: 4102 corp: 589/908Kb lim: 12901 exec/s: 3247 rss: 73Mb L: 78/12901 MS: 3 ChangeByte-ChangeBinInt-EraseBytes-
#58591	REDUCE cov: 1405 ft: 4102 corp: 589/908Kb lim: 12901 exec/s: 3255 rss: 73Mb L: 1673/12901 MS: 1 EraseBytes-
#58607	REDUCE cov: 1405 ft: 4102 corp: 589/908Kb lim: 12901 exec/s: 3255 rss: 73Mb L: 105/12901 MS: 1 EraseBytes-
#58734	REDUCE cov: 1405 ft: 4102 corp: 589/908Kb lim: 12901 exec/s: 3263 rss: 73Mb L: 114/12901 MS: 2 ChangeByte-EraseBytes-
#58892	REDUCE cov: 1405 ft: 4102 corp: 589/908Kb lim: 12901 exec/s: 3271 rss: 73Mb L: 922/12901 MS: 3 PersAutoDict-ChangeBit-EraseBytes- DE: "\377\377\377\377\377\377\377\031"-
#58984	REDUCE cov: 1405 ft: 4102 corp: 589/906Kb lim: 12901 exec/s: 3276 rss: 73Mb L: 2881/12901 MS: 2 CopyPart-EraseBytes-
#59008	REDUCE cov: 1405 ft: 4102 corp: 589/906Kb lim: 12901 exec/s: 3278 rss: 73Mb L: 1185/12901 MS: 4 InsertRepeatedBytes-PersAutoDict-ChangeBit-CrossOver- DE: "sBIT"-
#59029	REDUCE cov: 1406 ft: 4103 corp: 590/914Kb lim: 12901 exec/s: 3279 rss: 73Mb L: 8739/12901 MS: 1 ShuffleBytes-
#59057	REDUCE cov: 1406 ft: 4103 corp: 590/914Kb lim: 12901 exec/s: 3280 rss: 73Mb L: 2672/12901 MS: 3 CrossOver-PersAutoDict-EraseBytes- DE: "\015\000\000\000\000\000\000\000"-
#59331	REDUCE cov: 1406 ft: 4103 corp: 590/914Kb lim: 12901 exec/s: 3296 rss: 73Mb L: 993/12901 MS: 4 ChangeBit-PersAutoDict-InsertRepeatedBytes-EraseBytes- DE: "\003\000\000\000"-
#59419	REDUCE cov: 1406 ft: 4103 corp: 590/911Kb lim: 12901 exec/s: 3301 rss: 73Mb L: 4521/12901 MS: 3 InsertRepeatedBytes-ChangeBit-EraseBytes-
#59435	NEW    cov: 1406 ft: 4104 corp: 591/912Kb lim: 12901 exec/s: 3301 rss: 73Mb L: 606/12901 MS: 1 InsertRepeatedBytes-
#59442	NEW    cov: 1406 ft: 4105 corp: 592/920Kb lim: 12901 exec/s: 3302 rss: 73Mb L: 8831/12901 MS: 2 CMP-ChangeBinInt- DE: "sRGB"-
#59543	NEW    cov: 1406 ft: 4106 corp: 593/929Kb lim: 12901 exec/s: 3307 rss: 73Mb L: 8835/12901 MS: 1 CopyPart-
#60000	REDUCE cov: 1406 ft: 4106 corp: 593/929Kb lim: 12901 exec/s: 3333 rss: 73Mb L: 2852/12901 MS: 2 PersAutoDict-EraseBytes- DE: "\001\004"-
#60017	REDUCE cov: 1406 ft: 4106 corp: 593/929Kb lim: 12901 exec/s: 3334 rss: 73Mb L: 1133/12901 MS: 2 ShuffleBytes-EraseBytes-
#60044	REDUCE cov: 1406 ft: 4106 corp: 593/928Kb lim: 12901 exec/s: 3335 rss: 73Mb L: 1049/12901 MS: 2 PersAutoDict-EraseBytes- DE: "mDCV"-
#60201	NEW    cov: 1406 ft: 4107 corp: 594/929Kb lim: 12901 exec/s: 3344 rss: 73Mb L: 166/12901 MS: 2 CopyPart-EraseBytes-
#60228	REDUCE cov: 1406 ft: 4107 corp: 594/928Kb lim: 12901 exec/s: 3346 rss: 73Mb L: 482/12901 MS: 2 ChangeBinInt-EraseBytes-
#60574	REDUCE cov: 1406 ft: 4107 corp: 594/928Kb lim: 12901 exec/s: 3365 rss: 74Mb L: 259/12901 MS: 1 EraseBytes-
#60994	REDUCE cov: 1406 ft: 4107 corp: 594/928Kb lim: 12901 exec/s: 3210 rss: 74Mb L: 436/12901 MS: 5 InsertByte-ShuffleBytes-CopyPart-ChangeBit-EraseBytes-
#61003	REDUCE cov: 1406 ft: 4107 corp: 594/928Kb lim: 12901 exec/s: 3210 rss: 74Mb L: 929/12901 MS: 4 ShuffleBytes-InsertByte-ChangeASCIIInt-EraseBytes-
#61135	NEW    cov: 1406 ft: 4108 corp: 595/928Kb lim: 12901 exec/s: 3217 rss: 74Mb L: 147/12901 MS: 2 PersAutoDict-InsertByte- DE: "\006\001\000\000\000\000\000\000"-
#61192	REDUCE cov: 1406 ft: 4108 corp: 595/928Kb lim: 12901 exec/s: 3220 rss: 74Mb L: 2743/12901 MS: 2 CrossOver-EraseBytes-
#61233	REDUCE cov: 1406 ft: 4108 corp: 595/927Kb lim: 12901 exec/s: 3222 rss: 74Mb L: 2480/12901 MS: 1 EraseBytes-
#61769	REDUCE cov: 1406 ft: 4110 corp: 596/928Kb lim: 12901 exec/s: 3251 rss: 74Mb L: 135/12901 MS: 1 ChangeBinInt-
#61821	REDUCE cov: 1406 ft: 4110 corp: 596/928Kb lim: 12901 exec/s: 3253 rss: 74Mb L: 107/12901 MS: 2 ChangeByte-EraseBytes-
#61907	REDUCE cov: 1406 ft: 4110 corp: 596/928Kb lim: 12901 exec/s: 3258 rss: 74Mb L: 182/12901 MS: 1 EraseBytes-
#62164	REDUCE cov: 1406 ft: 4110 corp: 596/927Kb lim: 12901 exec/s: 3271 rss: 74Mb L: 2082/12901 MS: 2 PersAutoDict-EraseBytes- DE: "\000\000\000\000\000\000\000\004"-
#62261	REDUCE cov: 1406 ft: 4110 corp: 596/927Kb lim: 12901 exec/s: 3276 rss: 74Mb L: 1374/12901 MS: 2 InsertByte-EraseBytes-
#62283	REDUCE cov: 1406 ft: 4110 corp: 596/927Kb lim: 12901 exec/s: 3278 rss: 74Mb L: 8561/12901 MS: 2 CMP-EraseBytes- DE: "\266\001\000\000\000\000\000\000"-
#62449	REDUCE cov: 1406 ft: 4110 corp: 596/927Kb lim: 12901 exec/s: 3286 rss: 74Mb L: 1971/12901 MS: 1 EraseBytes-
#62558	REDUCE cov: 1406 ft: 4110 corp: 596/927Kb lim: 12901 exec/s: 3292 rss: 74Mb L: 1611/12901 MS: 4 CopyPart-ChangeBinInt-EraseBytes-CopyPart-
#62581	NEW    cov: 1406 ft: 4111 corp: 597/932Kb lim: 12901 exec/s: 3293 rss: 74Mb L: 4560/12901 MS: 3 ShuffleBytes-InsertByte-CMP- DE: "\004\000"-
#62582	REDUCE cov: 1406 ft: 4111 corp: 597/932Kb lim: 12901 exec/s: 3293 rss: 74Mb L: 232/12901 MS: 1 EraseBytes-
#62639	REDUCE cov: 1406 ft: 4111 corp: 597/931Kb lim: 12901 exec/s: 3296 rss: 74Mb L: 281/12901 MS: 2 InsertByte-EraseBytes-
#62706	REDUCE cov: 1406 ft: 4111 corp: 597/931Kb lim: 12901 exec/s: 3300 rss: 74Mb L: 189/12901 MS: 2 InsertRepeatedBytes-EraseBytes-
#62753	REDUCE cov: 1406 ft: 4111 corp: 597/931Kb lim: 12901 exec/s: 3302 rss: 74Mb L: 73/12901 MS: 2 CMP-EraseBytes- DE: "gAMA"-
#62906	REDUCE cov: 1406 ft: 4111 corp: 597/931Kb lim: 12901 exec/s: 3310 rss: 74Mb L: 2353/12901 MS: 3 InsertByte-CMP-EraseBytes- DE: "sBIT"-
#63053	REDUCE cov: 1406 ft: 4111 corp: 597/931Kb lim: 12901 exec/s: 3318 rss: 74Mb L: 2695/12901 MS: 2 CopyPart-EraseBytes-
#63066	REDUCE cov: 1406 ft: 4111 corp: 597/931Kb lim: 12901 exec/s: 3319 rss: 74Mb L: 354/12901 MS: 3 ShuffleBytes-ChangeBinInt-EraseBytes-
#63072	REDUCE cov: 1406 ft: 4111 corp: 597/931Kb lim: 12901 exec/s: 3319 rss: 74Mb L: 635/12901 MS: 1 EraseBytes-
#63132	REDUCE cov: 1406 ft: 4111 corp: 597/931Kb lim: 12901 exec/s: 3322 rss: 74Mb L: 1544/12901 MS: 5 CrossOver-ChangeBit-InsertByte-CrossOver-EraseBytes-
#63152	REDUCE cov: 1408 ft: 4114 corp: 598/933Kb lim: 12901 exec/s: 3323 rss: 74Mb L: 1636/12901 MS: 5 ChangeASCIIInt-ShuffleBytes-CMP-ChangeByte-CMP- DE: "mDCV"-"\007\000"-
#63179	REDUCE cov: 1408 ft: 4114 corp: 598/933Kb lim: 12901 exec/s: 3325 rss: 74Mb L: 85/12901 MS: 2 ShuffleBytes-EraseBytes-
#63332	REDUCE cov: 1408 ft: 4114 corp: 598/933Kb lim: 12901 exec/s: 3333 rss: 74Mb L: 965/12901 MS: 3 ChangeASCIIInt-CrossOver-EraseBytes-
#63398	REDUCE cov: 1408 ft: 4114 corp: 598/932Kb lim: 12901 exec/s: 3336 rss: 74Mb L: 98/12901 MS: 1 EraseBytes-
#63535	REDUCE cov: 1408 ft: 4114 corp: 598/932Kb lim: 12901 exec/s: 3343 rss: 74Mb L: 2005/12901 MS: 2 ChangeASCIIInt-EraseBytes-
#63598	REDUCE cov: 1408 ft: 4114 corp: 598/932Kb lim: 12901 exec/s: 3347 rss: 74Mb L: 1657/12901 MS: 3 PersAutoDict-ShuffleBytes-EraseBytes- DE: "cHRM"-
#63708	REDUCE cov: 1408 ft: 4114 corp: 598/932Kb lim: 12901 exec/s: 3353 rss: 74Mb L: 2131/12901 MS: 5 EraseBytes-CopyPart-InsertRepeatedBytes-CopyPart-CopyPart-
#63709	REDUCE cov: 1408 ft: 4114 corp: 598/932Kb lim: 12901 exec/s: 3353 rss: 74Mb L: 206/12901 MS: 1 EraseBytes-
#63777	REDUCE cov: 1408 ft: 4114 corp: 598/932Kb lim: 12901 exec/s: 3356 rss: 74Mb L: 143/12901 MS: 3 EraseBytes-ChangeBit-CopyPart-
#63900	REDUCE cov: 1408 ft: 4114 corp: 598/932Kb lim: 12901 exec/s: 3363 rss: 74Mb L: 776/12901 MS: 3 CrossOver-ChangeByte-EraseBytes-
#64056	REDUCE cov: 1408 ft: 4114 corp: 598/932Kb lim: 12901 exec/s: 3371 rss: 74Mb L: 169/12901 MS: 1 EraseBytes-
#64097	REDUCE cov: 1408 ft: 4114 corp: 598/931Kb lim: 12901 exec/s: 3373 rss: 74Mb L: 1670/12901 MS: 1 EraseBytes-
#64112	REDUCE cov: 1408 ft: 4114 corp: 598/931Kb lim: 12901 exec/s: 3374 rss: 74Mb L: 132/12901 MS: 5 PersAutoDict-ChangeBit-ChangeByte-ChangeASCIIInt-EraseBytes- DE: "\377\000\206\240"-
#64136	REDUCE cov: 1408 ft: 4114 corp: 598/931Kb lim: 12901 exec/s: 3375 rss: 74Mb L: 594/12901 MS: 4 PersAutoDict-ChangeBinInt-ChangeBit-EraseBytes- DE: "Z\000"-
#64182	REDUCE cov: 1408 ft: 4114 corp: 598/931Kb lim: 12901 exec/s: 3378 rss: 74Mb L: 53/12901 MS: 1 EraseBytes-
#64227	REDUCE cov: 1408 ft: 4117 corp: 599/932Kb lim: 12901 exec/s: 3380 rss: 74Mb L: 863/12901 MS: 5 InsertByte-CopyPart-CMP-InsertRepeatedBytes-InsertByte- DE: "\021\000\000\000\000\000\000\000"-
#64259	REDUCE cov: 1408 ft: 4117 corp: 599/932Kb lim: 12901 exec/s: 3382 rss: 74Mb L: 396/12901 MS: 2 ShuffleBytes-EraseBytes-
#64350	REDUCE cov: 1408 ft: 4117 corp: 599/932Kb lim: 12901 exec/s: 3217 rss: 74Mb L: 228/12901 MS: 1 EraseBytes-
#64465	REDUCE cov: 1408 ft: 4118 corp: 600/932Kb lim: 12901 exec/s: 3223 rss: 74Mb L: 510/12901 MS: 5 CMP-ShuffleBytes-ShuffleBytes-ChangeBinInt-EraseBytes- DE: "\001\000"-
#64557	NEW    cov: 1408 ft: 4119 corp: 601/932Kb lim: 12901 exec/s: 3227 rss: 74Mb L: 116/12901 MS: 2 ChangeASCIIInt-ChangeByte-
#64598	REDUCE cov: 1408 ft: 4119 corp: 601/930Kb lim: 12901 exec/s: 3229 rss: 74Mb L: 2054/12901 MS: 1 EraseBytes-
#64643	REDUCE cov: 1408 ft: 4119 corp: 601/930Kb lim: 12901 exec/s: 3232 rss: 74Mb L: 833/12901 MS: 5 ChangeByte-ChangeASCIIInt-ChangeBinInt-ChangeBit-EraseBytes-
#64650	REDUCE cov: 1408 ft: 4119 corp: 601/930Kb lim: 12901 exec/s: 3232 rss: 74Mb L: 147/12901 MS: 2 ChangeBinInt-EraseBytes-
#64732	REDUCE cov: 1408 ft: 4119 corp: 601/930Kb lim: 12901 exec/s: 3236 rss: 74Mb L: 2076/12901 MS: 2 CrossOver-EraseBytes-
#64745	REDUCE cov: 1408 ft: 4119 corp: 601/930Kb lim: 12901 exec/s: 3237 rss: 74Mb L: 1041/12901 MS: 3 ChangeASCIIInt-ChangeByte-EraseBytes-
#65121	REDUCE cov: 1408 ft: 4119 corp: 601/930Kb lim: 12901 exec/s: 3256 rss: 74Mb L: 172/12901 MS: 1 EraseBytes-
#65506	NEW    cov: 1409 ft: 4120 corp: 602/930Kb lim: 12901 exec/s: 3275 rss: 74Mb L: 622/12901 MS: 5 ChangeByte-ShuffleBytes-EraseBytes-ShuffleBytes-CrossOver-
#65533	REDUCE cov: 1409 ft: 4120 corp: 602/930Kb lim: 12901 exec/s: 3276 rss: 74Mb L: 300/12901 MS: 2 CMP-EraseBytes- DE: ">\000\000\000\000\000\000\000"-
#65536	pulse  cov: 1409 ft: 4120 corp: 602/930Kb lim: 12901 exec/s: 3276 rss: 74Mb
#65579	REDUCE cov: 1409 ft: 4120 corp: 602/930Kb lim: 12901 exec/s: 3278 rss: 74Mb L: 46/12901 MS: 1 EraseBytes-
#65862	REDUCE cov: 1409 ft: 4120 corp: 602/929Kb lim: 12901 exec/s: 3293 rss: 74Mb L: 1107/12901 MS: 3 ShuffleBytes-ChangeBit-EraseBytes-
#66039	REDUCE cov: 1409 ft: 4120 corp: 602/928Kb lim: 12901 exec/s: 3301 rss: 74Mb L: 9188/12901 MS: 2 CopyPart-CrossOver-
#66150	REDUCE cov: 1409 ft: 4120 corp: 602/928Kb lim: 12901 exec/s: 3307 rss: 74Mb L: 222/12901 MS: 1 EraseBytes-
#66206	REDUCE cov: 1409 ft: 4120 corp: 602/928Kb lim: 12901 exec/s: 3152 rss: 74Mb L: 1177/12901 MS: 1 CrossOver-
#66227	REDUCE cov: 1409 ft: 4120 corp: 602/928Kb lim: 12901 exec/s: 3153 rss: 74Mb L: 523/12901 MS: 1 EraseBytes-
#66592	REDUCE cov: 1409 ft: 4120 corp: 602/928Kb lim: 12901 exec/s: 3171 rss: 74Mb L: 549/12901 MS: 5 ChangeBinInt-ChangeBit-CMP-ChangeASCIIInt-EraseBytes- DE: "\023\000\000\000\000\000\000\000"-
#66601	REDUCE cov: 1409 ft: 4120 corp: 602/928Kb lim: 12901 exec/s: 3171 rss: 74Mb L: 547/12901 MS: 4 ChangeBinInt-PersAutoDict-EraseBytes-PersAutoDict- DE: "iCCP"-"\010\000\000\000\000\000\000\000"-
#66628	REDUCE cov: 1409 ft: 4120 corp: 602/923Kb lim: 12901 exec/s: 3172 rss: 74Mb L: 4575/12901 MS: 2 ChangeBit-EraseBytes-
#66861	REDUCE cov: 1409 ft: 4120 corp: 602/923Kb lim: 12901 exec/s: 3183 rss: 74Mb L: 211/12901 MS: 3 ChangeBit-ChangeByte-EraseBytes-
#67298	REDUCE cov: 1409 ft: 4120 corp: 602/923Kb lim: 12901 exec/s: 3204 rss: 74Mb L: 2574/12901 MS: 2 InsertRepeatedBytes-EraseBytes-
#67400	REDUCE cov: 1409 ft: 4120 corp: 602/923Kb lim: 12901 exec/s: 3209 rss: 74Mb L: 308/12901 MS: 2 PersAutoDict-EraseBytes- DE: "\021\000"-
#67444	REDUCE cov: 1409 ft: 4120 corp: 602/923Kb lim: 12901 exec/s: 3211 rss: 74Mb L: 69/12901 MS: 4 CMP-ChangeByte-CopyPart-EraseBytes- DE: "\000\001"-
#67506	REDUCE cov: 1409 ft: 4120 corp: 602/923Kb lim: 12901 exec/s: 3214 rss: 74Mb L: 2366/12901 MS: 2 CMP-EraseBytes- DE: "bKGD"-
#67594	REDUCE cov: 1409 ft: 4120 corp: 602/922Kb lim: 12901 exec/s: 3218 rss: 74Mb L: 1238/12901 MS: 3 ChangeByte-ChangeBit-EraseBytes-
#67720	REDUCE cov: 1409 ft: 4120 corp: 602/921Kb lim: 12901 exec/s: 3224 rss: 74Mb L: 1456/12901 MS: 1 EraseBytes-
#68042	REDUCE cov: 1409 ft: 4120 corp: 602/921Kb lim: 12901 exec/s: 3240 rss: 74Mb L: 52/12901 MS: 2 CopyPart-EraseBytes-
#68273	REDUCE cov: 1409 ft: 4120 corp: 602/921Kb lim: 12901 exec/s: 3251 rss: 74Mb L: 2062/12901 MS: 1 EraseBytes-
#68279	REDUCE cov: 1409 ft: 4120 corp: 602/921Kb lim: 12901 exec/s: 3251 rss: 74Mb L: 503/12901 MS: 1 EraseBytes-
#68392	NEW    cov: 1409 ft: 4124 corp: 603/921Kb lim: 12901 exec/s: 3256 rss: 74Mb L: 342/12901 MS: 3 ChangeBit-ChangeByte-CrossOver-
#68460	REDUCE cov: 1409 ft: 4124 corp: 603/921Kb lim: 12901 exec/s: 3260 rss: 74Mb L: 723/12901 MS: 3 PersAutoDict-PersAutoDict-EraseBytes- DE: "\023\000\000\000\000\000\000\000"-"[\000\000\000"-
#68501	REDUCE cov: 1409 ft: 4125 corp: 604/922Kb lim: 12901 exec/s: 3261 rss: 74Mb L: 967/12901 MS: 1 CopyPart-
#68567	REDUCE cov: 1409 ft: 4125 corp: 604/922Kb lim: 12901 exec/s: 3265 rss: 74Mb L: 392/12901 MS: 1 EraseBytes-
#68623	REDUCE cov: 1409 ft: 4125 corp: 604/922Kb lim: 12901 exec/s: 3267 rss: 74Mb L: 1378/12901 MS: 1 EraseBytes-
#68644	REDUCE cov: 1409 ft: 4125 corp: 604/920Kb lim: 12901 exec/s: 3268 rss: 74Mb L: 6404/12901 MS: 1 EraseBytes-
#68665	REDUCE cov: 1409 ft: 4125 corp: 604/919Kb lim: 12901 exec/s: 3269 rss: 74Mb L: 229/12901 MS: 1 EraseBytes-
#68906	NEW    cov: 1409 ft: 4126 corp: 605/920Kb lim: 12901 exec/s: 3281 rss: 74Mb L: 810/12901 MS: 1 CMP- DE: "sRGB"-
#68940	REDUCE cov: 1409 ft: 4126 corp: 605/919Kb lim: 12901 exec/s: 3282 rss: 74Mb L: 1641/12901 MS: 4 InsertRepeatedBytes-InsertRepeatedBytes-CrossOver-EraseBytes-
#69142	REDUCE cov: 1409 ft: 4126 corp: 605/919Kb lim: 12901 exec/s: 3292 rss: 74Mb L: 277/12901 MS: 2 ChangeASCIIInt-EraseBytes-
#69155	REDUCE cov: 1409 ft: 4126 corp: 605/919Kb lim: 12901 exec/s: 3293 rss: 74Mb L: 71/12901 MS: 3 ShuffleBytes-ChangeBinInt-EraseBytes-
#69162	REDUCE cov: 1409 ft: 4126 corp: 605/919Kb lim: 12901 exec/s: 3293 rss: 74Mb L: 233/12901 MS: 2 ChangeBit-EraseBytes-
#69304	REDUCE cov: 1409 ft: 4126 corp: 605/919Kb lim: 12901 exec/s: 3300 rss: 74Mb L: 1578/12901 MS: 2 ChangeByte-EraseBytes-
#69636	REDUCE cov: 1409 ft: 4126 corp: 605/919Kb lim: 12901 exec/s: 3316 rss: 74Mb L: 8/12901 MS: 2 PersAutoDict-EraseBytes- DE: "\003\350"-
#70179	REDUCE cov: 1410 ft: 4127 corp: 606/929Kb lim: 12901 exec/s: 3341 rss: 74Mb L: 9896/12901 MS: 3 EraseBytes-InsertByte-CrossOver-
#70192	REDUCE cov: 1410 ft: 4127 corp: 606/928Kb lim: 12901 exec/s: 3342 rss: 74Mb L: 58/12901 MS: 3 ChangeASCIIInt-ChangeBinInt-EraseBytes-
#70398	REDUCE cov: 1410 ft: 4127 corp: 606/928Kb lim: 12901 exec/s: 3352 rss: 74Mb L: 987/12901 MS: 1 EraseBytes-
#70451	NEW    cov: 1411 ft: 4128 corp: 607/928Kb lim: 12901 exec/s: 3202 rss: 74Mb L: 299/12901 MS: 3 CMP-InsertByte-ChangeByte- DE: "\302\000\000\000\000\000\000\000"-
#70567	REDUCE cov: 1411 ft: 4128 corp: 607/928Kb lim: 12901 exec/s: 3207 rss: 74Mb L: 209/12901 MS: 1 EraseBytes-
#70679	REDUCE cov: 1411 ft: 4129 corp: 608/931Kb lim: 12901 exec/s: 3212 rss: 74Mb L: 3097/12901 MS: 2 InsertByte-CopyPart-
#70693	REDUCE cov: 1411 ft: 4129 corp: 608/931Kb lim: 12901 exec/s: 3213 rss: 74Mb L: 12374/12901 MS: 4 ChangeByte-CopyPart-ShuffleBytes-EraseBytes-
#70851	REDUCE cov: 1413 ft: 4131 corp: 609/932Kb lim: 12901 exec/s: 3220 rss: 74Mb L: 1457/12901 MS: 3 ChangeBit-InsertByte-ChangeByte-
#70890	REDUCE cov: 1413 ft: 4131 corp: 609/932Kb lim: 12901 exec/s: 3222 rss: 74Mb L: 1184/12901 MS: 4 InsertByte-ShuffleBytes-ChangeBinInt-EraseBytes-
#70950	REDUCE cov: 1413 ft: 4131 corp: 609/932Kb lim: 12901 exec/s: 3225 rss: 74Mb L: 693/12901 MS: 5 ChangeBit-ChangeASCIIInt-InsertByte-ChangeBinInt-EraseBytes-
#71123	REDUCE cov: 1413 ft: 4131 corp: 609/931Kb lim: 12901 exec/s: 3232 rss: 74Mb L: 3607/12901 MS: 3 InsertRepeatedBytes-InsertByte-CrossOver-
#71219	REDUCE cov: 1413 ft: 4131 corp: 609/931Kb lim: 12901 exec/s: 3237 rss: 74Mb L: 42/12901 MS: 1 EraseBytes-
#71365	REDUCE cov: 1413 ft: 4131 corp: 609/931Kb lim: 12901 exec/s: 3243 rss: 74Mb L: 1070/12901 MS: 1 EraseBytes-
#71375	REDUCE cov: 1413 ft: 4131 corp: 609/929Kb lim: 12901 exec/s: 3244 rss: 74Mb L: 1728/12901 MS: 5 InsertByte-CrossOver-ChangeBinInt-ChangeByte-EraseBytes-
#71407	REDUCE cov: 1413 ft: 4131 corp: 609/929Kb lim: 12901 exec/s: 3245 rss: 74Mb L: 1092/12901 MS: 2 ChangeBinInt-EraseBytes-
#71434	REDUCE cov: 1414 ft: 4132 corp: 610/930Kb lim: 12901 exec/s: 3247 rss: 74Mb L: 505/12901 MS: 2 PersAutoDict-EraseBytes- DE: "\010\000\000\000"-
#71610	NEW    cov: 1414 ft: 4133 corp: 611/930Kb lim: 12901 exec/s: 3255 rss: 74Mb L: 342/12901 MS: 1 ShuffleBytes-
#71651	REDUCE cov: 1414 ft: 4133 corp: 611/930Kb lim: 12901 exec/s: 3256 rss: 74Mb L: 49/12901 MS: 1 EraseBytes-
#71712	REDUCE cov: 1414 ft: 4133 corp: 611/930Kb lim: 12901 exec/s: 3259 rss: 74Mb L: 2022/12901 MS: 1 EraseBytes-
#71728	REDUCE cov: 1414 ft: 4133 corp: 611/930Kb lim: 12901 exec/s: 3260 rss: 74Mb L: 133/12901 MS: 1 EraseBytes-
#71729	REDUCE cov: 1414 ft: 4133 corp: 611/930Kb lim: 12901 exec/s: 3260 rss: 74Mb L: 2626/12901 MS: 1 EraseBytes-
#71810	REDUCE cov: 1414 ft: 4135 corp: 612/930Kb lim: 12901 exec/s: 3264 rss: 74Mb L: 313/12901 MS: 1 ChangeByte-
#71901	REDUCE cov: 1414 ft: 4135 corp: 612/930Kb lim: 12901 exec/s: 3268 rss: 74Mb L: 34/12901 MS: 1 EraseBytes-
#71917	REDUCE cov: 1414 ft: 4135 corp: 612/930Kb lim: 12901 exec/s: 3268 rss: 74Mb L: 27/12901 MS: 1 EraseBytes-
#72253	REDUCE cov: 1414 ft: 4135 corp: 612/930Kb lim: 12901 exec/s: 3284 rss: 74Mb L: 1735/12901 MS: 1 EraseBytes-
#72261	REDUCE cov: 1414 ft: 4135 corp: 612/930Kb lim: 12901 exec/s: 3284 rss: 74Mb L: 83/12901 MS: 3 ChangeBit-ShuffleBytes-EraseBytes-
#72316	REDUCE cov: 1414 ft: 4135 corp: 612/930Kb lim: 12901 exec/s: 3287 rss: 74Mb L: 931/12901 MS: 5 ChangeBinInt-ChangeBit-CopyPart-ChangeBinInt-EraseBytes-
#72340	REDUCE cov: 1414 ft: 4135 corp: 612/929Kb lim: 12901 exec/s: 3288 rss: 74Mb L: 8173/12901 MS: 4 PersAutoDict-ShuffleBytes-ShuffleBytes-EraseBytes- DE: "\031\000\000\000\000\000\000\000"-
#72567	REDUCE cov: 1414 ft: 4135 corp: 612/929Kb lim: 12901 exec/s: 3298 rss: 74Mb L: 59/12901 MS: 2 ShuffleBytes-EraseBytes-
#72573	REDUCE cov: 1414 ft: 4135 corp: 612/928Kb lim: 12901 exec/s: 3298 rss: 74Mb L: 171/12901 MS: 1 EraseBytes-
#72574	REDUCE cov: 1414 ft: 4135 corp: 612/928Kb lim: 12901 exec/s: 3298 rss: 74Mb L: 2039/12901 MS: 1 EraseBytes-
#72660	REDUCE cov: 1414 ft: 4135 corp: 612/928Kb lim: 12901 exec/s: 3302 rss: 74Mb L: 327/12901 MS: 1 EraseBytes-
#72945	REDUCE cov: 1414 ft: 4135 corp: 612/928Kb lim: 12901 exec/s: 3315 rss: 74Mb L: 1667/12901 MS: 5 ChangeASCIIInt-InsertRepeatedBytes-EraseBytes-PersAutoDict-CrossOver- DE: "\377\000\206\240"-
#73096	REDUCE cov: 1414 ft: 4135 corp: 612/928Kb lim: 12901 exec/s: 3322 rss: 74Mb L: 51/12901 MS: 1 EraseBytes-
#73222	NEW    cov: 1414 ft: 4137 corp: 613/928Kb lim: 12901 exec/s: 3328 rss: 74Mb L: 142/12901 MS: 1 CMP- DE: "bKGD"-
#73398	REDUCE cov: 1414 ft: 4137 corp: 613/927Kb lim: 12901 exec/s: 3336 rss: 74Mb L: 2215/12901 MS: 1 CrossOver-
#73479	REDUCE cov: 1414 ft: 4137 corp: 613/927Kb lim: 12901 exec/s: 3339 rss: 74Mb L: 889/12901 MS: 1 EraseBytes-
#73563	REDUCE cov: 1414 ft: 4137 corp: 613/926Kb lim: 12901 exec/s: 3343 rss: 74Mb L: 8268/12901 MS: 4 CrossOver-InsertByte-CMP-EraseBytes- DE: "\034\000\000\000\000\000\000\000"-
#73670	REDUCE cov: 1414 ft: 4137 corp: 613/926Kb lim: 12901 exec/s: 3348 rss: 74Mb L: 201/12901 MS: 2 ChangeByte-EraseBytes-
#73862	REDUCE cov: 1414 ft: 4137 corp: 613/926Kb lim: 12901 exec/s: 3357 rss: 74Mb L: 180/12901 MS: 2 ChangeBinInt-EraseBytes-
#73990	REDUCE cov: 1414 ft: 4137 corp: 613/926Kb lim: 12901 exec/s: 3363 rss: 74Mb L: 1420/12901 MS: 3 ChangeByte-ChangeBit-EraseBytes-
#74024	NEW    cov: 1414 ft: 4138 corp: 614/928Kb lim: 12901 exec/s: 3364 rss: 74Mb L: 1861/12901 MS: 4 ChangeBit-ChangeByte-CrossOver-ShuffleBytes-
#74071	REDUCE cov: 1414 ft: 4138 corp: 614/928Kb lim: 12901 exec/s: 3366 rss: 74Mb L: 89/12901 MS: 2 ShuffleBytes-EraseBytes-
#74080	REDUCE cov: 1414 ft: 4138 corp: 614/928Kb lim: 12901 exec/s: 3367 rss: 74Mb L: 2106/12901 MS: 4 EraseBytes-ChangeBinInt-CopyPart-InsertRepeatedBytes-
#74233	REDUCE cov: 1414 ft: 4138 corp: 614/928Kb lim: 12901 exec/s: 3374 rss: 74Mb L: 12072/12901 MS: 3 ChangeBinInt-ShuffleBytes-EraseBytes-
#74507	REDUCE cov: 1414 ft: 4138 corp: 614/927Kb lim: 12901 exec/s: 3239 rss: 74Mb L: 213/12901 MS: 4 ChangeByte-InsertByte-InsertByte-EraseBytes-
#74574	REDUCE cov: 1414 ft: 4138 corp: 614/927Kb lim: 12901 exec/s: 3242 rss: 74Mb L: 833/12901 MS: 2 CopyPart-EraseBytes-
#74583	REDUCE cov: 1414 ft: 4138 corp: 614/927Kb lim: 12901 exec/s: 3242 rss: 74Mb L: 460/12901 MS: 4 ChangeByte-CMP-InsertByte-EraseBytes- DE: "\377\377\377\377\377\377\377\013"-
#74745	REDUCE cov: 1414 ft: 4138 corp: 614/927Kb lim: 12901 exec/s: 3249 rss: 74Mb L: 376/12901 MS: 2 ChangeByte-EraseBytes-
#74784	REDUCE cov: 1414 ft: 4138 corp: 614/926Kb lim: 12901 exec/s: 3251 rss: 74Mb L: 2935/12901 MS: 4 CopyPart-PersAutoDict-InsertRepeatedBytes-EraseBytes- DE: "\000\000\000\000"-
#74803	REDUCE cov: 1414 ft: 4138 corp: 614/926Kb lim: 12901 exec/s: 3252 rss: 74Mb L: 8386/12901 MS: 4 ChangeASCIIInt-CMP-ShuffleBytes-EraseBytes- DE: "\014\000\000\000\000\000\000\000"-
#74870	REDUCE cov: 1414 ft: 4138 corp: 614/926Kb lim: 12901 exec/s: 3255 rss: 74Mb L: 172/12901 MS: 2 PersAutoDict-EraseBytes- DE: "\000\000\000P"-
#74971	REDUCE cov: 1414 ft: 4138 corp: 614/926Kb lim: 12901 exec/s: 3259 rss: 74Mb L: 727/12901 MS: 1 EraseBytes-
#75102	REDUCE cov: 1414 ft: 4138 corp: 614/926Kb lim: 12901 exec/s: 3265 rss: 74Mb L: 48/12901 MS: 1 EraseBytes-
#75198	REDUCE cov: 1414 ft: 4138 corp: 614/922Kb lim: 12901 exec/s: 3269 rss: 74Mb L: 4491/12901 MS: 1 EraseBytes-
#75249	REDUCE cov: 1414 ft: 4138 corp: 614/919Kb lim: 12901 exec/s: 3271 rss: 74Mb L: 5538/12901 MS: 1 EraseBytes-
#75275	NEW    cov: 1414 ft: 4139 corp: 615/920Kb lim: 12901 exec/s: 3272 rss: 74Mb L: 237/12901 MS: 1 CopyPart-
#75318	REDUCE cov: 1414 ft: 4139 corp: 615/920Kb lim: 12901 exec/s: 3274 rss: 74Mb L: 134/12901 MS: 3 ChangeBinInt-ChangeASCIIInt-EraseBytes-
#75462	REDUCE cov: 1414 ft: 4139 corp: 615/919Kb lim: 12901 exec/s: 3280 rss: 74Mb L: 1467/12901 MS: 4 CMP-ChangeBinInt-ChangeBit-EraseBytes- DE: "\377\377\377\377\377\377\377\021"-
#75479	REDUCE cov: 1414 ft: 4139 corp: 615/919Kb lim: 12901 exec/s: 3281 rss: 74Mb L: 889/12901 MS: 2 CMP-EraseBytes- DE: "5\000\000\000"-
#75546	REDUCE cov: 1414 ft: 4139 corp: 615/918Kb lim: 12901 exec/s: 3284 rss: 74Mb L: 3220/12901 MS: 2 ChangeByte-EraseBytes-
#75582	REDUCE cov: 1414 ft: 4139 corp: 615/918Kb lim: 12901 exec/s: 3286 rss: 74Mb L: 103/12901 MS: 1 EraseBytes-
#75589	REDUCE cov: 1414 ft: 4139 corp: 615/918Kb lim: 12901 exec/s: 3286 rss: 74Mb L: 152/12901 MS: 2 ShuffleBytes-EraseBytes-
#75710	REDUCE cov: 1414 ft: 4140 corp: 616/919Kb lim: 12901 exec/s: 3291 rss: 74Mb L: 741/12901 MS: 1 InsertRepeatedBytes-
#75805	REDUCE cov: 1414 ft: 4140 corp: 616/919Kb lim: 12901 exec/s: 3295 rss: 74Mb L: 188/12901 MS: 5 ChangeByte-ChangeASCIIInt-CMP-ChangeBinInt-EraseBytes- DE: "\302\000\000\000\000\000\000\000"-
#75817	REDUCE cov: 1414 ft: 4140 corp: 616/918Kb lim: 12901 exec/s: 3296 rss: 74Mb L: 116/12901 MS: 2 ShuffleBytes-EraseBytes-
#76044	REDUCE cov: 1414 ft: 4140 corp: 616/918Kb lim: 12901 exec/s: 3306 rss: 74Mb L: 465/12901 MS: 2 ShuffleBytes-EraseBytes-
#76066	REDUCE cov: 1414 ft: 4140 corp: 616/917Kb lim: 12901 exec/s: 3307 rss: 74Mb L: 2166/12901 MS: 2 CopyPart-EraseBytes-
#76084	REDUCE cov: 1414 ft: 4140 corp: 616/914Kb lim: 12901 exec/s: 3308 rss: 74Mb L: 2324/12901 MS: 3 PersAutoDict-CrossOver-CrossOver- DE: "\211PNG\015\012\346\365"-
#76170	REDUCE cov: 1414 ft: 4141 corp: 617/915Kb lim: 12901 exec/s: 3311 rss: 74Mb L: 300/12901 MS: 1 CrossOver-
#76428	REDUCE cov: 1414 ft: 4141 corp: 617/915Kb lim: 12901 exec/s: 3322 rss: 74Mb L: 213/12901 MS: 3 PersAutoDict-ChangeByte-EraseBytes- DE: ">\000\000\000\000\000\000\000"-
#76541	REDUCE cov: 1414 ft: 4141 corp: 617/915Kb lim: 12901 exec/s: 3327 rss: 74Mb L: 1085/12901 MS: 3 InsertByte-CMP-EraseBytes- DE: "mDCV"-
#76733	REDUCE cov: 1414 ft: 4141 corp: 617/914Kb lim: 12901 exec/s: 3336 rss: 74Mb L: 470/12901 MS: 2 ChangeASCIIInt-EraseBytes-
#76969	REDUCE cov: 1414 ft: 4141 corp: 617/914Kb lim: 12901 exec/s: 3346 rss: 74Mb L: 129/12901 MS: 1 EraseBytes-
#77111	REDUCE cov: 1414 ft: 4141 corp: 617/914Kb lim: 12901 exec/s: 3352 rss: 74Mb L: 179/12901 MS: 2 ChangeBit-EraseBytes-
#77322	REDUCE cov: 1414 ft: 4141 corp: 617/914Kb lim: 12901 exec/s: 3361 rss: 74Mb L: 4479/12901 MS: 1 EraseBytes-
#77393	REDUCE cov: 1414 ft: 4141 corp: 617/914Kb lim: 12901 exec/s: 3364 rss: 74Mb L: 1381/12901 MS: 1 CrossOver-
#77574	REDUCE cov: 1414 ft: 4141 corp: 617/914Kb lim: 12901 exec/s: 3372 rss: 74Mb L: 1612/12901 MS: 1 EraseBytes-
#77631	REDUCE cov: 1414 ft: 4141 corp: 617/914Kb lim: 12901 exec/s: 3375 rss: 74Mb L: 89/12901 MS: 2 ChangeByte-EraseBytes-
#77703	REDUCE cov: 1414 ft: 4141 corp: 617/914Kb lim: 12901 exec/s: 3378 rss: 74Mb L: 402/12901 MS: 2 ChangeASCIIInt-EraseBytes-
#77744	REDUCE cov: 1414 ft: 4141 corp: 617/914Kb lim: 12901 exec/s: 3380 rss: 74Mb L: 46/12901 MS: 1 EraseBytes-
#77786	REDUCE cov: 1414 ft: 4141 corp: 617/914Kb lim: 12901 exec/s: 3241 rss: 74Mb L: 104/12901 MS: 2 InsertByte-EraseBytes-
#77883	REDUCE cov: 1414 ft: 4141 corp: 617/913Kb lim: 12901 exec/s: 3245 rss: 74Mb L: 1003/12901 MS: 2 ChangeASCIIInt-CrossOver-
#77984	REDUCE cov: 1414 ft: 4141 corp: 617/913Kb lim: 12901 exec/s: 3249 rss: 74Mb L: 612/12901 MS: 1 EraseBytes-
#78024	REDUCE cov: 1414 ft: 4141 corp: 617/912Kb lim: 12901 exec/s: 3251 rss: 74Mb L: 497/12901 MS: 5 InsertByte-ChangeBinInt-ChangeBinInt-CopyPart-EraseBytes-
#78035	REDUCE cov: 1414 ft: 4141 corp: 617/912Kb lim: 12901 exec/s: 3251 rss: 74Mb L: 165/12901 MS: 1 EraseBytes-
#78103	REDUCE cov: 1414 ft: 4141 corp: 617/911Kb lim: 12901 exec/s: 3254 rss: 74Mb L: 2325/12901 MS: 3 ShuffleBytes-ChangeBinInt-EraseBytes-
#78148	REDUCE cov: 1414 ft: 4141 corp: 617/911Kb lim: 12901 exec/s: 3256 rss: 74Mb L: 866/12901 MS: 5 InsertRepeatedBytes-ChangeASCIIInt-ShuffleBytes-CopyPart-EraseBytes-
#78153	REDUCE cov: 1414 ft: 4141 corp: 617/911Kb lim: 12901 exec/s: 3256 rss: 74Mb L: 368/12901 MS: 5 ShuffleBytes-CMP-CopyPart-InsertByte-EraseBytes- DE: "bKGD"-
#78234	REDUCE cov: 1414 ft: 4141 corp: 617/911Kb lim: 12901 exec/s: 3259 rss: 74Mb L: 121/12901 MS: 1 EraseBytes-
#78411	REDUCE cov: 1414 ft: 4141 corp: 617/911Kb lim: 12901 exec/s: 3267 rss: 74Mb L: 280/12901 MS: 2 ChangeASCIIInt-EraseBytes-
#78419	REDUCE cov: 1414 ft: 4141 corp: 617/911Kb lim: 12901 exec/s: 3267 rss: 74Mb L: 303/12901 MS: 3 ChangeByte-ChangeASCIIInt-EraseBytes-
#78688	REDUCE cov: 1414 ft: 4141 corp: 617/910Kb lim: 12901 exec/s: 3278 rss: 74Mb L: 1519/12901 MS: 4 InsertRepeatedBytes-PersAutoDict-ShuffleBytes-CrossOver- DE: "\001\253"-
#78693	REDUCE cov: 1414 ft: 4141 corp: 617/909Kb lim: 12901 exec/s: 3278 rss: 74Mb L: 4463/12901 MS: 5 PersAutoDict-ChangeBit-InsertRepeatedBytes-CopyPart-EraseBytes- DE: "\000\000\000P"-
#78694	REDUCE cov: 1414 ft: 4141 corp: 617/909Kb lim: 12901 exec/s: 3278 rss: 74Mb L: 157/12901 MS: 1 EraseBytes-
#78883	REDUCE cov: 1414 ft: 4141 corp: 617/909Kb lim: 12901 exec/s: 3286 rss: 74Mb L: 217/12901 MS: 4 InsertRepeatedBytes-ShuffleBytes-InsertByte-EraseBytes-
#78915	REDUCE cov: 1414 ft: 4141 corp: 617/909Kb lim: 12901 exec/s: 3288 rss: 74Mb L: 239/12901 MS: 2 ChangeBit-EraseBytes-
#78991	REDUCE cov: 1414 ft: 4141 corp: 617/909Kb lim: 12901 exec/s: 3291 rss: 74Mb L: 707/12901 MS: 1 EraseBytes-
#79126	REDUCE cov: 1414 ft: 4141 corp: 617/908Kb lim: 12901 exec/s: 3296 rss: 74Mb L: 666/12901 MS: 5 ChangeBinInt-ChangeASCIIInt-CMP-ShuffleBytes-EraseBytes- DE: "\377\377\377\377\377\377\377\034"-
#79177	REDUCE cov: 1414 ft: 4141 corp: 617/908Kb lim: 12901 exec/s: 3299 rss: 74Mb L: 84/12901 MS: 1 EraseBytes-
#79216	REDUCE cov: 1414 ft: 4141 corp: 617/908Kb lim: 12901 exec/s: 3300 rss: 74Mb L: 1/12901 MS: 4 ChangeBit-ChangeByte-ChangeByte-EraseBytes-
#79282	REDUCE cov: 1414 ft: 4141 corp: 617/908Kb lim: 12901 exec/s: 3303 rss: 74Mb L: 182/12901 MS: 1 EraseBytes-
#79444	REDUCE cov: 1414 ft: 4141 corp: 617/908Kb lim: 12901 exec/s: 3310 rss: 74Mb L: 61/12901 MS: 2 CopyPart-EraseBytes-
#79450	REDUCE cov: 1414 ft: 4141 corp: 617/908Kb lim: 12901 exec/s: 3310 rss: 74Mb L: 1207/12901 MS: 1 EraseBytes-
#79516	REDUCE cov: 1414 ft: 4141 corp: 617/908Kb lim: 12901 exec/s: 3313 rss: 74Mb L: 222/12901 MS: 1 EraseBytes-
#79602	REDUCE cov: 1414 ft: 4141 corp: 617/908Kb lim: 12901 exec/s: 3316 rss: 74Mb L: 583/12901 MS: 1 EraseBytes-
#79623	REDUCE cov: 1414 ft: 4141 corp: 617/908Kb lim: 12901 exec/s: 3317 rss: 74Mb L: 212/12901 MS: 1 EraseBytes-
#79649	NEW    cov: 1414 ft: 4142 corp: 618/908Kb lim: 12901 exec/s: 3318 rss: 74Mb L: 216/12901 MS: 1 CMP- DE: "bKGD"-
#79950	REDUCE cov: 1414 ft: 4142 corp: 618/908Kb lim: 12901 exec/s: 3331 rss: 74Mb L: 253/12901 MS: 1 EraseBytes-
#79996	REDUCE cov: 1414 ft: 4142 corp: 618/908Kb lim: 12901 exec/s: 3333 rss: 74Mb L: 1341/12901 MS: 1 EraseBytes-
#80123	REDUCE cov: 1414 ft: 4142 corp: 618/908Kb lim: 12901 exec/s: 3338 rss: 74Mb L: 185/12901 MS: 2 ChangeBinInt-EraseBytes-
#80269	REDUCE cov: 1414 ft: 4142 corp: 618/908Kb lim: 12901 exec/s: 3344 rss: 74Mb L: 140/12901 MS: 1 EraseBytes-
#80322	REDUCE cov: 1414 ft: 4142 corp: 618/908Kb lim: 12901 exec/s: 3346 rss: 74Mb L: 196/12901 MS: 3 InsertRepeatedBytes-CopyPart-EraseBytes-
#80324	REDUCE cov: 1414 ft: 4142 corp: 618/908Kb lim: 12901 exec/s: 3346 rss: 74Mb L: 563/12901 MS: 2 ChangeBit-EraseBytes-
#80325	REDUCE cov: 1414 ft: 4142 corp: 618/908Kb lim: 12901 exec/s: 3346 rss: 74Mb L: 294/12901 MS: 1 EraseBytes-
#80388	REDUCE cov: 1414 ft: 4142 corp: 618/907Kb lim: 12901 exec/s: 3349 rss: 74Mb L: 873/12901 MS: 3 ShuffleBytes-CMP-EraseBytes- DE: "\026\000\000\000\000\000\000\000"-
#80591	NEW    cov: 1414 ft: 4143 corp: 619/908Kb lim: 12901 exec/s: 3357 rss: 74Mb L: 267/12901 MS: 3 ShuffleBytes-ShuffleBytes-ShuffleBytes-
#80618	REDUCE cov: 1414 ft: 4143 corp: 619/907Kb lim: 12901 exec/s: 3359 rss: 74Mb L: 699/12901 MS: 2 InsertRepeatedBytes-EraseBytes-
#80829	REDUCE cov: 1414 ft: 4143 corp: 619/907Kb lim: 12901 exec/s: 3367 rss: 74Mb L: 158/12901 MS: 1 EraseBytes-
#80905	REDUCE cov: 1414 ft: 4143 corp: 619/907Kb lim: 12901 exec/s: 3371 rss: 74Mb L: 152/12901 MS: 1 EraseBytes-
#81004	REDUCE cov: 1414 ft: 4143 corp: 619/907Kb lim: 12901 exec/s: 3375 rss: 74Mb L: 187/12901 MS: 4 InsertByte-PersAutoDict-ChangeByte-EraseBytes- DE: "bKGD"-
#81078	REDUCE cov: 1414 ft: 4143 corp: 619/907Kb lim: 12901 exec/s: 3378 rss: 74Mb L: 1118/12901 MS: 4 PersAutoDict-ChangeBit-ChangeByte-EraseBytes- DE: "sTER"-
#81299	REDUCE cov: 1414 ft: 4143 corp: 619/907Kb lim: 12901 exec/s: 3251 rss: 74Mb L: 390/12901 MS: 1 EraseBytes-
#81553	NEW    cov: 1415 ft: 4144 corp: 620/914Kb lim: 12901 exec/s: 3262 rss: 74Mb L: 7391/12901 MS: 4 EraseBytes-ShuffleBytes-ChangeBinInt-CMP- DE: "\377\377\377\006"-
#81634	REDUCE cov: 1415 ft: 4144 corp: 620/914Kb lim: 12901 exec/s: 3139 rss: 74Mb L: 236/12901 MS: 1 EraseBytes-
#81705	REDUCE cov: 1415 ft: 4144 corp: 620/914Kb lim: 12901 exec/s: 3142 rss: 74Mb L: 246/12901 MS: 1 EraseBytes-
#81819	REDUCE cov: 1415 ft: 4144 corp: 620/913Kb lim: 12901 exec/s: 3146 rss: 74Mb L: 1765/12901 MS: 4 ChangeBit-InsertRepeatedBytes-ChangeBinInt-EraseBytes-
	NEW_FUNC[1/1]: 0x55ef69de11f0 in png_handle_sPLT /src/libpng/pngrutil.c:1566
#81841	REDUCE cov: 1422 ft: 4151 corp: 621/914Kb lim: 12901 exec/s: 3147 rss: 74Mb L: 740/12901 MS: 2 ShuffleBytes-PersAutoDict- DE: "sPLT"-
#81918	REDUCE cov: 1422 ft: 4151 corp: 621/914Kb lim: 12901 exec/s: 3150 rss: 74Mb L: 547/12901 MS: 2 ShuffleBytes-EraseBytes-
#82166	REDUCE cov: 1422 ft: 4151 corp: 621/914Kb lim: 12901 exec/s: 3160 rss: 74Mb L: 447/12901 MS: 3 CMP-ShuffleBytes-EraseBytes- DE: "\001\000\000\025"-
#82267	REDUCE cov: 1422 ft: 4151 corp: 621/914Kb lim: 12901 exec/s: 3164 rss: 74Mb L: 560/12901 MS: 1 EraseBytes-
#82338	REDUCE cov: 1422 ft: 4151 corp: 621/914Kb lim: 12901 exec/s: 3166 rss: 74Mb L: 1435/12901 MS: 1 EraseBytes-
#82362	REDUCE cov: 1422 ft: 4151 corp: 621/913Kb lim: 12901 exec/s: 3167 rss: 74Mb L: 572/12901 MS: 4 ChangeBinInt-ShuffleBytes-ChangeASCIIInt-EraseBytes-
#82375	REDUCE cov: 1422 ft: 4151 corp: 621/913Kb lim: 12901 exec/s: 3168 rss: 74Mb L: 293/12901 MS: 3 ChangeASCIIInt-ChangeByte-EraseBytes-
#82521	NEW    cov: 1422 ft: 4152 corp: 622/916Kb lim: 12901 exec/s: 3173 rss: 74Mb L: 2624/12901 MS: 1 ChangeBinInt-
#82682	REDUCE cov: 1422 ft: 4152 corp: 622/916Kb lim: 12901 exec/s: 3180 rss: 74Mb L: 310/12901 MS: 1 EraseBytes-
#83069	REDUCE cov: 1422 ft: 4152 corp: 622/916Kb lim: 12901 exec/s: 3194 rss: 74Mb L: 295/12901 MS: 2 EraseBytes-CopyPart-
#83375	REDUCE cov: 1422 ft: 4152 corp: 622/915Kb lim: 12901 exec/s: 3206 rss: 74Mb L: 747/12901 MS: 1 EraseBytes-
#83661	REDUCE cov: 1422 ft: 4152 corp: 622/915Kb lim: 12901 exec/s: 3098 rss: 74Mb L: 227/12901 MS: 1 EraseBytes-
#83955	REDUCE cov: 1422 ft: 4152 corp: 622/914Kb lim: 12901 exec/s: 3109 rss: 74Mb L: 7809/12901 MS: 4 ChangeASCIIInt-CrossOver-ShuffleBytes-CrossOver-
#84145	REDUCE cov: 1422 ft: 4152 corp: 622/914Kb lim: 12901 exec/s: 3116 rss: 74Mb L: 513/12901 MS: 5 ChangeBit-InsertByte-InsertByte-ChangeBinInt-EraseBytes-
#84278	REDUCE cov: 1422 ft: 4152 corp: 622/914Kb lim: 12901 exec/s: 3121 rss: 74Mb L: 1313/12901 MS: 3 CrossOver-ChangeASCIIInt-EraseBytes-
#84629	NEW    cov: 1422 ft: 4154 corp: 623/914Kb lim: 12901 exec/s: 3134 rss: 74Mb L: 260/12901 MS: 1 ChangeBinInt-
#84652	REDUCE cov: 1422 ft: 4154 corp: 623/914Kb lim: 12901 exec/s: 3135 rss: 74Mb L: 33/12901 MS: 3 ShuffleBytes-ChangeBit-EraseBytes-
#84935	REDUCE cov: 1422 ft: 4154 corp: 623/914Kb lim: 12901 exec/s: 3145 rss: 74Mb L: 373/12901 MS: 3 InsertRepeatedBytes-ChangeBinInt-EraseBytes-
#85203	REDUCE cov: 1422 ft: 4154 corp: 623/914Kb lim: 12901 exec/s: 3155 rss: 74Mb L: 837/12901 MS: 3 ChangeByte-CMP-EraseBytes- DE: "\001\000\000\000\000\000\000\022"-
#85254	NEW    cov: 1422 ft: 4155 corp: 624/914Kb lim: 12901 exec/s: 3157 rss: 74Mb L: 208/12901 MS: 1 ChangeBit-
#85348	REDUCE cov: 1422 ft: 4155 corp: 624/914Kb lim: 12901 exec/s: 3161 rss: 74Mb L: 322/12901 MS: 4 CMP-ChangeBinInt-CMP-EraseBytes- DE: "[\000"-"\011\000\000\000\000\000\000\000"-
#85566	REDUCE cov: 1422 ft: 4155 corp: 624/914Kb lim: 12901 exec/s: 3169 rss: 74Mb L: 373/12901 MS: 3 ShuffleBytes-ChangeASCIIInt-EraseBytes-
#85767	REDUCE cov: 1422 ft: 4155 corp: 624/914Kb lim: 12901 exec/s: 3176 rss: 74Mb L: 294/12901 MS: 1 EraseBytes-
#85828	REDUCE cov: 1422 ft: 4155 corp: 624/914Kb lim: 12901 exec/s: 3178 rss: 74Mb L: 3424/12901 MS: 1 EraseBytes-
#85854	REDUCE cov: 1422 ft: 4158 corp: 625/923Kb lim: 12901 exec/s: 3179 rss: 74Mb L: 8867/12901 MS: 1 InsertRepeatedBytes-
#85864	REDUCE cov: 1422 ft: 4158 corp: 625/923Kb lim: 12901 exec/s: 3180 rss: 74Mb L: 221/12901 MS: 5 ChangeBinInt-CMP-ShuffleBytes-ShuffleBytes-EraseBytes- DE: "\021\010\000\000\000\000\000\000"-
#85905	REDUCE cov: 1422 ft: 4158 corp: 625/923Kb lim: 12901 exec/s: 3181 rss: 74Mb L: 64/12901 MS: 1 EraseBytes-
#85954	REDUCE cov: 1422 ft: 4158 corp: 625/922Kb lim: 12901 exec/s: 3183 rss: 74Mb L: 727/12901 MS: 4 ChangeASCIIInt-PersAutoDict-ChangeByte-EraseBytes- DE: "\021\010\000\000\000\000\000\000"-
#85960	REDUCE cov: 1422 ft: 4158 corp: 625/922Kb lim: 12901 exec/s: 3183 rss: 74Mb L: 568/12901 MS: 1 EraseBytes-
#85967	REDUCE cov: 1422 ft: 4158 corp: 625/922Kb lim: 12901 exec/s: 3183 rss: 74Mb L: 186/12901 MS: 2 InsertByte-EraseBytes-
#85978	REDUCE cov: 1422 ft: 4158 corp: 625/922Kb lim: 12901 exec/s: 3184 rss: 74Mb L: 192/12901 MS: 1 EraseBytes-
#85986	REDUCE cov: 1422 ft: 4158 corp: 625/920Kb lim: 12901 exec/s: 3184 rss: 74Mb L: 9956/12901 MS: 3 ShuffleBytes-ShuffleBytes-EraseBytes-
#86040	REDUCE cov: 1422 ft: 4158 corp: 625/920Kb lim: 12901 exec/s: 3186 rss: 74Mb L: 9592/12901 MS: 4 CMP-ChangeBit-ChangeBit-EraseBytes- DE: "\015\000\000\000\000\000\000\000"-
#86112	REDUCE cov: 1422 ft: 4158 corp: 625/920Kb lim: 12901 exec/s: 3189 rss: 74Mb L: 325/12901 MS: 2 PersAutoDict-EraseBytes- DE: "\010\000\000\000\000\000\000\000"-
#86118	REDUCE cov: 1422 ft: 4158 corp: 625/920Kb lim: 12901 exec/s: 3189 rss: 74Mb L: 263/12901 MS: 1 EraseBytes-
#86443	REDUCE cov: 1422 ft: 4158 corp: 625/920Kb lim: 12901 exec/s: 3201 rss: 74Mb L: 235/12901 MS: 5 PersAutoDict-ShuffleBytes-ChangeBinInt-InsertByte-EraseBytes- DE: "\001\000\000\025"-
#86539	REDUCE cov: 1422 ft: 4158 corp: 625/920Kb lim: 12901 exec/s: 3205 rss: 74Mb L: 134/12901 MS: 1 EraseBytes-
#86766	REDUCE cov: 1422 ft: 4158 corp: 625/920Kb lim: 12901 exec/s: 3213 rss: 74Mb L: 1618/12901 MS: 2 InsertRepeatedBytes-EraseBytes-
#86807	REDUCE cov: 1422 ft: 4158 corp: 625/920Kb lim: 12901 exec/s: 3215 rss: 74Mb L: 478/12901 MS: 1 EraseBytes-
#87283	REDUCE cov: 1422 ft: 4158 corp: 625/919Kb lim: 12901 exec/s: 3232 rss: 74Mb L: 1721/12901 MS: 1 EraseBytes-
#87295	REDUCE cov: 1422 ft: 4158 corp: 625/919Kb lim: 12901 exec/s: 3233 rss: 74Mb L: 92/12901 MS: 2 CMP-EraseBytes- DE: "\000\000\000\000\000\000\000\377"-
#87471	REDUCE cov: 1422 ft: 4158 corp: 625/919Kb lim: 12901 exec/s: 3239 rss: 74Mb L: 650/12901 MS: 1 EraseBytes-
#87766	REDUCE cov: 1422 ft: 4158 corp: 625/919Kb lim: 12901 exec/s: 3134 rss: 74Mb L: 2173/12901 MS: 5 ChangeASCIIInt-CrossOver-ChangeASCIIInt-ShuffleBytes-EraseBytes-
#87858	REDUCE cov: 1422 ft: 4158 corp: 625/919Kb lim: 12901 exec/s: 3137 rss: 74Mb L: 1036/12901 MS: 2 PersAutoDict-EraseBytes- DE: "5\000\000\000"-
#88106	REDUCE cov: 1422 ft: 4158 corp: 625/919Kb lim: 12901 exec/s: 3146 rss: 74Mb L: 2025/12901 MS: 3 ChangeBit-ShuffleBytes-EraseBytes-
#88218	REDUCE cov: 1422 ft: 4158 corp: 625/918Kb lim: 12901 exec/s: 3150 rss: 74Mb L: 77/12901 MS: 2 ShuffleBytes-EraseBytes-
#88339	REDUCE cov: 1422 ft: 4158 corp: 625/918Kb lim: 12901 exec/s: 3154 rss: 74Mb L: 1297/12901 MS: 1 EraseBytes-
#88401	REDUCE cov: 1422 ft: 4158 corp: 625/918Kb lim: 12901 exec/s: 3157 rss: 74Mb L: 591/12901 MS: 2 ChangeBit-EraseBytes-
#88512	REDUCE cov: 1422 ft: 4158 corp: 625/918Kb lim: 12901 exec/s: 3161 rss: 74Mb L: 574/12901 MS: 1 EraseBytes-
#88563	REDUCE cov: 1422 ft: 4160 corp: 626/918Kb lim: 12901 exec/s: 3162 rss: 74Mb L: 497/12901 MS: 1 ChangeBinInt-
#88564	REDUCE cov: 1422 ft: 4160 corp: 626/918Kb lim: 12901 exec/s: 3163 rss: 74Mb L: 91/12901 MS: 1 EraseBytes-
#88650	REDUCE cov: 1422 ft: 4160 corp: 626/918Kb lim: 12901 exec/s: 3166 rss: 74Mb L: 9369/12901 MS: 1 EraseBytes-
#88716	REDUCE cov: 1422 ft: 4160 corp: 626/918Kb lim: 12901 exec/s: 3168 rss: 74Mb L: 1085/12901 MS: 1 EraseBytes-
#88942	NEW    cov: 1423 ft: 4161 corp: 627/918Kb lim: 12901 exec/s: 3176 rss: 74Mb L: 146/12901 MS: 1 ChangeBit-
#89001	REDUCE cov: 1423 ft: 4161 corp: 627/917Kb lim: 12901 exec/s: 3178 rss: 74Mb L: 764/12901 MS: 4 ChangeBit-ChangeBit-CopyPart-EraseBytes-
#89045	REDUCE cov: 1423 ft: 4161 corp: 627/917Kb lim: 12901 exec/s: 3180 rss: 74Mb L: 1264/12901 MS: 4 ChangeBit-ChangeByte-InsertRepeatedBytes-EraseBytes-
#89391	REDUCE cov: 1423 ft: 4161 corp: 627/917Kb lim: 12901 exec/s: 3192 rss: 74Mb L: 459/12901 MS: 1 EraseBytes-
#89548	REDUCE cov: 1423 ft: 4161 corp: 627/917Kb lim: 12901 exec/s: 3198 rss: 74Mb L: 94/12901 MS: 2 CopyPart-EraseBytes-
#89660	REDUCE cov: 1423 ft: 4161 corp: 627/917Kb lim: 12901 exec/s: 3202 rss: 74Mb L: 73/12901 MS: 2 ShuffleBytes-EraseBytes-
#89806	REDUCE cov: 1423 ft: 4161 corp: 627/917Kb lim: 12901 exec/s: 3207 rss: 74Mb L: 214/12901 MS: 1 EraseBytes-
#89846	REDUCE cov: 1423 ft: 4161 corp: 627/917Kb lim: 12901 exec/s: 3208 rss: 74Mb L: 769/12901 MS: 5 ChangeByte-ShuffleBytes-EraseBytes-InsertRepeatedBytes-PersAutoDict- DE: "\034\000\000\000\000\000\000\000"-
#90013	REDUCE cov: 1423 ft: 4161 corp: 627/917Kb lim: 12901 exec/s: 3214 rss: 74Mb L: 357/12901 MS: 2 ChangeByte-EraseBytes-
#90115	REDUCE cov: 1424 ft: 4166 corp: 628/918Kb lim: 12901 exec/s: 3218 rss: 74Mb L: 838/12901 MS: 2 InsertByte-ChangeByte-
#90193	REDUCE cov: 1424 ft: 4166 corp: 628/918Kb lim: 12901 exec/s: 3221 rss: 74Mb L: 151/12901 MS: 3 ChangeBinInt-CMP-EraseBytes- DE: "\001\000\000\010"-
#90225	REDUCE cov: 1424 ft: 4166 corp: 628/918Kb lim: 12901 exec/s: 3222 rss: 74Mb L: 1707/12901 MS: 2 CMP-EraseBytes- DE: "\377\377\377\377\377\377\377\302"-
#90231	NEW    cov: 1424 ft: 4207 corp: 629/918Kb lim: 12901 exec/s: 3222 rss: 74Mb L: 489/12901 MS: 1 CopyPart-
#90257	REDUCE cov: 1424 ft: 4208 corp: 630/919Kb lim: 12901 exec/s: 3223 rss: 74Mb L: 674/12901 MS: 1 CrossOver-
#90417	REDUCE cov: 1424 ft: 4208 corp: 630/919Kb lim: 12901 exec/s: 3229 rss: 74Mb L: 432/12901 MS: 5 ShuffleBytes-ChangeASCIIInt-InsertByte-CMP-EraseBytes- DE: "\002\000\000\000\000\000\000\000"-
#90508	REDUCE cov: 1424 ft: 4208 corp: 630/919Kb lim: 12901 exec/s: 3232 rss: 74Mb L: 307/12901 MS: 1 EraseBytes-
#90563	REDUCE cov: 1424 ft: 4208 corp: 630/918Kb lim: 12901 exec/s: 3234 rss: 74Mb L: 8815/12901 MS: 5 InsertByte-InsertRepeatedBytes-InsertRepeatedBytes-ShuffleBytes-EraseBytes-
#90896	REDUCE cov: 1424 ft: 4208 corp: 630/917Kb lim: 12901 exec/s: 3246 rss: 74Mb L: 2823/12901 MS: 3 CrossOver-ShuffleBytes-EraseBytes-
#90927	REDUCE cov: 1424 ft: 4208 corp: 630/917Kb lim: 12901 exec/s: 3247 rss: 74Mb L: 929/12901 MS: 1 EraseBytes-
#91048	REDUCE cov: 1424 ft: 4208 corp: 630/917Kb lim: 12901 exec/s: 3251 rss: 74Mb L: 99/12901 MS: 1 EraseBytes-
#91059	REDUCE cov: 1424 ft: 4208 corp: 630/917Kb lim: 12901 exec/s: 3252 rss: 74Mb L: 714/12901 MS: 1 EraseBytes-
#91095	REDUCE cov: 1424 ft: 4208 corp: 630/917Kb lim: 12901 exec/s: 3253 rss: 74Mb L: 259/12901 MS: 1 EraseBytes-
#91197	REDUCE cov: 1424 ft: 4208 corp: 630/917Kb lim: 12901 exec/s: 3144 rss: 74Mb L: 1439/12901 MS: 2 CrossOver-EraseBytes-
#91263	REDUCE cov: 1424 ft: 4208 corp: 630/917Kb lim: 12901 exec/s: 3147 rss: 74Mb L: 611/12901 MS: 1 EraseBytes-
#91564	REDUCE cov: 1424 ft: 4208 corp: 630/917Kb lim: 12901 exec/s: 3157 rss: 74Mb L: 42/12901 MS: 1 EraseBytes-
#91621	REDUCE cov: 1424 ft: 4208 corp: 630/917Kb lim: 12901 exec/s: 3159 rss: 74Mb L: 59/12901 MS: 2 PersAutoDict-EraseBytes- DE: "\377\377\377\006"-
#91652	REDUCE cov: 1424 ft: 4208 corp: 630/917Kb lim: 12901 exec/s: 3160 rss: 74Mb L: 101/12901 MS: 1 EraseBytes-
#91709	REDUCE cov: 1424 ft: 4208 corp: 630/917Kb lim: 12901 exec/s: 3162 rss: 74Mb L: 2161/12901 MS: 2 ChangeBinInt-EraseBytes-
#91721	REDUCE cov: 1424 ft: 4208 corp: 630/917Kb lim: 12901 exec/s: 3162 rss: 74Mb L: 1441/12901 MS: 2 ShuffleBytes-EraseBytes-
#91735	REDUCE cov: 1424 ft: 4208 corp: 630/917Kb lim: 12901 exec/s: 3163 rss: 74Mb L: 626/12901 MS: 4 PersAutoDict-InsertRepeatedBytes-CopyPart-EraseBytes- DE: "cHRM"-
#91897	REDUCE cov: 1424 ft: 4208 corp: 630/916Kb lim: 12901 exec/s: 3168 rss: 74Mb L: 1093/12901 MS: 2 ChangeByte-EraseBytes-
#91929	NEW    cov: 1424 ft: 4209 corp: 631/917Kb lim: 12901 exec/s: 3169 rss: 74Mb L: 1925/12901 MS: 2 PersAutoDict-CopyPart- DE: "\000\000\000\000\000\000\000\006"-
#92320	NEW    cov: 1424 ft: 4210 corp: 632/918Kb lim: 12901 exec/s: 3183 rss: 74Mb L: 250/12901 MS: 1 PersAutoDict- DE: "\021\000"-
#92458	REDUCE cov: 1424 ft: 4210 corp: 632/918Kb lim: 12901 exec/s: 3188 rss: 74Mb L: 773/12901 MS: 3 CMP-ShuffleBytes-EraseBytes- DE: "pHYs"-
#92508	REDUCE cov: 1424 ft: 4210 corp: 632/917Kb lim: 12901 exec/s: 3189 rss: 74Mb L: 557/12901 MS: 5 CMP-CMP-ShuffleBytes-ChangeBit-EraseBytes- DE: "eXIf"-"\377\377\377\377\377\377\377\302"-
#92530	REDUCE cov: 1424 ft: 4210 corp: 632/917Kb lim: 12901 exec/s: 3190 rss: 74Mb L: 155/12901 MS: 2 ChangeASCIIInt-EraseBytes-
#92631	REDUCE cov: 1424 ft: 4210 corp: 632/917Kb lim: 12901 exec/s: 3194 rss: 74Mb L: 165/12901 MS: 1 EraseBytes-
#92702	NEW    cov: 1425 ft: 4211 corp: 633/918Kb lim: 12901 exec/s: 3196 rss: 74Mb L: 325/12901 MS: 1 ChangeByte-
#92766	REDUCE cov: 1425 ft: 4211 corp: 633/918Kb lim: 12901 exec/s: 3198 rss: 74Mb L: 672/12901 MS: 4 InsertByte-ChangeBinInt-ChangeBit-EraseBytes-
#92767	REDUCE cov: 1425 ft: 4211 corp: 633/918Kb lim: 12901 exec/s: 3198 rss: 74Mb L: 143/12901 MS: 1 EraseBytes-
#92795	REDUCE cov: 1425 ft: 4211 corp: 633/918Kb lim: 12901 exec/s: 3199 rss: 74Mb L: 7373/12901 MS: 3 ChangeByte-CopyPart-EraseBytes-
#93021	REDUCE cov: 1425 ft: 4211 corp: 633/917Kb lim: 12901 exec/s: 3207 rss: 74Mb L: 130/12901 MS: 1 EraseBytes-
#93129	REDUCE cov: 1425 ft: 4211 corp: 633/917Kb lim: 12901 exec/s: 3211 rss: 74Mb L: 151/12901 MS: 3 CopyPart-PersAutoDict-EraseBytes- DE: "gAMA"-
#93232	REDUCE cov: 1425 ft: 4211 corp: 633/917Kb lim: 12901 exec/s: 3214 rss: 74Mb L: 7265/12901 MS: 3 CopyPart-ChangeBinInt-EraseBytes-
#93580	REDUCE cov: 1425 ft: 4212 corp: 634/918Kb lim: 12901 exec/s: 3226 rss: 74Mb L: 837/12901 MS: 3 ChangeBinInt-ChangeByte-CrossOver-
#93868	REDUCE cov: 1425 ft: 4212 corp: 634/918Kb lim: 12901 exec/s: 3236 rss: 74Mb L: 242/12901 MS: 3 ChangeByte-ChangeByte-EraseBytes-
#94562	REDUCE cov: 1425 ft: 4212 corp: 634/918Kb lim: 12901 exec/s: 3260 rss: 74Mb L: 1343/12901 MS: 4 InsertByte-InsertByte-ChangeASCIIInt-EraseBytes-
#94957	NEW    cov: 1428 ft: 4215 corp: 635/918Kb lim: 12901 exec/s: 3274 rss: 74Mb L: 412/12901 MS: 5 CopyPart-ChangeByte-CMP-InsertByte-CMP- DE: "\000\000\000\000\000\000\000-"-"iCCP"-
#95047	REDUCE cov: 1428 ft: 4215 corp: 635/918Kb lim: 12901 exec/s: 3168 rss: 74Mb L: 560/12901 MS: 5 ChangeByte-ChangeBinInt-ChangeByte-ChangeByte-EraseBytes-
#95238	REDUCE cov: 1428 ft: 4215 corp: 635/918Kb lim: 12901 exec/s: 3174 rss: 74Mb L: 1298/12901 MS: 1 EraseBytes-
#95250	REDUCE cov: 1428 ft: 4215 corp: 635/917Kb lim: 12901 exec/s: 3175 rss: 74Mb L: 651/12901 MS: 2 ShuffleBytes-EraseBytes-
#95426	REDUCE cov: 1428 ft: 4215 corp: 635/917Kb lim: 12901 exec/s: 3180 rss: 74Mb L: 116/12901 MS: 1 EraseBytes-
#95607	REDUCE cov: 1428 ft: 4215 corp: 635/917Kb lim: 12901 exec/s: 3186 rss: 74Mb L: 54/12901 MS: 1 EraseBytes-
#95632	REDUCE cov: 1429 ft: 4217 corp: 636/918Kb lim: 12901 exec/s: 3187 rss: 74Mb L: 376/12901 MS: 5 ChangeASCIIInt-ChangeBinInt-CMP-ChangeBit-ChangeBinInt- DE: "\000\000\000\000\000\000\000\011"-
#95660	REDUCE cov: 1429 ft: 4217 corp: 636/918Kb lim: 12901 exec/s: 3188 rss: 74Mb L: 595/12901 MS: 3 InsertByte-CMP-EraseBytes- DE: "pCAL"-
#95701	REDUCE cov: 1429 ft: 4217 corp: 636/918Kb lim: 12901 exec/s: 3190 rss: 74Mb L: 116/12901 MS: 1 EraseBytes-
#96017	REDUCE cov: 1429 ft: 4217 corp: 636/916Kb lim: 12901 exec/s: 3200 rss: 74Mb L: 1993/12901 MS: 1 EraseBytes-
#96164	REDUCE cov: 1429 ft: 4217 corp: 636/916Kb lim: 12901 exec/s: 3205 rss: 74Mb L: 118/12901 MS: 2 ShuffleBytes-EraseBytes-
#96165	REDUCE cov: 1429 ft: 4217 corp: 636/916Kb lim: 12901 exec/s: 3205 rss: 74Mb L: 182/12901 MS: 1 EraseBytes-
#96166	REDUCE cov: 1429 ft: 4217 corp: 636/916Kb lim: 12901 exec/s: 3205 rss: 74Mb L: 1357/12901 MS: 1 EraseBytes-
#96187	REDUCE cov: 1429 ft: 4217 corp: 636/916Kb lim: 12901 exec/s: 3206 rss: 74Mb L: 128/12901 MS: 1 EraseBytes-
#96330	REDUCE cov: 1429 ft: 4217 corp: 636/916Kb lim: 12901 exec/s: 3211 rss: 74Mb L: 124/12901 MS: 3 ShuffleBytes-InsertRepeatedBytes-EraseBytes-
#96412	REDUCE cov: 1429 ft: 4217 corp: 636/916Kb lim: 12901 exec/s: 3213 rss: 74Mb L: 160/12901 MS: 2 EraseBytes-CopyPart-
#96466	REDUCE cov: 1429 ft: 4217 corp: 636/915Kb lim: 12901 exec/s: 3215 rss: 74Mb L: 602/12901 MS: 4 CMP-ChangeASCIIInt-InsertByte-EraseBytes- DE: "\005\000\000\000\000\000\000\000"-
#96584	REDUCE cov: 1429 ft: 4217 corp: 636/912Kb lim: 12901 exec/s: 3219 rss: 74Mb L: 4396/12901 MS: 3 CMP-ChangeBit-EraseBytes- DE: "\375\377\377\377"-
#96636	REDUCE cov: 1429 ft: 4217 corp: 636/912Kb lim: 12901 exec/s: 3221 rss: 74Mb L: 468/12901 MS: 2 ChangeByte-EraseBytes-
#96699	REDUCE cov: 1429 ft: 4217 corp: 636/910Kb lim: 12901 exec/s: 3223 rss: 74Mb L: 2207/12901 MS: 3 ChangeASCIIInt-ChangeASCIIInt-EraseBytes-
#96705	NEW    cov: 1429 ft: 4218 corp: 637/912Kb lim: 12901 exec/s: 3223 rss: 74Mb L: 1399/12901 MS: 1 CopyPart-
#96737	REDUCE cov: 1429 ft: 4218 corp: 637/911Kb lim: 12901 exec/s: 3224 rss: 74Mb L: 850/12901 MS: 2 ChangeASCIIInt-EraseBytes-
#96783	REDUCE cov: 1429 ft: 4218 corp: 637/911Kb lim: 12901 exec/s: 3226 rss: 74Mb L: 419/12901 MS: 1 EraseBytes-
#96841	REDUCE cov: 1429 ft: 4218 corp: 637/911Kb lim: 12901 exec/s: 3228 rss: 74Mb L: 4514/12901 MS: 3 InsertByte-InsertRepeatedBytes-EraseBytes-
#96857	NEW    cov: 1429 ft: 4220 corp: 638/924Kb lim: 12901 exec/s: 3228 rss: 74Mb L: 12901/12901 MS: 1 PersAutoDict- DE: "\003\350"-
#96995	REDUCE cov: 1429 ft: 4221 corp: 639/926Kb lim: 12901 exec/s: 3233 rss: 74Mb L: 1893/12901 MS: 3 InsertRepeatedBytes-ShuffleBytes-CrossOver-
#97128	NEW    cov: 1429 ft: 4230 corp: 640/926Kb lim: 12901 exec/s: 3237 rss: 74Mb L: 806/12901 MS: 3 ChangeBit-CMP-CopyPart- DE: "cLLI"-
#97169	REDUCE cov: 1429 ft: 4231 corp: 641/927Kb lim: 12901 exec/s: 3238 rss: 74Mb L: 141/12901 MS: 1 EraseBytes-
#97173	REDUCE cov: 1429 ft: 4231 corp: 641/924Kb lim: 12901 exec/s: 3239 rss: 74Mb L: 3900/12901 MS: 4 ChangeBinInt-ShuffleBytes-ChangeBinInt-EraseBytes-
#97264	REDUCE cov: 1429 ft: 4231 corp: 641/924Kb lim: 12901 exec/s: 3242 rss: 74Mb L: 276/12901 MS: 1 EraseBytes-
#97415	REDUCE cov: 1429 ft: 4231 corp: 641/924Kb lim: 12901 exec/s: 3247 rss: 74Mb L: 115/12901 MS: 1 EraseBytes-
#97571	NEW    cov: 1429 ft: 4232 corp: 642/937Kb lim: 12901 exec/s: 3252 rss: 74Mb L: 12901/12901 MS: 1 ChangeASCIIInt-
#97698	NEW    cov: 1429 ft: 4233 corp: 643/937Kb lim: 12901 exec/s: 3256 rss: 74Mb L: 112/12901 MS: 2 ChangeASCIIInt-PersAutoDict- DE: "\021\000"-
#97916	REDUCE cov: 1429 ft: 4233 corp: 643/936Kb lim: 12901 exec/s: 3263 rss: 74Mb L: 450/12901 MS: 3 ChangeByte-PersAutoDict-EraseBytes- DE: "\377\377\004\217"-
#98097	REDUCE cov: 1429 ft: 4233 corp: 643/936Kb lim: 12901 exec/s: 3269 rss: 74Mb L: 1782/12901 MS: 1 EraseBytes-
#98115	REDUCE cov: 1429 ft: 4233 corp: 643/936Kb lim: 12901 exec/s: 3270 rss: 74Mb L: 558/12901 MS: 3 ChangeBinInt-ChangeBinInt-EraseBytes-
#98762	REDUCE cov: 1429 ft: 4233 corp: 643/936Kb lim: 12901 exec/s: 3292 rss: 74Mb L: 362/12901 MS: 2 ChangeBinInt-EraseBytes-
#98923	REDUCE cov: 1429 ft: 4233 corp: 643/935Kb lim: 12901 exec/s: 3297 rss: 74Mb L: 9798/12901 MS: 1 EraseBytes-
#99184	REDUCE cov: 1429 ft: 4233 corp: 643/935Kb lim: 12901 exec/s: 3199 rss: 74Mb L: 89/12901 MS: 1 EraseBytes-
#99225	NEW    cov: 1431 ft: 4235 corp: 644/935Kb lim: 12901 exec/s: 3200 rss: 74Mb L: 142/12901 MS: 1 ChangeASCIIInt-
#99237	REDUCE cov: 1431 ft: 4235 corp: 644/935Kb lim: 12901 exec/s: 3201 rss: 74Mb L: 154/12901 MS: 2 ChangeBit-EraseBytes-
#99364	REDUCE cov: 1431 ft: 4235 corp: 644/935Kb lim: 12901 exec/s: 3205 rss: 74Mb L: 963/12901 MS: 2 ShuffleBytes-EraseBytes-
#99489	REDUCE cov: 1431 ft: 4235 corp: 644/935Kb lim: 12901 exec/s: 3209 rss: 74Mb L: 820/12901 MS: 5 CrossOver-ChangeBinInt-CrossOver-ShuffleBytes-EraseBytes-
#99990	REDUCE cov: 1431 ft: 4235 corp: 644/934Kb lim: 12901 exec/s: 3225 rss: 74Mb L: 314/12901 MS: 1 EraseBytes-
#100022	REDUCE cov: 1431 ft: 4235 corp: 644/933Kb lim: 12901 exec/s: 3226 rss: 74Mb L: 2379/12901 MS: 2 ChangeBit-CrossOver-
#100126	REDUCE cov: 1431 ft: 4235 corp: 644/933Kb lim: 12901 exec/s: 3229 rss: 74Mb L: 2291/12901 MS: 4 EraseBytes-CMP-InsertByte-CrossOver- DE: "E\000\000\000"-
#100362	REDUCE cov: 1431 ft: 4235 corp: 644/933Kb lim: 12901 exec/s: 3237 rss: 74Mb L: 253/12901 MS: 1 EraseBytes-
#100389	REDUCE cov: 1431 ft: 4235 corp: 644/933Kb lim: 12901 exec/s: 3238 rss: 74Mb L: 688/12901 MS: 2 ChangeBit-EraseBytes-
#100404	REDUCE cov: 1431 ft: 4235 corp: 644/933Kb lim: 12901 exec/s: 3238 rss: 74Mb L: 2205/12901 MS: 5 CrossOver-EraseBytes-ChangeBinInt-ChangeByte-EraseBytes-
#100406	REDUCE cov: 1431 ft: 4235 corp: 644/933Kb lim: 12901 exec/s: 3238 rss: 74Mb L: 412/12901 MS: 2 ShuffleBytes-EraseBytes-
#100454	REDUCE cov: 1431 ft: 4235 corp: 644/933Kb lim: 12901 exec/s: 3240 rss: 74Mb L: 1339/12901 MS: 3 ChangeBinInt-InsertByte-EraseBytes-
#100574	REDUCE cov: 1431 ft: 4235 corp: 644/933Kb lim: 12901 exec/s: 3244 rss: 74Mb L: 465/12901 MS: 5 ChangeASCIIInt-ChangeASCIIInt-CMP-ShuffleBytes-EraseBytes- DE: "A\000\000\000"-
#100716	REDUCE cov: 1432 ft: 4236 corp: 645/938Kb lim: 12901 exec/s: 3248 rss: 74Mb L: 5426/12901 MS: 2 ChangeBit-EraseBytes-
#100769	REDUCE cov: 1432 ft: 4236 corp: 645/937Kb lim: 12901 exec/s: 3250 rss: 74Mb L: 635/12901 MS: 3 InsertRepeatedBytes-ChangeBit-EraseBytes-
#100791	NEW    cov: 1432 ft: 4237 corp: 646/940Kb lim: 12901 exec/s: 3251 rss: 74Mb L: 2357/12901 MS: 2 PersAutoDict-ChangeBit- DE: "hIST"-
#100865	REDUCE cov: 1432 ft: 4237 corp: 646/935Kb lim: 12901 exec/s: 3253 rss: 74Mb L: 2140/12901 MS: 4 InsertRepeatedBytes-ShuffleBytes-ShuffleBytes-CrossOver-
#100882	REDUCE cov: 1432 ft: 4237 corp: 646/935Kb lim: 12901 exec/s: 3254 rss: 74Mb L: 157/12901 MS: 2 ChangeBit-EraseBytes-
#101183	REDUCE cov: 1432 ft: 4237 corp: 646/935Kb lim: 12901 exec/s: 3263 rss: 74Mb L: 1562/12901 MS: 1 CrossOver-
#101236	REDUCE cov: 1432 ft: 4237 corp: 646/934Kb lim: 12901 exec/s: 3265 rss: 74Mb L: 532/12901 MS: 3 ChangeASCIIInt-ChangeBinInt-EraseBytes-
#101467	REDUCE cov: 1432 ft: 4237 corp: 646/934Kb lim: 12901 exec/s: 3273 rss: 74Mb L: 4323/12901 MS: 1 EraseBytes-
#101523	REDUCE cov: 1432 ft: 4237 corp: 646/934Kb lim: 12901 exec/s: 3274 rss: 74Mb L: 248/12901 MS: 1 EraseBytes-
#101834	REDUCE cov: 1432 ft: 4237 corp: 646/933Kb lim: 12901 exec/s: 3284 rss: 74Mb L: 3912/12901 MS: 1 EraseBytes-
#101901	REDUCE cov: 1432 ft: 4237 corp: 646/933Kb lim: 12901 exec/s: 3287 rss: 74Mb L: 145/12901 MS: 2 InsertByte-EraseBytes-
#102286	REDUCE cov: 1432 ft: 4237 corp: 646/932Kb lim: 12901 exec/s: 3299 rss: 74Mb L: 422/12901 MS: 5 ChangeASCIIInt-ChangeBinInt-CrossOver-ChangeBit-EraseBytes-
#102288	REDUCE cov: 1432 ft: 4237 corp: 646/932Kb lim: 12901 exec/s: 3299 rss: 74Mb L: 163/12901 MS: 2 PersAutoDict-EraseBytes- DE: "\021\000\000\000\000\000\000\000"-
#102294	REDUCE cov: 1432 ft: 4237 corp: 646/932Kb lim: 12901 exec/s: 3299 rss: 74Mb L: 1394/12901 MS: 1 EraseBytes-
#102795	REDUCE cov: 1432 ft: 4237 corp: 646/932Kb lim: 12901 exec/s: 3315 rss: 74Mb L: 63/12901 MS: 1 EraseBytes-
#102923	REDUCE cov: 1432 ft: 4237 corp: 646/932Kb lim: 12901 exec/s: 3216 rss: 74Mb L: 120/12901 MS: 3 ChangeBit-ChangeBinInt-EraseBytes-
#103040	REDUCE cov: 1432 ft: 4237 corp: 646/932Kb lim: 12901 exec/s: 3220 rss: 74Mb L: 62/12901 MS: 2 ChangeBit-EraseBytes-
#103121	REDUCE cov: 1432 ft: 4237 corp: 646/931Kb lim: 12901 exec/s: 3222 rss: 74Mb L: 114/12901 MS: 1 EraseBytes-
#103507	REDUCE cov: 1432 ft: 4237 corp: 646/931Kb lim: 12901 exec/s: 3234 rss: 74Mb L: 84/12901 MS: 1 EraseBytes-
#103714	REDUCE cov: 1432 ft: 4237 corp: 646/931Kb lim: 12901 exec/s: 3241 rss: 74Mb L: 987/12901 MS: 2 ChangeBit-EraseBytes-
#103826	REDUCE cov: 1432 ft: 4237 corp: 646/931Kb lim: 12901 exec/s: 3244 rss: 74Mb L: 133/12901 MS: 2 CopyPart-EraseBytes-
#104097	REDUCE cov: 1432 ft: 4237 corp: 646/931Kb lim: 12901 exec/s: 3253 rss: 74Mb L: 395/12901 MS: 1 EraseBytes-
#104300	REDUCE cov: 1432 ft: 4237 corp: 646/931Kb lim: 12901 exec/s: 3259 rss: 74Mb L: 106/12901 MS: 3 ShuffleBytes-ChangeASCIIInt-EraseBytes-
#104311	REDUCE cov: 1432 ft: 4237 corp: 646/931Kb lim: 12901 exec/s: 3259 rss: 74Mb L: 291/12901 MS: 1 EraseBytes-
#104312	REDUCE cov: 1432 ft: 4237 corp: 646/931Kb lim: 12901 exec/s: 3259 rss: 74Mb L: 198/12901 MS: 1 EraseBytes-
#104328	REDUCE cov: 1432 ft: 4237 corp: 646/931Kb lim: 12901 exec/s: 3260 rss: 74Mb L: 1597/12901 MS: 1 EraseBytes-
#104421	REDUCE cov: 1432 ft: 4237 corp: 646/931Kb lim: 12901 exec/s: 3263 rss: 74Mb L: 1007/12901 MS: 3 CopyPart-ChangeBinInt-EraseBytes-
#104423	REDUCE cov: 1432 ft: 4237 corp: 646/931Kb lim: 12901 exec/s: 3263 rss: 74Mb L: 603/12901 MS: 2 ChangeBit-CrossOver-
#104439	REDUCE cov: 1432 ft: 4237 corp: 646/931Kb lim: 12901 exec/s: 3263 rss: 74Mb L: 85/12901 MS: 1 EraseBytes-
#104535	REDUCE cov: 1432 ft: 4237 corp: 646/931Kb lim: 12901 exec/s: 3266 rss: 74Mb L: 405/12901 MS: 1 EraseBytes-
#104552	REDUCE cov: 1433 ft: 4238 corp: 647/938Kb lim: 12901 exec/s: 3267 rss: 74Mb L: 7981/12901 MS: 2 PersAutoDict-CopyPart- DE: "iTXt"-
#104898	REDUCE cov: 1433 ft: 4241 corp: 648/939Kb lim: 12901 exec/s: 3278 rss: 74Mb L: 770/12901 MS: 1 InsertByte-
#104909	REDUCE cov: 1433 ft: 4241 corp: 648/939Kb lim: 12901 exec/s: 3278 rss: 74Mb L: 77/12901 MS: 1 EraseBytes-
#104976	REDUCE cov: 1433 ft: 4241 corp: 648/939Kb lim: 12901 exec/s: 3280 rss: 74Mb L: 160/12901 MS: 2 ChangeASCIIInt-EraseBytes-
#105100	REDUCE cov: 1433 ft: 4241 corp: 648/939Kb lim: 12901 exec/s: 3284 rss: 74Mb L: 1751/12901 MS: 4 InsertByte-InsertRepeatedBytes-CMP-EraseBytes- DE: "\000\000\000\000"-
#105248	REDUCE cov: 1433 ft: 4241 corp: 648/939Kb lim: 12901 exec/s: 3289 rss: 74Mb L: 653/12901 MS: 3 PersAutoDict-CopyPart-EraseBytes- DE: "\000\000\000\000\000\000\000-"-
#105400	REDUCE cov: 1433 ft: 4242 corp: 649/939Kb lim: 12901 exec/s: 3293 rss: 74Mb L: 497/12901 MS: 2 ChangeBinInt-CrossOver-
#105883	NEW    cov: 1434 ft: 4244 corp: 650/940Kb lim: 12901 exec/s: 3308 rss: 74Mb L: 980/12901 MS: 3 InsertRepeatedBytes-ChangeBit-InsertRepeatedBytes-
#106015	REDUCE cov: 1434 ft: 4244 corp: 650/940Kb lim: 12901 exec/s: 3312 rss: 74Mb L: 562/12901 MS: 2 InsertByte-EraseBytes-
#106045	REDUCE cov: 1434 ft: 4244 corp: 650/940Kb lim: 12901 exec/s: 3313 rss: 74Mb L: 2912/12901 MS: 5 InsertByte-InsertRepeatedBytes-ChangeBinInt-ChangeBit-EraseBytes-
#106175	REDUCE cov: 1434 ft: 4244 corp: 650/939Kb lim: 12901 exec/s: 3317 rss: 74Mb L: 1313/12901 MS: 5 EraseBytes-CrossOver-ChangeASCIIInt-InsertRepeatedBytes-CrossOver-
#106291	REDUCE cov: 1434 ft: 4244 corp: 650/939Kb lim: 12901 exec/s: 3321 rss: 74Mb L: 533/12901 MS: 1 EraseBytes-
#106404	NEW    cov: 1434 ft: 4245 corp: 651/940Kb lim: 12901 exec/s: 3325 rss: 74Mb L: 839/12901 MS: 3 ChangeBinInt-ChangeBinInt-PersAutoDict- DE: "\000Z"-
#106590	REDUCE cov: 1434 ft: 4245 corp: 651/940Kb lim: 12901 exec/s: 3230 rss: 74Mb L: 490/12901 MS: 1 EraseBytes-
#106806	REDUCE cov: 1434 ft: 4246 corp: 652/940Kb lim: 12901 exec/s: 3236 rss: 74Mb L: 114/12901 MS: 1 ChangeBit-
#107290	REDUCE cov: 1434 ft: 4246 corp: 652/940Kb lim: 12901 exec/s: 3251 rss: 74Mb L: 430/12901 MS: 4 ChangeASCIIInt-ChangeBit-InsertByte-EraseBytes-
#107367	REDUCE cov: 1434 ft: 4246 corp: 652/940Kb lim: 12901 exec/s: 3253 rss: 74Mb L: 4218/12901 MS: 2 InsertByte-EraseBytes-
#107642	REDUCE cov: 1434 ft: 4246 corp: 652/940Kb lim: 12901 exec/s: 3261 rss: 74Mb L: 1637/12901 MS: 5 ChangeASCIIInt-PersAutoDict-CrossOver-ChangeASCIIInt-EraseBytes- DE: "\377\377\377\377\377\377\377\302"-
#107830	REDUCE cov: 1434 ft: 4246 corp: 652/939Kb lim: 12901 exec/s: 3267 rss: 74Mb L: 3735/12901 MS: 3 CopyPart-ChangeByte-EraseBytes-
#107943	REDUCE cov: 1434 ft: 4246 corp: 652/939Kb lim: 12901 exec/s: 3271 rss: 74Mb L: 414/12901 MS: 3 ShuffleBytes-InsertByte-EraseBytes-
#108255	REDUCE cov: 1434 ft: 4246 corp: 652/939Kb lim: 12901 exec/s: 3280 rss: 74Mb L: 193/12901 MS: 2 InsertByte-EraseBytes-
#108316	REDUCE cov: 1434 ft: 4246 corp: 652/939Kb lim: 12901 exec/s: 3282 rss: 74Mb L: 257/12901 MS: 1 EraseBytes-
#108394	REDUCE cov: 1437 ft: 4249 corp: 653/939Kb lim: 12901 exec/s: 3284 rss: 74Mb L: 363/12901 MS: 3 ShuffleBytes-ChangeBinInt-PersAutoDict- DE: "sPLT"-
#108454	REDUCE cov: 1437 ft: 4249 corp: 653/939Kb lim: 12901 exec/s: 3286 rss: 74Mb L: 9297/12901 MS: 5 PersAutoDict-CMP-ChangeByte-ChangeByte-EraseBytes- DE: "\377\377\377\377\377\377\377\005"-"zTXt"-
#108525	REDUCE cov: 1437 ft: 4249 corp: 653/939Kb lim: 12901 exec/s: 3288 rss: 74Mb L: 38/12901 MS: 1 EraseBytes-
#108651	REDUCE cov: 1437 ft: 4249 corp: 653/939Kb lim: 12901 exec/s: 3292 rss: 74Mb L: 236/12901 MS: 1 EraseBytes-
#108678	REDUCE cov: 1437 ft: 4249 corp: 653/938Kb lim: 12901 exec/s: 3293 rss: 74Mb L: 590/12901 MS: 2 PersAutoDict-EraseBytes- DE: "\377\377\377\377\377\377\000\361"-
#108819	REDUCE cov: 1437 ft: 4249 corp: 653/933Kb lim: 12901 exec/s: 3297 rss: 74Mb L: 2116/12901 MS: 1 CrossOver-
#109220	REDUCE cov: 1437 ft: 4249 corp: 653/933Kb lim: 12901 exec/s: 3309 rss: 74Mb L: 94/12901 MS: 1 EraseBytes-
#109316	REDUCE cov: 1437 ft: 4249 corp: 653/933Kb lim: 12901 exec/s: 3312 rss: 74Mb L: 245/12901 MS: 1 EraseBytes-
#109547	REDUCE cov: 1437 ft: 4249 corp: 653/932Kb lim: 12901 exec/s: 3319 rss: 74Mb L: 84/12901 MS: 1 EraseBytes-
#109680	REDUCE cov: 1437 ft: 4249 corp: 653/931Kb lim: 12901 exec/s: 3323 rss: 74Mb L: 2591/12901 MS: 3 ChangeASCIIInt-InsertRepeatedBytes-EraseBytes-
#110013	REDUCE cov: 1437 ft: 4249 corp: 653/931Kb lim: 12901 exec/s: 3333 rss: 74Mb L: 106/12901 MS: 3 ShuffleBytes-PersAutoDict-EraseBytes- DE: "\304\000\000\000\000\000\000\000"-
#110019	REDUCE cov: 1437 ft: 4249 corp: 653/931Kb lim: 12901 exec/s: 3333 rss: 74Mb L: 299/12901 MS: 1 EraseBytes-
#110081	REDUCE cov: 1437 ft: 4249 corp: 653/931Kb lim: 12901 exec/s: 3335 rss: 74Mb L: 2338/12901 MS: 2 ChangeBit-EraseBytes-
#110298	REDUCE cov: 1437 ft: 4250 corp: 654/931Kb lim: 12901 exec/s: 3342 rss: 74Mb L: 574/12901 MS: 2 ChangeBinInt-ChangeASCIIInt-
#110305	REDUCE cov: 1437 ft: 4250 corp: 654/931Kb lim: 12901 exec/s: 3342 rss: 74Mb L: 1356/12901 MS: 2 CrossOver-EraseBytes-
#110361	REDUCE cov: 1437 ft: 4250 corp: 654/931Kb lim: 12901 exec/s: 3245 rss: 74Mb L: 121/12901 MS: 1 EraseBytes-
#110443	REDUCE cov: 1437 ft: 4250 corp: 654/931Kb lim: 12901 exec/s: 3248 rss: 74Mb L: 157/12901 MS: 2 ChangeBit-EraseBytes-
#110452	REDUCE cov: 1437 ft: 4250 corp: 654/931Kb lim: 12901 exec/s: 3248 rss: 74Mb L: 356/12901 MS: 4 ChangeBinInt-ChangeASCIIInt-ChangeBinInt-EraseBytes-
#110461	REDUCE cov: 1437 ft: 4250 corp: 654/931Kb lim: 12901 exec/s: 3248 rss: 74Mb L: 393/12901 MS: 4 InsertByte-PersAutoDict-ChangeBit-EraseBytes- DE: "\014\000\000\000\000\000\000\000"-
#110697	REDUCE cov: 1437 ft: 4250 corp: 654/931Kb lim: 12901 exec/s: 3255 rss: 74Mb L: 251/12901 MS: 1 EraseBytes-
#110703	REDUCE cov: 1437 ft: 4251 corp: 655/931Kb lim: 12901 exec/s: 3255 rss: 74Mb L: 408/12901 MS: 1 InsertRepeatedBytes-
#110731	REDUCE cov: 1437 ft: 4252 corp: 656/932Kb lim: 12901 exec/s: 3256 rss: 74Mb L: 598/12901 MS: 3 ChangeByte-PersAutoDict-ChangeBinInt- DE: "\000\000\000\000\000\000\000\011"-
#110759	REDUCE cov: 1438 ft: 4253 corp: 657/933Kb lim: 12901 exec/s: 3257 rss: 74Mb L: 936/12901 MS: 3 CopyPart-ChangeBinInt-ShuffleBytes-
#110866	REDUCE cov: 1438 ft: 4253 corp: 657/932Kb lim: 12901 exec/s: 3260 rss: 74Mb L: 1692/12901 MS: 2 CrossOver-EraseBytes-
#110947	REDUCE cov: 1438 ft: 4253 corp: 657/932Kb lim: 12901 exec/s: 3263 rss: 74Mb L: 82/12901 MS: 1 EraseBytes-
#111020	NEW    cov: 1442 ft: 4259 corp: 658/933Kb lim: 12901 exec/s: 3265 rss: 74Mb L: 851/12901 MS: 3 ChangeASCIIInt-CopyPart-PersAutoDict- DE: "zTXt"-
#111205	REDUCE cov: 1442 ft: 4259 corp: 658/933Kb lim: 12901 exec/s: 3270 rss: 74Mb L: 578/12901 MS: 5 PersAutoDict-PersAutoDict-ChangeBinInt-ChangeByte-EraseBytes- DE: "k\000\000\000"-"\377\377\377\377\377\377\377\000"-
#111242	REDUCE cov: 1442 ft: 4259 corp: 658/933Kb lim: 12901 exec/s: 3271 rss: 74Mb L: 2117/12901 MS: 2 CopyPart-EraseBytes-
#111306	REDUCE cov: 1442 ft: 4259 corp: 658/933Kb lim: 12901 exec/s: 3273 rss: 74Mb L: 391/12901 MS: 4 InsertByte-ChangeByte-InsertByte-EraseBytes-
#111373	REDUCE cov: 1442 ft: 4259 corp: 658/933Kb lim: 12901 exec/s: 3275 rss: 74Mb L: 181/12901 MS: 2 ShuffleBytes-EraseBytes-
#111564	REDUCE cov: 1442 ft: 4259 corp: 658/933Kb lim: 12901 exec/s: 3281 rss: 74Mb L: 387/12901 MS: 1 EraseBytes-
#111583	NEW    cov: 1445 ft: 4262 corp: 659/933Kb lim: 12901 exec/s: 3281 rss: 74Mb L: 197/12901 MS: 4 EraseBytes-ShuffleBytes-InsertRepeatedBytes-ChangeBinInt-
#111895	REDUCE cov: 1445 ft: 4262 corp: 659/933Kb lim: 12901 exec/s: 3291 rss: 74Mb L: 446/12901 MS: 2 ChangeASCIIInt-EraseBytes-
#112177	REDUCE cov: 1445 ft: 4262 corp: 659/933Kb lim: 12901 exec/s: 3299 rss: 74Mb L: 112/12901 MS: 2 ChangeByte-EraseBytes-
#112299	REDUCE cov: 1445 ft: 4262 corp: 659/933Kb lim: 12901 exec/s: 3302 rss: 74Mb L: 463/12901 MS: 2 ChangeByte-EraseBytes-
#112370	REDUCE cov: 1445 ft: 4262 corp: 659/933Kb lim: 12901 exec/s: 3305 rss: 74Mb L: 127/12901 MS: 1 EraseBytes-
#112458	REDUCE cov: 1445 ft: 4262 corp: 659/933Kb lim: 12901 exec/s: 3307 rss: 74Mb L: 51/12901 MS: 3 ChangeBit-ChangeBit-EraseBytes-
#112490	REDUCE cov: 1445 ft: 4262 corp: 659/932Kb lim: 12901 exec/s: 3308 rss: 74Mb L: 1448/12901 MS: 2 ChangeASCIIInt-EraseBytes-
#112596	REDUCE cov: 1445 ft: 4262 corp: 659/932Kb lim: 12901 exec/s: 3311 rss: 74Mb L: 43/12901 MS: 1 EraseBytes-
#112633	REDUCE cov: 1445 ft: 4262 corp: 659/932Kb lim: 12901 exec/s: 3312 rss: 74Mb L: 631/12901 MS: 2 ChangeByte-EraseBytes-
#112693	REDUCE cov: 1445 ft: 4262 corp: 659/932Kb lim: 12901 exec/s: 3314 rss: 74Mb L: 1410/12901 MS: 5 ChangeASCIIInt-ChangeBinInt-EraseBytes-ShuffleBytes-CrossOver-
#112868	REDUCE cov: 1445 ft: 4262 corp: 659/931Kb lim: 12901 exec/s: 3319 rss: 74Mb L: 503/12901 MS: 5 ChangeByte-ChangeBinInt-InsertRepeatedBytes-ShuffleBytes-EraseBytes-
#113300	REDUCE cov: 1445 ft: 4263 corp: 660/932Kb lim: 12901 exec/s: 3332 rss: 74Mb L: 461/12901 MS: 2 ChangeBinInt-CopyPart-
#113404	REDUCE cov: 1445 ft: 4263 corp: 660/932Kb lim: 12901 exec/s: 3335 rss: 74Mb L: 122/12901 MS: 4 PersAutoDict-CopyPart-ChangeBit-EraseBytes- DE: "sRGB"-
#113445	REDUCE cov: 1445 ft: 4263 corp: 660/932Kb lim: 12901 exec/s: 3336 rss: 74Mb L: 93/12901 MS: 1 EraseBytes-
#113446	REDUCE cov: 1445 ft: 4263 corp: 660/932Kb lim: 12901 exec/s: 3336 rss: 74Mb L: 233/12901 MS: 1 EraseBytes-
#113487	REDUCE cov: 1445 ft: 4263 corp: 660/932Kb lim: 12901 exec/s: 3337 rss: 74Mb L: 438/12901 MS: 1 EraseBytes-
#113525	REDUCE cov: 1445 ft: 4264 corp: 661/933Kb lim: 12901 exec/s: 3338 rss: 74Mb L: 1326/12901 MS: 3 InsertByte-ShuffleBytes-EraseBytes-
#113550	REDUCE cov: 1445 ft: 4264 corp: 661/933Kb lim: 12901 exec/s: 3339 rss: 74Mb L: 2067/12901 MS: 5 PersAutoDict-ChangeBinInt-PersAutoDict-CopyPart-EraseBytes- DE: "QLTE"-"gAMA"-
#113734	REDUCE cov: 1445 ft: 4264 corp: 661/933Kb lim: 12901 exec/s: 3345 rss: 74Mb L: 467/12901 MS: 4 ChangeBinInt-ChangeByte-ChangeBinInt-EraseBytes-
#113779	REDUCE cov: 1448 ft: 4267 corp: 662/933Kb lim: 12901 exec/s: 3346 rss: 74Mb L: 233/12901 MS: 5 CopyPart-ChangeByte-ShuffleBytes-ChangeBit-ShuffleBytes-
#113791	REDUCE cov: 1448 ft: 4267 corp: 662/933Kb lim: 12901 exec/s: 3346 rss: 74Mb L: 1389/12901 MS: 2 ChangeByte-EraseBytes-
#113872	REDUCE cov: 1448 ft: 4267 corp: 662/932Kb lim: 12901 exec/s: 3349 rss: 74Mb L: 8603/12901 MS: 1 EraseBytes-
#113908	REDUCE cov: 1448 ft: 4267 corp: 662/932Kb lim: 12901 exec/s: 3350 rss: 74Mb L: 87/12901 MS: 1 EraseBytes-
#114022	REDUCE cov: 1448 ft: 4267 corp: 662/932Kb lim: 12901 exec/s: 3353 rss: 74Mb L: 122/12901 MS: 4 PersAutoDict-EraseBytes-PersAutoDict-CMP- DE: "\034\000\000\000\000\000\000\000"-"\364\377\377\377"-"sPLT"-
#114406	REDUCE cov: 1448 ft: 4267 corp: 662/932Kb lim: 12901 exec/s: 3364 rss: 74Mb L: 1536/12901 MS: 4 ChangeASCIIInt-ChangeBit-ChangeBit-EraseBytes-
#114983	REDUCE cov: 1448 ft: 4267 corp: 662/931Kb lim: 12901 exec/s: 3285 rss: 74Mb L: 789/12901 MS: 2 InsertRepeatedBytes-EraseBytes-
#115240	NEW    cov: 1448 ft: 4268 corp: 663/944Kb lim: 12901 exec/s: 3292 rss: 74Mb L: 12901/12901 MS: 2 PersAutoDict-PersAutoDict- DE: "\377\003"-"[\000\000\000"-
#115416	REDUCE cov: 1448 ft: 4268 corp: 663/944Kb lim: 12901 exec/s: 3297 rss: 74Mb L: 149/12901 MS: 1 EraseBytes-
#115517	REDUCE cov: 1448 ft: 4268 corp: 663/944Kb lim: 12901 exec/s: 3300 rss: 74Mb L: 94/12901 MS: 1 EraseBytes-
#115730	REDUCE cov: 1448 ft: 4268 corp: 663/944Kb lim: 12901 exec/s: 3306 rss: 74Mb L: 221/12901 MS: 3 ChangeByte-PersAutoDict-EraseBytes- DE: "\025\001\000\000\000\000\000\000"-
#115956	REDUCE cov: 1448 ft: 4268 corp: 663/943Kb lim: 12901 exec/s: 3313 rss: 74Mb L: 898/12901 MS: 1 EraseBytes-
#116042	REDUCE cov: 1448 ft: 4268 corp: 663/943Kb lim: 12901 exec/s: 3315 rss: 74Mb L: 82/12901 MS: 1 EraseBytes-
#116249	REDUCE cov: 1449 ft: 4269 corp: 664/944Kb lim: 12901 exec/s: 3321 rss: 74Mb L: 373/12901 MS: 2 ChangeASCIIInt-ChangeByte-
#116671	REDUCE cov: 1450 ft: 4270 corp: 665/945Kb lim: 12901 exec/s: 3333 rss: 74Mb L: 1448/12901 MS: 2 ChangeByte-ChangeBit-
#117032	REDUCE cov: 1450 ft: 4270 corp: 665/945Kb lim: 12901 exec/s: 3343 rss: 74Mb L: 213/12901 MS: 1 EraseBytes-
#117097	REDUCE cov: 1450 ft: 4272 corp: 666/946Kb lim: 12901 exec/s: 3345 rss: 74Mb L: 950/12901 MS: 5 ShuffleBytes-InsertRepeatedBytes-PersAutoDict-CrossOver-InsertRepeatedBytes- DE: "zTXt"-
#117194	REDUCE cov: 1450 ft: 4272 corp: 666/946Kb lim: 12901 exec/s: 3348 rss: 74Mb L: 2047/12901 MS: 2 CrossOver-EraseBytes-
#117473	REDUCE cov: 1450 ft: 4272 corp: 666/943Kb lim: 12901 exec/s: 3356 rss: 74Mb L: 10068/12901 MS: 4 ChangeBit-ChangeByte-ChangeASCIIInt-EraseBytes-
#117529	REDUCE cov: 1450 ft: 4272 corp: 666/943Kb lim: 12901 exec/s: 3357 rss: 74Mb L: 793/12901 MS: 1 EraseBytes-
#117850	REDUCE cov: 1450 ft: 4272 corp: 666/943Kb lim: 12901 exec/s: 3367 rss: 74Mb L: 2292/12901 MS: 1 EraseBytes-
#118167	REDUCE cov: 1450 ft: 4272 corp: 666/943Kb lim: 12901 exec/s: 3282 rss: 74Mb L: 2188/12901 MS: 2 EraseBytes-CopyPart-
#118240	REDUCE cov: 1450 ft: 4273 corp: 667/944Kb lim: 12901 exec/s: 3284 rss: 74Mb L: 306/12901 MS: 3 CopyPart-CopyPart-PersAutoDict- DE: "iCCP"-
#118241	REDUCE cov: 1450 ft: 4273 corp: 667/944Kb lim: 12901 exec/s: 3284 rss: 74Mb L: 192/12901 MS: 1 EraseBytes-
#118273	REDUCE cov: 1450 ft: 4273 corp: 667/943Kb lim: 12901 exec/s: 3285 rss: 74Mb L: 4198/12901 MS: 2 ChangeBit-EraseBytes-
#118294	REDUCE cov: 1450 ft: 4273 corp: 667/943Kb lim: 12901 exec/s: 3285 rss: 74Mb L: 575/12901 MS: 1 EraseBytes-
#118410	REDUCE cov: 1450 ft: 4273 corp: 667/943Kb lim: 12901 exec/s: 3289 rss: 74Mb L: 20/12901 MS: 1 EraseBytes-
#118513	REDUCE cov: 1450 ft: 4273 corp: 667/943Kb lim: 12901 exec/s: 3292 rss: 74Mb L: 241/12901 MS: 3 PersAutoDict-InsertByte-EraseBytes- DE: "\001\000\000\000\000\000\000?"-
#118784	REDUCE cov: 1450 ft: 4275 corp: 668/944Kb lim: 12901 exec/s: 3299 rss: 74Mb L: 793/12901 MS: 1 CrossOver-
#119038	REDUCE cov: 1450 ft: 4275 corp: 668/944Kb lim: 12901 exec/s: 3306 rss: 74Mb L: 127/12901 MS: 4 InsertRepeatedBytes-CopyPart-EraseBytes-EraseBytes-
#119139	REDUCE cov: 1450 ft: 4275 corp: 668/944Kb lim: 12901 exec/s: 3309 rss: 74Mb L: 772/12901 MS: 1 EraseBytes-
#119239	REDUCE cov: 1450 ft: 4275 corp: 668/944Kb lim: 12901 exec/s: 3312 rss: 74Mb L: 391/12901 MS: 5 ChangeBit-InsertRepeatedBytes-ShuffleBytes-ChangeASCIIInt-EraseBytes-
#119247	REDUCE cov: 1450 ft: 4275 corp: 668/944Kb lim: 12901 exec/s: 3312 rss: 74Mb L: 258/12901 MS: 3 ChangeByte-ChangeBinInt-EraseBytes-
#119553	REDUCE cov: 1450 ft: 4275 corp: 668/944Kb lim: 12901 exec/s: 3320 rss: 74Mb L: 55/12901 MS: 1 EraseBytes-
#119579	REDUCE cov: 1450 ft: 4275 corp: 668/943Kb lim: 12901 exec/s: 3321 rss: 74Mb L: 2479/12901 MS: 1 EraseBytes-
#119654	REDUCE cov: 1452 ft: 4277 corp: 669/944Kb lim: 12901 exec/s: 3323 rss: 74Mb L: 607/12901 MS: 5 ChangeASCIIInt-PersAutoDict-InsertByte-CrossOver-CMP- DE: "\377\000\206\240"-"acTL"-
#119840	REDUCE cov: 1452 ft: 4277 corp: 669/944Kb lim: 12901 exec/s: 3328 rss: 74Mb L: 112/12901 MS: 1 EraseBytes-
#119947	REDUCE cov: 1452 ft: 4277 corp: 669/944Kb lim: 12901 exec/s: 3331 rss: 74Mb L: 553/12901 MS: 2 ChangeBit-EraseBytes-
#120196	REDUCE cov: 1452 ft: 4277 corp: 669/944Kb lim: 12901 exec/s: 3338 rss: 74Mb L: 439/12901 MS: 4 ShuffleBytes-InsertRepeatedBytes-ChangeByte-EraseBytes-
#120198	REDUCE cov: 1452 ft: 4277 corp: 669/944Kb lim: 12901 exec/s: 3338 rss: 74Mb L: 8573/12901 MS: 2 CopyPart-EraseBytes-
#120210	REDUCE cov: 1452 ft: 4277 corp: 669/944Kb lim: 12901 exec/s: 3339 rss: 74Mb L: 108/12901 MS: 2 InsertRepeatedBytes-EraseBytes-
#120416	REDUCE cov: 1452 ft: 4277 corp: 669/943Kb lim: 12901 exec/s: 3344 rss: 74Mb L: 1508/12901 MS: 1 EraseBytes-
#120644	REDUCE cov: 1452 ft: 4277 corp: 669/943Kb lim: 12901 exec/s: 3351 rss: 74Mb L: 1655/12901 MS: 3 ChangeByte-ChangeBit-EraseBytes-
#120707	REDUCE cov: 1452 ft: 4277 corp: 669/943Kb lim: 12901 exec/s: 3352 rss: 74Mb L: 427/12901 MS: 3 ChangeByte-CrossOver-EraseBytes-
#120799	REDUCE cov: 1452 ft: 4277 corp: 669/943Kb lim: 12901 exec/s: 3355 rss: 74Mb L: 219/12901 MS: 2 ChangeByte-EraseBytes-
#121075	REDUCE cov: 1452 ft: 4277 corp: 669/943Kb lim: 12901 exec/s: 3363 rss: 74Mb L: 1314/12901 MS: 1 EraseBytes-
#121125	NEW    cov: 1452 ft: 4279 corp: 670/944Kb lim: 12901 exec/s: 3364 rss: 74Mb L: 958/12901 MS: 5 CMP-InsertByte-InsertByte-ChangeBit-InsertRepeatedBytes- DE: "\377\236"-
#121208	REDUCE cov: 1452 ft: 4279 corp: 670/944Kb lim: 12901 exec/s: 3366 rss: 74Mb L: 566/12901 MS: 3 ChangeBit-ChangeBinInt-EraseBytes-
#121371	REDUCE cov: 1452 ft: 4279 corp: 670/944Kb lim: 12901 exec/s: 3371 rss: 74Mb L: 388/12901 MS: 3 InsertByte-CopyPart-EraseBytes-
#121423	REDUCE cov: 1452 ft: 4279 corp: 670/944Kb lim: 12901 exec/s: 3372 rss: 74Mb L: 2135/12901 MS: 2 CopyPart-EraseBytes-
#121651	REDUCE cov: 1452 ft: 4279 corp: 670/944Kb lim: 12901 exec/s: 3379 rss: 74Mb L: 194/12901 MS: 3 ShuffleBytes-ShuffleBytes-EraseBytes-
#121813	REDUCE cov: 1452 ft: 4279 corp: 670/944Kb lim: 12901 exec/s: 3383 rss: 74Mb L: 291/12901 MS: 2 InsertByte-EraseBytes-
#121823	REDUCE cov: 1452 ft: 4279 corp: 670/943Kb lim: 12901 exec/s: 3383 rss: 74Mb L: 1239/12901 MS: 5 CrossOver-ChangeASCIIInt-CrossOver-ChangeASCIIInt-EraseBytes-
#122059	REDUCE cov: 1452 ft: 4279 corp: 670/943Kb lim: 12901 exec/s: 3298 rss: 74Mb L: 84/12901 MS: 1 EraseBytes-
#122492	NEW    cov: 1454 ft: 4281 corp: 671/944Kb lim: 12901 exec/s: 3310 rss: 74Mb L: 972/12901 MS: 3 CrossOver-ChangeBit-CopyPart-
#122585	REDUCE cov: 1454 ft: 4281 corp: 671/944Kb lim: 12901 exec/s: 3313 rss: 74Mb L: 1051/12901 MS: 3 PersAutoDict-PersAutoDict-EraseBytes- DE: "\266\001\000\000\000\000\000\000"-"tXTz"-
#122716	REDUCE cov: 1454 ft: 4281 corp: 671/944Kb lim: 12901 exec/s: 3316 rss: 74Mb L: 176/12901 MS: 1 EraseBytes-
#122898	REDUCE cov: 1454 ft: 4281 corp: 671/944Kb lim: 12901 exec/s: 3321 rss: 74Mb L: 2273/12901 MS: 2 ChangeBit-EraseBytes-
#122994	REDUCE cov: 1454 ft: 4281 corp: 671/944Kb lim: 12901 exec/s: 3324 rss: 74Mb L: 1600/12901 MS: 1 EraseBytes-
#122995	REDUCE cov: 1454 ft: 4281 corp: 671/943Kb lim: 12901 exec/s: 3324 rss: 74Mb L: 1828/12901 MS: 1 CrossOver-
#123021	REDUCE cov: 1454 ft: 4281 corp: 671/943Kb lim: 12901 exec/s: 3324 rss: 74Mb L: 343/12901 MS: 1 EraseBytes-
#123084	REDUCE cov: 1454 ft: 4281 corp: 671/943Kb lim: 12901 exec/s: 3326 rss: 74Mb L: 595/12901 MS: 3 ChangeByte-ChangeByte-EraseBytes-
#123686	REDUCE cov: 1454 ft: 4281 corp: 671/943Kb lim: 12901 exec/s: 3342 rss: 74Mb L: 42/12901 MS: 2 ChangeBinInt-EraseBytes-
#123701	REDUCE cov: 1454 ft: 4281 corp: 671/943Kb lim: 12901 exec/s: 3343 rss: 74Mb L: 222/12901 MS: 5 CrossOver-InsertByte-ChangeBinInt-ChangeBinInt-EraseBytes-
#123998	REDUCE cov: 1454 ft: 4281 corp: 671/943Kb lim: 12901 exec/s: 3351 rss: 74Mb L: 555/12901 MS: 2 ChangeBinInt-EraseBytes-
#124222	REDUCE cov: 1454 ft: 4281 corp: 671/942Kb lim: 12901 exec/s: 3357 rss: 74Mb L: 718/12901 MS: 4 CrossOver-ChangeBit-CMP-EraseBytes- DE: "\001\000\000\000\000\000\000\010"-
#124233	REDUCE cov: 1454 ft: 4281 corp: 671/942Kb lim: 12901 exec/s: 3357 rss: 74Mb L: 1398/12901 MS: 1 EraseBytes-
#124295	REDUCE cov: 1454 ft: 4281 corp: 671/942Kb lim: 12901 exec/s: 3359 rss: 74Mb L: 230/12901 MS: 2 CMP-EraseBytes- DE: "\377F"-
#124411	REDUCE cov: 1454 ft: 4281 corp: 671/942Kb lim: 12901 exec/s: 3362 rss: 74Mb L: 74/12901 MS: 1 EraseBytes-
#124684	REDUCE cov: 1454 ft: 4282 corp: 672/942Kb lim: 12901 exec/s: 3369 rss: 74Mb L: 316/12901 MS: 3 PersAutoDict-ChangeBinInt-CMP- DE: "Z\000"-"sYpH"-
#124756	REDUCE cov: 1454 ft: 4282 corp: 672/942Kb lim: 12901 exec/s: 3371 rss: 74Mb L: 372/12901 MS: 2 CMP-EraseBytes- DE: "\377\377\377\377"-
#124983	REDUCE cov: 1454 ft: 4282 corp: 672/942Kb lim: 12901 exec/s: 3377 rss: 74Mb L: 720/12901 MS: 2 ShuffleBytes-EraseBytes-
#125050	REDUCE cov: 1454 ft: 4282 corp: 672/942Kb lim: 12901 exec/s: 3379 rss: 74Mb L: 58/12901 MS: 2 ChangeByte-EraseBytes-
#125221	NEW    cov: 1454 ft: 4283 corp: 673/942Kb lim: 12901 exec/s: 3384 rss: 74Mb L: 359/12901 MS: 1 InsertRepeatedBytes-
#125284	REDUCE cov: 1454 ft: 4283 corp: 673/942Kb lim: 12901 exec/s: 3386 rss: 74Mb L: 71/12901 MS: 3 ShuffleBytes-ChangeBit-EraseBytes-
#125428	REDUCE cov: 1454 ft: 4283 corp: 673/942Kb lim: 12901 exec/s: 3389 rss: 74Mb L: 354/12901 MS: 4 CMP-ChangeBinInt-ChangeByte-EraseBytes- DE: "\377\377\377\377\377\377\377\003"-
#126087	REDUCE cov: 1454 ft: 4283 corp: 673/941Kb lim: 12901 exec/s: 3318 rss: 74Mb L: 1029/12901 MS: 4 PersAutoDict-ChangeBit-ChangeByte-EraseBytes- DE: "\302\000\000\000\000\000\000\000"-
#126213	REDUCE cov: 1454 ft: 4283 corp: 673/941Kb lim: 12901 exec/s: 3321 rss: 74Mb L: 73/12901 MS: 1 EraseBytes-
#126258	REDUCE cov: 1454 ft: 4283 corp: 673/941Kb lim: 12901 exec/s: 3322 rss: 74Mb L: 811/12901 MS: 5 ShuffleBytes-ChangeBit-ShuffleBytes-ShuffleBytes-EraseBytes-
#126527	REDUCE cov: 1454 ft: 4283 corp: 673/941Kb lim: 12901 exec/s: 3329 rss: 74Mb L: 1410/12901 MS: 4 InsertRepeatedBytes-EraseBytes-ChangeBinInt-EraseBytes-
#126875	REDUCE cov: 1454 ft: 4283 corp: 673/941Kb lim: 12901 exec/s: 3338 rss: 74Mb L: 55/12901 MS: 3 CopyPart-EraseBytes-EraseBytes-
#126907	REDUCE cov: 1455 ft: 4284 corp: 674/943Kb lim: 12901 exec/s: 3339 rss: 74Mb L: 1655/12901 MS: 2 CopyPart-CrossOver-
#127021	REDUCE cov: 1455 ft: 4284 corp: 674/943Kb lim: 12901 exec/s: 3342 rss: 74Mb L: 366/12901 MS: 4 ChangeByte-InsertRepeatedBytes-InsertRepeatedBytes-EraseBytes-
#127035	REDUCE cov: 1455 ft: 4284 corp: 674/943Kb lim: 12901 exec/s: 3343 rss: 74Mb L: 994/12901 MS: 4 ChangeBinInt-ChangeBit-CrossOver-EraseBytes-
#127786	REDUCE cov: 1455 ft: 4284 corp: 674/943Kb lim: 12901 exec/s: 3362 rss: 74Mb L: 109/12901 MS: 1 EraseBytes-
#127953	REDUCE cov: 1455 ft: 4284 corp: 674/942Kb lim: 12901 exec/s: 3367 rss: 74Mb L: 542/12901 MS: 2 InsertRepeatedBytes-EraseBytes-
#128164	REDUCE cov: 1455 ft: 4284 corp: 674/942Kb lim: 12901 exec/s: 3372 rss: 74Mb L: 88/12901 MS: 1 EraseBytes-
#128227	REDUCE cov: 1455 ft: 4284 corp: 674/942Kb lim: 12901 exec/s: 3374 rss: 74Mb L: 134/12901 MS: 3 ChangeASCIIInt-ChangeBinInt-EraseBytes-
#128256	REDUCE cov: 1455 ft: 4284 corp: 674/942Kb lim: 12901 exec/s: 3375 rss: 74Mb L: 63/12901 MS: 4 ShuffleBytes-InsertByte-ChangeBit-EraseBytes-
#128267	REDUCE cov: 1455 ft: 4286 corp: 675/943Kb lim: 12901 exec/s: 3288 rss: 74Mb L: 630/12901 MS: 1 CrossOver-
#128318	REDUCE cov: 1455 ft: 4286 corp: 675/943Kb lim: 12901 exec/s: 3290 rss: 74Mb L: 77/12901 MS: 1 EraseBytes-
#128467	REDUCE cov: 1455 ft: 4286 corp: 675/943Kb lim: 12901 exec/s: 3294 rss: 74Mb L: 768/12901 MS: 4 ChangeBinInt-ChangeASCIIInt-CopyPart-EraseBytes-
#128471	REDUCE cov: 1455 ft: 4286 corp: 675/943Kb lim: 12901 exec/s: 3294 rss: 74Mb L: 164/12901 MS: 4 CMP-ShuffleBytes-CMP-EraseBytes- DE: "\377\377\377\377"-"\000\000\000\000\000\000\005\372"-
#128859	REDUCE cov: 1455 ft: 4286 corp: 675/943Kb lim: 12901 exec/s: 3304 rss: 74Mb L: 237/12901 MS: 3 CopyPart-ChangeBinInt-EraseBytes-
#129215	REDUCE cov: 1455 ft: 4286 corp: 675/943Kb lim: 12901 exec/s: 3313 rss: 74Mb L: 527/12901 MS: 1 EraseBytes-
#129222	REDUCE cov: 1455 ft: 4286 corp: 675/943Kb lim: 12901 exec/s: 3313 rss: 74Mb L: 404/12901 MS: 2 ShuffleBytes-EraseBytes-
#129244	REDUCE cov: 1455 ft: 4286 corp: 675/942Kb lim: 12901 exec/s: 3313 rss: 74Mb L: 384/12901 MS: 2 ChangeASCIIInt-EraseBytes-
#129553	NEW    cov: 1456 ft: 4287 corp: 676/943Kb lim: 12901 exec/s: 3321 rss: 74Mb L: 845/12901 MS: 4 CopyPart-ChangeByte-InsertRepeatedBytes-EraseBytes-
#129580	REDUCE cov: 1456 ft: 4287 corp: 676/943Kb lim: 12901 exec/s: 3322 rss: 74Mb L: 268/12901 MS: 2 InsertByte-EraseBytes-
#129609	REDUCE cov: 1456 ft: 4287 corp: 676/943Kb lim: 12901 exec/s: 3323 rss: 74Mb L: 357/12901 MS: 4 ChangeBinInt-PersAutoDict-ChangeBit-EraseBytes- DE: "pCAL"-
#129782	REDUCE cov: 1456 ft: 4287 corp: 676/943Kb lim: 12901 exec/s: 3327 rss: 74Mb L: 285/12901 MS: 3 ChangeBit-ChangeASCIIInt-EraseBytes-
#130108	REDUCE cov: 1456 ft: 4287 corp: 676/943Kb lim: 12901 exec/s: 3336 rss: 74Mb L: 190/12901 MS: 1 EraseBytes-
#130209	REDUCE cov: 1456 ft: 4287 corp: 676/943Kb lim: 12901 exec/s: 3338 rss: 74Mb L: 501/12901 MS: 1 EraseBytes-
#130225	REDUCE cov: 1456 ft: 4287 corp: 676/943Kb lim: 12901 exec/s: 3339 rss: 74Mb L: 141/12901 MS: 1 EraseBytes-
#130417	REDUCE cov: 1456 ft: 4287 corp: 676/942Kb lim: 12901 exec/s: 3344 rss: 74Mb L: 202/12901 MS: 2 CopyPart-EraseBytes-
#130554	REDUCE cov: 1456 ft: 4287 corp: 676/942Kb lim: 12901 exec/s: 3347 rss: 74Mb L: 230/12901 MS: 2 ChangeBinInt-EraseBytes-
#130816	REDUCE cov: 1456 ft: 4287 corp: 676/942Kb lim: 12901 exec/s: 3354 rss: 74Mb L: 480/12901 MS: 2 ChangeBinInt-EraseBytes-
#130889	REDUCE cov: 1456 ft: 4287 corp: 676/942Kb lim: 12901 exec/s: 3356 rss: 74Mb L: 200/12901 MS: 3 ShuffleBytes-CopyPart-EraseBytes-
#130915	REDUCE cov: 1456 ft: 4287 corp: 676/942Kb lim: 12901 exec/s: 3356 rss: 74Mb L: 232/12901 MS: 1 EraseBytes-
#131001	REDUCE cov: 1456 ft: 4287 corp: 676/942Kb lim: 12901 exec/s: 3359 rss: 74Mb L: 465/12901 MS: 1 EraseBytes-
#131072	pulse  cov: 1456 ft: 4287 corp: 676/942Kb lim: 12901 exec/s: 3360 rss: 74Mb
#131122	REDUCE cov: 1456 ft: 4287 corp: 676/942Kb lim: 12901 exec/s: 3362 rss: 74Mb L: 210/12901 MS: 1 EraseBytes-
#131513	REDUCE cov: 1456 ft: 4288 corp: 677/943Kb lim: 12901 exec/s: 3372 rss: 74Mb L: 653/12901 MS: 1 ChangeASCIIInt-
#131579	REDUCE cov: 1456 ft: 4288 corp: 677/943Kb lim: 12901 exec/s: 3373 rss: 74Mb L: 47/12901 MS: 1 EraseBytes-
#131597	REDUCE cov: 1456 ft: 4288 corp: 677/943Kb lim: 12901 exec/s: 3374 rss: 74Mb L: 650/12901 MS: 3 ChangeBit-ChangeASCIIInt-EraseBytes-
#131616	REDUCE cov: 1456 ft: 4288 corp: 677/942Kb lim: 12901 exec/s: 3374 rss: 74Mb L: 1508/12901 MS: 4 ChangeASCIIInt-InsertRepeatedBytes-ChangeBinInt-EraseBytes-
#131637	REDUCE cov: 1456 ft: 4288 corp: 677/942Kb lim: 12901 exec/s: 3375 rss: 74Mb L: 299/12901 MS: 1 EraseBytes-
#132113	REDUCE cov: 1456 ft: 4288 corp: 677/942Kb lim: 12901 exec/s: 3302 rss: 74Mb L: 338/12901 MS: 1 EraseBytes-
#132344	NEW    cov: 1456 ft: 4289 corp: 678/943Kb lim: 12901 exec/s: 3308 rss: 74Mb L: 201/12901 MS: 1 ChangeBinInt-
#132626	REDUCE cov: 1456 ft: 4289 corp: 678/942Kb lim: 12901 exec/s: 3315 rss: 74Mb L: 536/12901 MS: 2 PersAutoDict-EraseBytes- DE: "\377\377\377\377\377\377\377\003"-
#132632	REDUCE cov: 1456 ft: 4289 corp: 678/942Kb lim: 12901 exec/s: 3315 rss: 74Mb L: 232/12901 MS: 1 EraseBytes-
#133023	REDUCE cov: 1456 ft: 4289 corp: 678/942Kb lim: 12901 exec/s: 3325 rss: 74Mb L: 621/12901 MS: 1 EraseBytes-
#133119	REDUCE cov: 1456 ft: 4289 corp: 678/942Kb lim: 12901 exec/s: 3327 rss: 74Mb L: 43/12901 MS: 1 EraseBytes-
#133595	REDUCE cov: 1456 ft: 4289 corp: 678/942Kb lim: 12901 exec/s: 3339 rss: 74Mb L: 955/12901 MS: 1 EraseBytes-
#133601	REDUCE cov: 1456 ft: 4289 corp: 678/942Kb lim: 12901 exec/s: 3340 rss: 74Mb L: 35/12901 MS: 1 EraseBytes-
#133748	REDUCE cov: 1456 ft: 4289 corp: 678/942Kb lim: 12901 exec/s: 3343 rss: 74Mb L: 108/12901 MS: 2 ChangeByte-EraseBytes-
#134884	REDUCE cov: 1456 ft: 4289 corp: 678/942Kb lim: 12901 exec/s: 3289 rss: 74Mb L: 707/12901 MS: 1 EraseBytes-
#134937	REDUCE cov: 1456 ft: 4289 corp: 678/942Kb lim: 12901 exec/s: 3291 rss: 74Mb L: 570/12901 MS: 3 ChangeBinInt-ChangeBit-EraseBytes-
#134998	REDUCE cov: 1456 ft: 4289 corp: 678/942Kb lim: 12901 exec/s: 3292 rss: 74Mb L: 2069/12901 MS: 1 EraseBytes-
#135067	REDUCE cov: 1456 ft: 4289 corp: 678/942Kb lim: 12901 exec/s: 3294 rss: 74Mb L: 456/12901 MS: 4 ChangeBit-ShuffleBytes-CMP-EraseBytes- DE: "pHYs"-
#135393	REDUCE cov: 1456 ft: 4289 corp: 678/942Kb lim: 12901 exec/s: 3302 rss: 74Mb L: 245/12901 MS: 1 EraseBytes-
#135488	NEW    cov: 1457 ft: 4291 corp: 679/942Kb lim: 12901 exec/s: 3304 rss: 74Mb L: 654/12901 MS: 5 ChangeASCIIInt-InsertByte-ChangeASCIIInt-ChangeBinInt-ChangeASCIIInt-
#135754	REDUCE cov: 1457 ft: 4291 corp: 679/941Kb lim: 12901 exec/s: 3311 rss: 74Mb L: 1558/12901 MS: 1 EraseBytes-
#136080	REDUCE cov: 1457 ft: 4291 corp: 679/941Kb lim: 12901 exec/s: 3319 rss: 76Mb L: 52/12901 MS: 1 EraseBytes-
#136246	REDUCE cov: 1457 ft: 4291 corp: 679/941Kb lim: 12901 exec/s: 3323 rss: 76Mb L: 40/12901 MS: 1 EraseBytes-
#136473	REDUCE cov: 1457 ft: 4291 corp: 679/941Kb lim: 12901 exec/s: 3328 rss: 76Mb L: 1305/12901 MS: 2 ShuffleBytes-EraseBytes-
#136720	NEW    cov: 1457 ft: 4292 corp: 680/942Kb lim: 12901 exec/s: 3334 rss: 76Mb L: 212/12901 MS: 2 ShuffleBytes-InsertRepeatedBytes-
#137021	REDUCE cov: 1457 ft: 4292 corp: 680/941Kb lim: 12901 exec/s: 3341 rss: 76Mb L: 407/12901 MS: 1 EraseBytes-
#137332	NEW    cov: 1457 ft: 4296 corp: 681/942Kb lim: 12901 exec/s: 3349 rss: 76Mb L: 489/12901 MS: 1 ShuffleBytes-
#137778	REDUCE cov: 1457 ft: 4296 corp: 681/942Kb lim: 12901 exec/s: 3280 rss: 76Mb L: 203/12901 MS: 1 EraseBytes-
#137854	REDUCE cov: 1457 ft: 4296 corp: 681/942Kb lim: 12901 exec/s: 3282 rss: 76Mb L: 148/12901 MS: 1 EraseBytes-
#138120	REDUCE cov: 1457 ft: 4296 corp: 681/942Kb lim: 12901 exec/s: 3288 rss: 76Mb L: 105/12901 MS: 1 EraseBytes-
#138132	REDUCE cov: 1457 ft: 4296 corp: 681/942Kb lim: 12901 exec/s: 3288 rss: 76Mb L: 426/12901 MS: 2 InsertRepeatedBytes-EraseBytes-
#138142	REDUCE cov: 1457 ft: 4296 corp: 681/940Kb lim: 12901 exec/s: 3289 rss: 76Mb L: 10874/12901 MS: 5 ChangeBinInt-ChangeASCIIInt-ShuffleBytes-CMP-EraseBytes- DE: "\036\000\000\000\000\000\000\000"-
#138292	NEW    cov: 1458 ft: 4297 corp: 682/941Kb lim: 12901 exec/s: 3292 rss: 76Mb L: 1663/12901 MS: 5 ShuffleBytes-InsertByte-CMP-InsertRepeatedBytes-CopyPart- DE: ",\001\000\000"-
#138330	REDUCE cov: 1458 ft: 4297 corp: 682/941Kb lim: 12901 exec/s: 3293 rss: 76Mb L: 147/12901 MS: 3 ChangeByte-ShuffleBytes-EraseBytes-
#138358	REDUCE cov: 1458 ft: 4297 corp: 682/941Kb lim: 12901 exec/s: 3294 rss: 76Mb L: 476/12901 MS: 3 InsertRepeatedBytes-ChangeBinInt-EraseBytes-
#138436	REDUCE cov: 1458 ft: 4297 corp: 682/941Kb lim: 12901 exec/s: 3296 rss: 76Mb L: 9029/12901 MS: 3 InsertByte-PersAutoDict-EraseBytes- DE: "pCAL"-
#138562	NEW    cov: 1458 ft: 4299 corp: 683/941Kb lim: 12901 exec/s: 3299 rss: 76Mb L: 340/12901 MS: 1 PersAutoDict- DE: "\007\000"-
#138564	NEW    cov: 1458 ft: 4300 corp: 684/941Kb lim: 12901 exec/s: 3299 rss: 76Mb L: 202/12901 MS: 2 InsertByte-ChangeBit-
#138636	NEW    cov: 1459 ft: 4301 corp: 685/942Kb lim: 12901 exec/s: 3300 rss: 76Mb L: 655/12901 MS: 2 ShuffleBytes-InsertByte-
#138842	REDUCE cov: 1459 ft: 4301 corp: 685/942Kb lim: 12901 exec/s: 3305 rss: 76Mb L: 1266/12901 MS: 1 EraseBytes-
#139069	REDUCE cov: 1459 ft: 4301 corp: 685/942Kb lim: 12901 exec/s: 3311 rss: 76Mb L: 178/12901 MS: 2 ChangeASCIIInt-EraseBytes-
#139307	REDUCE cov: 1459 ft: 4301 corp: 685/942Kb lim: 12901 exec/s: 3316 rss: 76Mb L: 166/12901 MS: 3 ChangeBinInt-ChangeBit-EraseBytes-
#139413	REDUCE cov: 1459 ft: 4301 corp: 685/942Kb lim: 12901 exec/s: 3319 rss: 76Mb L: 158/12901 MS: 1 EraseBytes-
#139416	REDUCE cov: 1459 ft: 4301 corp: 685/941Kb lim: 12901 exec/s: 3319 rss: 76Mb L: 713/12901 MS: 3 ChangeByte-ChangeBit-EraseBytes-
#139440	REDUCE cov: 1459 ft: 4301 corp: 685/941Kb lim: 12901 exec/s: 3320 rss: 76Mb L: 93/12901 MS: 4 ChangeBinInt-ChangeBit-CMP-EraseBytes- DE: "\001\000\000\000\000\000\000y"-
#139517	REDUCE cov: 1459 ft: 4301 corp: 685/941Kb lim: 12901 exec/s: 3321 rss: 76Mb L: 123/12901 MS: 2 CopyPart-EraseBytes-
#139703	NEW    cov: 1459 ft: 4303 corp: 686/942Kb lim: 12901 exec/s: 3326 rss: 76Mb L: 489/12901 MS: 1 ChangeBit-
#139729	REDUCE cov: 1459 ft: 4303 corp: 686/942Kb lim: 12901 exec/s: 3326 rss: 76Mb L: 543/12901 MS: 1 EraseBytes-
#139759	NEW    cov: 1459 ft: 4304 corp: 687/943Kb lim: 12901 exec/s: 3327 rss: 76Mb L: 1008/12901 MS: 5 CopyPart-CrossOver-EraseBytes-ChangeBit-PersAutoDict- DE: "\000\000\000\000\000\000\000\006"-
#140343	REDUCE cov: 1459 ft: 4304 corp: 687/943Kb lim: 12901 exec/s: 3341 rss: 76Mb L: 126/12901 MS: 4 InsertRepeatedBytes-PersAutoDict-ChangeBinInt-EraseBytes- DE: "\001\004"-
#140480	REDUCE cov: 1459 ft: 4304 corp: 687/943Kb lim: 12901 exec/s: 3344 rss: 76Mb L: 143/12901 MS: 2 ChangeBinInt-EraseBytes-
#140536	REDUCE cov: 1459 ft: 4304 corp: 687/943Kb lim: 12901 exec/s: 3346 rss: 76Mb L: 197/12901 MS: 1 EraseBytes-
#140982	REDUCE cov: 1459 ft: 4304 corp: 687/943Kb lim: 12901 exec/s: 3356 rss: 76Mb L: 314/12901 MS: 1 EraseBytes-
#141120	REDUCE cov: 1459 ft: 4304 corp: 687/942Kb lim: 12901 exec/s: 3360 rss: 76Mb L: 841/12901 MS: 3 ChangeASCIIInt-ChangeASCIIInt-EraseBytes-
#141258	REDUCE cov: 1459 ft: 4304 corp: 687/942Kb lim: 12901 exec/s: 3285 rss: 76Mb L: 8725/12901 MS: 3 ChangeBit-ChangeBit-CrossOver-
#141289	REDUCE cov: 1459 ft: 4304 corp: 687/942Kb lim: 12901 exec/s: 3285 rss: 76Mb L: 342/12901 MS: 1 EraseBytes-
#141360	REDUCE cov: 1459 ft: 4304 corp: 687/942Kb lim: 12901 exec/s: 3287 rss: 76Mb L: 137/12901 MS: 1 EraseBytes-
#141372	REDUCE cov: 1459 ft: 4304 corp: 687/942Kb lim: 12901 exec/s: 3287 rss: 76Mb L: 182/12901 MS: 2 ShuffleBytes-EraseBytes-
#141982	REDUCE cov: 1459 ft: 4304 corp: 687/941Kb lim: 12901 exec/s: 3301 rss: 76Mb L: 1050/12901 MS: 5 ChangeASCIIInt-CrossOver-ChangeByte-ChangeByte-EraseBytes-
#142106	REDUCE cov: 1459 ft: 4304 corp: 687/941Kb lim: 12901 exec/s: 3304 rss: 76Mb L: 193/12901 MS: 4 ChangeBinInt-InsertByte-ChangeASCIIInt-EraseBytes-
#142288	REDUCE cov: 1459 ft: 4304 corp: 687/941Kb lim: 12901 exec/s: 3309 rss: 76Mb L: 284/12901 MS: 2 PersAutoDict-EraseBytes- DE: "\000\000\000\000\000\000\000\006"-
#142408	REDUCE cov: 1459 ft: 4304 corp: 687/941Kb lim: 12901 exec/s: 3311 rss: 76Mb L: 1044/12901 MS: 5 ChangeByte-CrossOver-ChangeBinInt-CMP-EraseBytes- DE: "\377\377\377@"-
#142524	REDUCE cov: 1459 ft: 4304 corp: 687/941Kb lim: 12901 exec/s: 3314 rss: 76Mb L: 28/12901 MS: 1 EraseBytes-
#142875	NEW    cov: 1459 ft: 4305 corp: 688/941Kb lim: 12901 exec/s: 3322 rss: 76Mb L: 777/12901 MS: 1 CMP- DE: "SADI"-
#142877	REDUCE cov: 1459 ft: 4305 corp: 688/941Kb lim: 12901 exec/s: 3322 rss: 76Mb L: 880/12901 MS: 2 InsertRepeatedBytes-EraseBytes-
#143095	REDUCE cov: 1459 ft: 4305 corp: 688/941Kb lim: 12901 exec/s: 3327 rss: 76Mb L: 1031/12901 MS: 3 CrossOver-EraseBytes-EraseBytes-
#143228	REDUCE cov: 1459 ft: 4305 corp: 688/941Kb lim: 12901 exec/s: 3330 rss: 76Mb L: 142/12901 MS: 3 ChangeASCIIInt-ChangeBit-EraseBytes-
#143560	REDUCE cov: 1459 ft: 4305 corp: 688/941Kb lim: 12901 exec/s: 3338 rss: 76Mb L: 738/12901 MS: 2 ShuffleBytes-EraseBytes-
#143813	REDUCE cov: 1459 ft: 4305 corp: 688/941Kb lim: 12901 exec/s: 3344 rss: 76Mb L: 79/12901 MS: 3 ChangeBit-InsertRepeatedBytes-EraseBytes-
#143981	REDUCE cov: 1459 ft: 4305 corp: 688/941Kb lim: 12901 exec/s: 3348 rss: 76Mb L: 314/12901 MS: 3 InsertByte-EraseBytes-InsertRepeatedBytes-
#144297	NEW    cov: 1459 ft: 4306 corp: 689/942Kb lim: 12901 exec/s: 3355 rss: 76Mb L: 461/12901 MS: 1 EraseBytes-
#144480	REDUCE cov: 1459 ft: 4306 corp: 689/942Kb lim: 12901 exec/s: 3360 rss: 76Mb L: 57/12901 MS: 3 CrossOver-PersAutoDict-EraseBytes- DE: "E\000\000\000"-
#144536	REDUCE cov: 1459 ft: 4306 corp: 689/941Kb lim: 12901 exec/s: 3361 rss: 76Mb L: 578/12901 MS: 1 EraseBytes-
#144544	REDUCE cov: 1459 ft: 4306 corp: 689/941Kb lim: 12901 exec/s: 3361 rss: 76Mb L: 661/12901 MS: 3 ChangeBinInt-ChangeBit-EraseBytes-
#144562	REDUCE cov: 1459 ft: 4306 corp: 689/941Kb lim: 12901 exec/s: 3361 rss: 76Mb L: 249/12901 MS: 3 ChangeByte-ChangeByte-EraseBytes-
#144585	NEW    cov: 1461 ft: 4308 corp: 690/942Kb lim: 12901 exec/s: 3362 rss: 76Mb L: 294/12901 MS: 3 ShuffleBytes-ChangeByte-PersAutoDict- DE: "sPLT"-
#144836	REDUCE cov: 1461 ft: 4308 corp: 690/942Kb lim: 12901 exec/s: 3368 rss: 76Mb L: 345/12901 MS: 1 EraseBytes-
#144957	REDUCE cov: 1461 ft: 4308 corp: 690/941Kb lim: 12901 exec/s: 3294 rss: 76Mb L: 102/12901 MS: 1 EraseBytes-
#145270	REDUCE cov: 1461 ft: 4308 corp: 690/941Kb lim: 12901 exec/s: 3301 rss: 76Mb L: 242/12901 MS: 3 EraseBytes-ChangeBinInt-InsertRepeatedBytes-
#145393	REDUCE cov: 1461 ft: 4308 corp: 690/941Kb lim: 12901 exec/s: 3304 rss: 76Mb L: 335/12901 MS: 3 CopyPart-InsertByte-EraseBytes-
#145449	REDUCE cov: 1461 ft: 4308 corp: 690/941Kb lim: 12901 exec/s: 3305 rss: 76Mb L: 842/12901 MS: 1 EraseBytes-
#145500	REDUCE cov: 1461 ft: 4308 corp: 690/941Kb lim: 12901 exec/s: 3306 rss: 76Mb L: 287/12901 MS: 1 EraseBytes-
#145800	REDUCE cov: 1461 ft: 4308 corp: 690/941Kb lim: 12901 exec/s: 3313 rss: 76Mb L: 73/12901 MS: 5 InsertByte-InsertByte-CrossOver-CopyPart-EraseBytes-
#145816	REDUCE cov: 1461 ft: 4308 corp: 690/941Kb lim: 12901 exec/s: 3314 rss: 76Mb L: 549/12901 MS: 1 EraseBytes-
#145817	REDUCE cov: 1461 ft: 4308 corp: 690/941Kb lim: 12901 exec/s: 3314 rss: 76Mb L: 223/12901 MS: 1 EraseBytes-
#146023	REDUCE cov: 1461 ft: 4308 corp: 690/941Kb lim: 12901 exec/s: 3318 rss: 76Mb L: 295/12901 MS: 1 EraseBytes-
#146084	REDUCE cov: 1461 ft: 4308 corp: 690/941Kb lim: 12901 exec/s: 3320 rss: 76Mb L: 719/12901 MS: 1 EraseBytes-
#146121	REDUCE cov: 1461 ft: 4308 corp: 690/941Kb lim: 12901 exec/s: 3320 rss: 76Mb L: 1315/12901 MS: 2 ChangeBit-EraseBytes-
#146309	REDUCE cov: 1461 ft: 4308 corp: 690/941Kb lim: 12901 exec/s: 3325 rss: 76Mb L: 73/12901 MS: 3 ChangeBinInt-ChangeByte-EraseBytes-
#146748	REDUCE cov: 1461 ft: 4308 corp: 690/941Kb lim: 12901 exec/s: 3335 rss: 76Mb L: 1583/12901 MS: 4 CrossOver-ChangeASCIIInt-ChangeBinInt-EraseBytes-
#146774	REDUCE cov: 1461 ft: 4308 corp: 690/941Kb lim: 12901 exec/s: 3335 rss: 76Mb L: 102/12901 MS: 1 EraseBytes-
#146926	REDUCE cov: 1461 ft: 4308 corp: 690/940Kb lim: 12901 exec/s: 3339 rss: 76Mb L: 1062/12901 MS: 2 PersAutoDict-EraseBytes- DE: "\375\377\377\377"-
#146940	REDUCE cov: 1461 ft: 4308 corp: 690/940Kb lim: 12901 exec/s: 3339 rss: 76Mb L: 149/12901 MS: 4 ChangeBit-ChangeASCIIInt-InsertByte-EraseBytes-
#146952	NEW    cov: 1461 ft: 4309 corp: 691/941Kb lim: 12901 exec/s: 3339 rss: 76Mb L: 489/12901 MS: 2 CMP-CMP- DE: "UADI"-"sTER"-
#147153	REDUCE cov: 1461 ft: 4309 corp: 691/940Kb lim: 12901 exec/s: 3344 rss: 76Mb L: 623/12901 MS: 1 EraseBytes-
#147694	REDUCE cov: 1461 ft: 4309 corp: 691/940Kb lim: 12901 exec/s: 3356 rss: 76Mb L: 1210/12901 MS: 1 EraseBytes-
#147841	REDUCE cov: 1461 ft: 4309 corp: 691/940Kb lim: 12901 exec/s: 3360 rss: 76Mb L: 240/12901 MS: 2 CrossOver-EraseBytes-
#147980	REDUCE cov: 1461 ft: 4309 corp: 691/940Kb lim: 12901 exec/s: 3363 rss: 76Mb L: 159/12901 MS: 4 InsertByte-ShuffleBytes-ChangeBinInt-EraseBytes-
#148146	REDUCE cov: 1461 ft: 4309 corp: 691/940Kb lim: 12901 exec/s: 3366 rss: 76Mb L: 144/12901 MS: 1 EraseBytes-
#148157	REDUCE cov: 1461 ft: 4309 corp: 691/940Kb lim: 12901 exec/s: 3367 rss: 76Mb L: 195/12901 MS: 1 EraseBytes-
#148224	REDUCE cov: 1461 ft: 4309 corp: 691/940Kb lim: 12901 exec/s: 3293 rss: 76Mb L: 1172/12901 MS: 2 InsertRepeatedBytes-EraseBytes-
#148313	REDUCE cov: 1461 ft: 4309 corp: 691/940Kb lim: 12901 exec/s: 3295 rss: 76Mb L: 2682/12901 MS: 4 PersAutoDict-ChangeASCIIInt-InsertByte-EraseBytes- DE: "\036\000\000\000\000\000\000\000"-
#148415	REDUCE cov: 1461 ft: 4309 corp: 691/940Kb lim: 12901 exec/s: 3298 rss: 76Mb L: 193/12901 MS: 2 InsertByte-EraseBytes-
#148742	REDUCE cov: 1461 ft: 4309 corp: 691/939Kb lim: 12901 exec/s: 3305 rss: 76Mb L: 1682/12901 MS: 2 ChangeASCIIInt-EraseBytes-
#148874	REDUCE cov: 1461 ft: 4309 corp: 691/939Kb lim: 12901 exec/s: 3308 rss: 76Mb L: 97/12901 MS: 2 ChangeBit-EraseBytes-
#148963	REDUCE cov: 1461 ft: 4309 corp: 691/939Kb lim: 12901 exec/s: 3310 rss: 76Mb L: 1559/12901 MS: 4 ChangeBinInt-InsertByte-ChangeByte-EraseBytes-
#149350	REDUCE cov: 1461 ft: 4309 corp: 691/939Kb lim: 12901 exec/s: 3318 rss: 76Mb L: 253/12901 MS: 2 CMP-EraseBytes- DE: "\304\000\000\000\000\000\000\000"-
#149416	REDUCE cov: 1461 ft: 4309 corp: 691/939Kb lim: 12901 exec/s: 3320 rss: 76Mb L: 8547/12901 MS: 1 EraseBytes-
#149587	REDUCE cov: 1461 ft: 4309 corp: 691/939Kb lim: 12901 exec/s: 3324 rss: 76Mb L: 187/12901 MS: 1 EraseBytes-
#149824	REDUCE cov: 1461 ft: 4309 corp: 691/939Kb lim: 12901 exec/s: 3329 rss: 76Mb L: 129/12901 MS: 2 CopyPart-EraseBytes-
#149873	REDUCE cov: 1461 ft: 4309 corp: 691/939Kb lim: 12901 exec/s: 3330 rss: 76Mb L: 295/12901 MS: 4 ChangeBit-ChangeBit-PersAutoDict-EraseBytes- DE: "sRGB"-
#150425	REDUCE cov: 1462 ft: 4310 corp: 692/939Kb lim: 12901 exec/s: 3342 rss: 76Mb L: 393/12901 MS: 2 PersAutoDict-EraseBytes- DE: "\377\377\377\377\377\377\377\005"-
#150466	REDUCE cov: 1462 ft: 4310 corp: 692/939Kb lim: 12901 exec/s: 3343 rss: 76Mb L: 59/12901 MS: 1 EraseBytes-
#150538	REDUCE cov: 1462 ft: 4310 corp: 692/939Kb lim: 12901 exec/s: 3345 rss: 76Mb L: 781/12901 MS: 2 InsertByte-EraseBytes-
#150625	REDUCE cov: 1462 ft: 4310 corp: 692/939Kb lim: 12901 exec/s: 3347 rss: 76Mb L: 296/12901 MS: 2 ChangeBinInt-EraseBytes-
#150646	REDUCE cov: 1462 ft: 4311 corp: 693/939Kb lim: 12901 exec/s: 3347 rss: 76Mb L: 300/12901 MS: 1 ChangeBinInt-
#150738	REDUCE cov: 1462 ft: 4311 corp: 693/939Kb lim: 12901 exec/s: 3349 rss: 76Mb L: 1581/12901 MS: 2 ChangeASCIIInt-EraseBytes-
#150884	REDUCE cov: 1462 ft: 4311 corp: 693/939Kb lim: 12901 exec/s: 3352 rss: 76Mb L: 163/12901 MS: 1 EraseBytes-
#151070	REDUCE cov: 1462 ft: 4311 corp: 693/939Kb lim: 12901 exec/s: 3357 rss: 76Mb L: 370/12901 MS: 1 EraseBytes-
#151127	REDUCE cov: 1462 ft: 4311 corp: 693/939Kb lim: 12901 exec/s: 3358 rss: 76Mb L: 259/12901 MS: 2 CopyPart-EraseBytes-
#151349	NEW    cov: 1462 ft: 4314 corp: 694/940Kb lim: 12901 exec/s: 3290 rss: 76Mb L: 370/12901 MS: 2 ChangeByte-CrossOver-
#151620	REDUCE cov: 1462 ft: 4314 corp: 694/939Kb lim: 12901 exec/s: 3296 rss: 76Mb L: 8557/12901 MS: 1 EraseBytes-
#151896	REDUCE cov: 1462 ft: 4314 corp: 694/939Kb lim: 12901 exec/s: 3302 rss: 76Mb L: 78/12901 MS: 1 EraseBytes-
#151968	REDUCE cov: 1462 ft: 4314 corp: 694/938Kb lim: 12901 exec/s: 3303 rss: 76Mb L: 9533/12901 MS: 2 ChangeASCIIInt-EraseBytes-
#152129	REDUCE cov: 1462 ft: 4314 corp: 694/938Kb lim: 12901 exec/s: 3307 rss: 76Mb L: 1519/12901 MS: 1 EraseBytes-
#152193	REDUCE cov: 1462 ft: 4314 corp: 694/938Kb lim: 12901 exec/s: 3308 rss: 76Mb L: 1634/12901 MS: 4 ChangeByte-ShuffleBytes-PersAutoDict-EraseBytes- DE: "\036\000\000\000\000\000\000\000"-
#152339	REDUCE cov: 1462 ft: 4314 corp: 694/937Kb lim: 12901 exec/s: 3311 rss: 76Mb L: 360/12901 MS: 1 EraseBytes-
#153130	REDUCE cov: 1463 ft: 4315 corp: 695/939Kb lim: 12901 exec/s: 3328 rss: 76Mb L: 1505/12901 MS: 1 CrossOver-
#153139	REDUCE cov: 1463 ft: 4315 corp: 695/939Kb lim: 12901 exec/s: 3329 rss: 76Mb L: 267/12901 MS: 4 ChangeASCIIInt-PersAutoDict-ChangeBinInt-EraseBytes- DE: "cHRM"-
#153231	REDUCE cov: 1463 ft: 4315 corp: 695/938Kb lim: 12901 exec/s: 3331 rss: 76Mb L: 594/12901 MS: 2 ChangeASCIIInt-EraseBytes-
#153442	REDUCE cov: 1463 ft: 4315 corp: 695/938Kb lim: 12901 exec/s: 3335 rss: 76Mb L: 1632/12901 MS: 1 EraseBytes-
#153545	REDUCE cov: 1463 ft: 4315 corp: 695/938Kb lim: 12901 exec/s: 3337 rss: 76Mb L: 77/12901 MS: 3 ChangeBit-CopyPart-EraseBytes-
#153611	REDUCE cov: 1463 ft: 4315 corp: 695/938Kb lim: 12901 exec/s: 3339 rss: 76Mb L: 8970/12901 MS: 1 CrossOver-
#153618	REDUCE cov: 1463 ft: 4315 corp: 695/938Kb lim: 12901 exec/s: 3339 rss: 76Mb L: 1152/12901 MS: 2 InsertRepeatedBytes-EraseBytes-
#154015	REDUCE cov: 1463 ft: 4315 corp: 695/938Kb lim: 12901 exec/s: 3276 rss: 76Mb L: 1283/12901 MS: 2 ChangeBinInt-EraseBytes-
#154191	NEW    cov: 1463 ft: 4316 corp: 696/938Kb lim: 12901 exec/s: 3280 rss: 76Mb L: 251/12901 MS: 1 PersAutoDict- DE: "\003\000\000\000"-
#154683	REDUCE cov: 1463 ft: 4316 corp: 696/938Kb lim: 12901 exec/s: 3291 rss: 76Mb L: 179/12901 MS: 2 ChangeBit-EraseBytes-
#154889	REDUCE cov: 1463 ft: 4316 corp: 696/938Kb lim: 12901 exec/s: 3295 rss: 76Mb L: 33/12901 MS: 1 EraseBytes-
#155123	REDUCE cov: 1463 ft: 4316 corp: 696/938Kb lim: 12901 exec/s: 3300 rss: 76Mb L: 244/12901 MS: 4 ShuffleBytes-InsertRepeatedBytes-InsertRepeatedBytes-EraseBytes-
#155484	REDUCE cov: 1463 ft: 4316 corp: 696/938Kb lim: 12901 exec/s: 3308 rss: 76Mb L: 126/12901 MS: 1 EraseBytes-
#155602	REDUCE cov: 1463 ft: 4316 corp: 696/938Kb lim: 12901 exec/s: 3310 rss: 76Mb L: 73/12901 MS: 3 CopyPart-ShuffleBytes-EraseBytes-
#155603	REDUCE cov: 1463 ft: 4316 corp: 696/938Kb lim: 12901 exec/s: 3310 rss: 76Mb L: 31/12901 MS: 1 EraseBytes-
#156395	REDUCE cov: 1464 ft: 4317 corp: 697/938Kb lim: 12901 exec/s: 3327 rss: 76Mb L: 564/12901 MS: 2 ShuffleBytes-InsertByte-
#156422	REDUCE cov: 1464 ft: 4317 corp: 697/937Kb lim: 12901 exec/s: 3328 rss: 76Mb L: 2980/12901 MS: 2 ChangeBit-CrossOver-
#156472	REDUCE cov: 1464 ft: 4317 corp: 697/937Kb lim: 12901 exec/s: 3329 rss: 76Mb L: 31/12901 MS: 5 CMP-CopyPart-CopyPart-InsertByte-EraseBytes- DE: "\001\001"-
#156493	REDUCE cov: 1464 ft: 4317 corp: 697/937Kb lim: 12901 exec/s: 3329 rss: 76Mb L: 30/12901 MS: 1 EraseBytes-
#156720	REDUCE cov: 1464 ft: 4317 corp: 697/937Kb lim: 12901 exec/s: 3334 rss: 76Mb L: 2009/12901 MS: 2 ShuffleBytes-EraseBytes-
#156745	REDUCE cov: 1464 ft: 4317 corp: 697/937Kb lim: 12901 exec/s: 3335 rss: 76Mb L: 593/12901 MS: 5 CrossOver-ChangeBinInt-InsertByte-PersAutoDict-EraseBytes- DE: "Z\000"-
#156762	REDUCE cov: 1464 ft: 4317 corp: 697/937Kb lim: 12901 exec/s: 3335 rss: 76Mb L: 47/12901 MS: 2 CMP-EraseBytes- DE: "\377\377\377\377\377\377\377\377"-
#158091	REDUCE cov: 1464 ft: 4317 corp: 697/937Kb lim: 12901 exec/s: 3293 rss: 76Mb L: 292/12901 MS: 4 ChangeBinInt-CMP-CMP-EraseBytes- DE: "\001\000\000\000\000\000\000\303"-"\377\377\377\377\377\377\377\033"-
#158529	REDUCE cov: 1464 ft: 4317 corp: 697/937Kb lim: 12901 exec/s: 3302 rss: 76Mb L: 250/12901 MS: 3 ShuffleBytes-ShuffleBytes-EraseBytes-
#158820	REDUCE cov: 1464 ft: 4317 corp: 697/937Kb lim: 12901 exec/s: 3308 rss: 76Mb L: 154/12901 MS: 1 EraseBytes-
#159236	REDUCE cov: 1464 ft: 4317 corp: 697/937Kb lim: 12901 exec/s: 3317 rss: 76Mb L: 470/12901 MS: 1 EraseBytes-
#159625	NEW    cov: 1464 ft: 4318 corp: 698/946Kb lim: 12901 exec/s: 3325 rss: 76Mb L: 8922/12901 MS: 4 InsertRepeatedBytes-InsertByte-InsertByte-ChangeBit-
#159836	REDUCE cov: 1464 ft: 4318 corp: 698/946Kb lim: 12901 exec/s: 3329 rss: 76Mb L: 190/12901 MS: 1 EraseBytes-
#160107	REDUCE cov: 1464 ft: 4318 corp: 698/946Kb lim: 12901 exec/s: 3335 rss: 76Mb L: 38/12901 MS: 1 EraseBytes-
#160124	REDUCE cov: 1464 ft: 4318 corp: 698/946Kb lim: 12901 exec/s: 3335 rss: 76Mb L: 1043/12901 MS: 2 ChangeBit-EraseBytes-
#160246	REDUCE cov: 1464 ft: 4320 corp: 699/947Kb lim: 12901 exec/s: 3338 rss: 76Mb L: 1307/12901 MS: 2 ChangeBit-CrossOver-
#160329	REDUCE cov: 1464 ft: 4320 corp: 699/945Kb lim: 12901 exec/s: 3340 rss: 76Mb L: 2032/12901 MS: 3 ChangeByte-ChangeBinInt-EraseBytes-
#160375	REDUCE cov: 1464 ft: 4320 corp: 699/945Kb lim: 12901 exec/s: 3341 rss: 76Mb L: 672/12901 MS: 1 EraseBytes-
#160776	REDUCE cov: 1464 ft: 4320 corp: 699/945Kb lim: 12901 exec/s: 3349 rss: 76Mb L: 254/12901 MS: 1 EraseBytes-
#160787	NEW    cov: 1464 ft: 4322 corp: 700/945Kb lim: 12901 exec/s: 3349 rss: 76Mb L: 275/12901 MS: 1 ChangeBinInt-
#160933	REDUCE cov: 1464 ft: 4322 corp: 700/945Kb lim: 12901 exec/s: 3284 rss: 76Mb L: 37/12901 MS: 1 EraseBytes-
#161039	NEW    cov: 1465 ft: 4323 corp: 701/946Kb lim: 12901 exec/s: 3286 rss: 76Mb L: 564/12901 MS: 1 CrossOver-
#161185	REDUCE cov: 1465 ft: 4323 corp: 701/945Kb lim: 12901 exec/s: 3289 rss: 76Mb L: 1523/12901 MS: 1 EraseBytes-
#161456	REDUCE cov: 1465 ft: 4323 corp: 701/945Kb lim: 12901 exec/s: 3295 rss: 76Mb L: 124/12901 MS: 1 EraseBytes-
#161490	REDUCE cov: 1465 ft: 4323 corp: 701/941Kb lim: 12901 exec/s: 3295 rss: 76Mb L: 4959/12901 MS: 4 ChangeByte-ChangeASCIIInt-ShuffleBytes-CrossOver-
#161531	REDUCE cov: 1465 ft: 4323 corp: 701/941Kb lim: 12901 exec/s: 3296 rss: 76Mb L: 587/12901 MS: 1 EraseBytes-
#161542	NEW    cov: 1465 ft: 4325 corp: 702/942Kb lim: 12901 exec/s: 3296 rss: 76Mb L: 654/12901 MS: 1 ChangeBit-
#161555	REDUCE cov: 1465 ft: 4325 corp: 702/942Kb lim: 12901 exec/s: 3297 rss: 76Mb L: 8901/12901 MS: 3 ShuffleBytes-CrossOver-EraseBytes-
#161781	REDUCE cov: 1465 ft: 4325 corp: 702/942Kb lim: 12901 exec/s: 3301 rss: 76Mb L: 44/12901 MS: 1 EraseBytes-
#162094	REDUCE cov: 1465 ft: 4325 corp: 702/942Kb lim: 12901 exec/s: 3308 rss: 76Mb L: 54/12901 MS: 3 ChangeBit-ChangeBinInt-EraseBytes-
#162186	REDUCE cov: 1465 ft: 4325 corp: 702/941Kb lim: 12901 exec/s: 3309 rss: 76Mb L: 205/12901 MS: 2 ChangeByte-EraseBytes-
#162272	REDUCE cov: 1465 ft: 4325 corp: 702/941Kb lim: 12901 exec/s: 3311 rss: 76Mb L: 1290/12901 MS: 1 EraseBytes-
#162279	REDUCE cov: 1465 ft: 4325 corp: 702/941Kb lim: 12901 exec/s: 3311 rss: 76Mb L: 49/12901 MS: 2 ChangeBit-EraseBytes-
#162725	REDUCE cov: 1465 ft: 4325 corp: 702/941Kb lim: 12901 exec/s: 3320 rss: 76Mb L: 8869/12901 MS: 1 EraseBytes-
#162731	REDUCE cov: 1465 ft: 4325 corp: 702/941Kb lim: 12901 exec/s: 3321 rss: 76Mb L: 172/12901 MS: 1 CrossOver-
#162997	REDUCE cov: 1465 ft: 4325 corp: 702/941Kb lim: 12901 exec/s: 3326 rss: 76Mb L: 336/12901 MS: 1 EraseBytes-
#163220	REDUCE cov: 1465 ft: 4325 corp: 702/941Kb lim: 12901 exec/s: 3331 rss: 76Mb L: 1618/12901 MS: 3 CopyPart-EraseBytes-EraseBytes-
#163586	REDUCE cov: 1465 ft: 4325 corp: 702/941Kb lim: 12901 exec/s: 3338 rss: 76Mb L: 234/12901 MS: 1 EraseBytes-
#163722	REDUCE cov: 1465 ft: 4325 corp: 702/941Kb lim: 12901 exec/s: 3341 rss: 76Mb L: 597/12901 MS: 1 EraseBytes-
#163898	REDUCE cov: 1465 ft: 4325 corp: 702/941Kb lim: 12901 exec/s: 3344 rss: 76Mb L: 215/12901 MS: 1 EraseBytes-
#164104	REDUCE cov: 1465 ft: 4325 corp: 702/941Kb lim: 12901 exec/s: 3282 rss: 76Mb L: 653/12901 MS: 1 EraseBytes-
#164219	REDUCE cov: 1465 ft: 4325 corp: 702/941Kb lim: 12901 exec/s: 3284 rss: 76Mb L: 34/12901 MS: 5 ChangeASCIIInt-ChangeASCIIInt-ChangeBit-ChangeBinInt-EraseBytes-
#164245	REDUCE cov: 1465 ft: 4325 corp: 702/941Kb lim: 12901 exec/s: 3284 rss: 76Mb L: 508/12901 MS: 1 EraseBytes-
#164479	NEW    cov: 1466 ft: 4326 corp: 703/941Kb lim: 12901 exec/s: 3289 rss: 76Mb L: 709/12901 MS: 4 ChangeASCIIInt-ShuffleBytes-ChangeBinInt-CrossOver-
#164584	REDUCE cov: 1466 ft: 4327 corp: 704/943Kb lim: 12901 exec/s: 3291 rss: 76Mb L: 1524/12901 MS: 5 ChangeBinInt-ChangeBinInt-InsertByte-ShuffleBytes-ChangeASCIIInt-
#164595	NEW    cov: 1466 ft: 4328 corp: 705/943Kb lim: 12901 exec/s: 3291 rss: 76Mb L: 489/12901 MS: 1 CopyPart-
#165138	REDUCE cov: 1466 ft: 4328 corp: 705/943Kb lim: 12901 exec/s: 3302 rss: 76Mb L: 2027/12901 MS: 3 ChangeBit-ChangeASCIIInt-EraseBytes-
#165634	NEW    cov: 1467 ft: 4330 corp: 706/944Kb lim: 12901 exec/s: 3312 rss: 76Mb L: 251/12901 MS: 1 CMP- DE: "pCAL"-
#165670	REDUCE cov: 1467 ft: 4330 corp: 706/943Kb lim: 12901 exec/s: 3313 rss: 76Mb L: 856/12901 MS: 1 EraseBytes-
#166034	REDUCE cov: 1467 ft: 4330 corp: 706/943Kb lim: 12901 exec/s: 3255 rss: 76Mb L: 151/12901 MS: 4 CopyPart-ChangeBit-InsertByte-EraseBytes-
#166177	REDUCE cov: 1467 ft: 4330 corp: 706/943Kb lim: 12901 exec/s: 3258 rss: 76Mb L: 415/12901 MS: 3 InsertByte-PersAutoDict-EraseBytes- DE: "\021\000"-
#166425	REDUCE cov: 1467 ft: 4330 corp: 706/943Kb lim: 12901 exec/s: 3263 rss: 76Mb L: 66/12901 MS: 3 PersAutoDict-CMP-EraseBytes- DE: "\021\000\000\000\000\000\000\000"-"\010\000\000\000\000\000\000\000"-
#166992	REDUCE cov: 1467 ft: 4330 corp: 706/942Kb lim: 12901 exec/s: 3274 rss: 76Mb L: 709/12901 MS: 2 InsertRepeatedBytes-EraseBytes-
#167033	NEW    cov: 1467 ft: 4331 corp: 707/943Kb lim: 12901 exec/s: 3275 rss: 76Mb L: 972/12901 MS: 1 CMP- DE: "sBIT"-
#167074	REDUCE cov: 1467 ft: 4331 corp: 707/943Kb lim: 12901 exec/s: 3275 rss: 76Mb L: 71/12901 MS: 1 EraseBytes-
#167121	REDUCE cov: 1467 ft: 4331 corp: 707/943Kb lim: 12901 exec/s: 3276 rss: 76Mb L: 232/12901 MS: 2 ChangeByte-EraseBytes-
#167342	REDUCE cov: 1467 ft: 4331 corp: 707/943Kb lim: 12901 exec/s: 3281 rss: 76Mb L: 123/12901 MS: 1 EraseBytes-
#167444	REDUCE cov: 1467 ft: 4331 corp: 707/943Kb lim: 12901 exec/s: 3283 rss: 76Mb L: 591/12901 MS: 2 InsertByte-EraseBytes-
#167585	REDUCE cov: 1467 ft: 4331 corp: 707/943Kb lim: 12901 exec/s: 3285 rss: 76Mb L: 211/12901 MS: 1 EraseBytes-
#167681	REDUCE cov: 1467 ft: 4331 corp: 707/943Kb lim: 12901 exec/s: 3287 rss: 76Mb L: 72/12901 MS: 1 EraseBytes-
#167722	NEW    cov: 1467 ft: 4332 corp: 708/945Kb lim: 12901 exec/s: 3288 rss: 76Mb L: 1197/12901 MS: 1 CopyPart-
#167791	REDUCE cov: 1467 ft: 4332 corp: 708/945Kb lim: 12901 exec/s: 3290 rss: 76Mb L: 331/12901 MS: 4 InsertByte-ChangeBit-PersAutoDict-EraseBytes- DE: ",\001\000\000"-
#168065	REDUCE cov: 1467 ft: 4332 corp: 708/944Kb lim: 12901 exec/s: 3295 rss: 76Mb L: 232/12901 MS: 4 ChangeByte-InsertRepeatedBytes-ChangeASCIIInt-EraseBytes-
#168077	REDUCE cov: 1467 ft: 4332 corp: 708/944Kb lim: 12901 exec/s: 3295 rss: 76Mb L: 491/12901 MS: 2 ShuffleBytes-EraseBytes-
#168128	REDUCE cov: 1467 ft: 4332 corp: 708/944Kb lim: 12901 exec/s: 3296 rss: 76Mb L: 480/12901 MS: 1 EraseBytes-
#168139	REDUCE cov: 1467 ft: 4332 corp: 708/944Kb lim: 12901 exec/s: 3296 rss: 76Mb L: 1390/12901 MS: 1 EraseBytes-
#168230	REDUCE cov: 1467 ft: 4332 corp: 708/944Kb lim: 12901 exec/s: 3298 rss: 76Mb L: 78/12901 MS: 1 EraseBytes-
#168801	REDUCE cov: 1467 ft: 4332 corp: 708/944Kb lim: 12901 exec/s: 3309 rss: 76Mb L: 297/12901 MS: 1 EraseBytes-
#169028	REDUCE cov: 1467 ft: 4332 corp: 708/944Kb lim: 12901 exec/s: 3314 rss: 76Mb L: 101/12901 MS: 2 CMP-EraseBytes- DE: "\377\377\377\377\377\377\377\037"-
#169309	REDUCE cov: 1467 ft: 4332 corp: 708/944Kb lim: 12901 exec/s: 3319 rss: 76Mb L: 226/12901 MS: 1 EraseBytes-
#169355	REDUCE cov: 1467 ft: 4332 corp: 708/944Kb lim: 12901 exec/s: 3320 rss: 76Mb L: 111/12901 MS: 1 EraseBytes-
#170126	REDUCE cov: 1467 ft: 4332 corp: 708/944Kb lim: 12901 exec/s: 3271 rss: 76Mb L: 640/12901 MS: 1 EraseBytes-
#170377	REDUCE cov: 1467 ft: 4332 corp: 708/944Kb lim: 12901 exec/s: 3276 rss: 76Mb L: 327/12901 MS: 1 EraseBytes-
#170428	REDUCE cov: 1474 ft: 4339 corp: 709/945Kb lim: 12901 exec/s: 3277 rss: 76Mb L: 1623/12901 MS: 1 CrossOver-
#170436	REDUCE cov: 1474 ft: 4340 corp: 710/946Kb lim: 12901 exec/s: 3277 rss: 76Mb L: 778/12901 MS: 3 PersAutoDict-ChangeByte-CrossOver- DE: "\211PNG\015\012\346\365"-
#170445	REDUCE cov: 1474 ft: 4340 corp: 710/946Kb lim: 12901 exec/s: 3277 rss: 76Mb L: 1446/12901 MS: 4 InsertByte-ChangeByte-ChangeByte-EraseBytes-
#170483	REDUCE cov: 1474 ft: 4340 corp: 710/946Kb lim: 12901 exec/s: 3278 rss: 76Mb L: 981/12901 MS: 3 ChangeBit-ChangeASCIIInt-EraseBytes-
#170563	REDUCE cov: 1474 ft: 4340 corp: 710/946Kb lim: 12901 exec/s: 3280 rss: 76Mb L: 98/12901 MS: 5 InsertRepeatedBytes-ChangeBinInt-InsertByte-ChangeByte-EraseBytes-
#171034	REDUCE cov: 1474 ft: 4340 corp: 710/946Kb lim: 12901 exec/s: 3289 rss: 76Mb L: 319/12901 MS: 1 EraseBytes-
#171053	REDUCE cov: 1474 ft: 4340 corp: 710/946Kb lim: 12901 exec/s: 3289 rss: 76Mb L: 167/12901 MS: 4 ChangeBinInt-InsertRepeatedBytes-PersAutoDict-EraseBytes- DE: "acTL"-
#171110	REDUCE cov: 1474 ft: 4340 corp: 710/945Kb lim: 12901 exec/s: 3290 rss: 76Mb L: 249/12901 MS: 2 InsertRepeatedBytes-EraseBytes-
#171292	NEW    cov: 1474 ft: 4341 corp: 711/946Kb lim: 12901 exec/s: 3294 rss: 76Mb L: 139/12901 MS: 2 ChangeASCIIInt-InsertByte-
#171510	REDUCE cov: 1474 ft: 4341 corp: 711/945Kb lim: 12901 exec/s: 3298 rss: 76Mb L: 764/12901 MS: 3 EraseBytes-InsertRepeatedBytes-ChangeBit-
#171778	REDUCE cov: 1474 ft: 4341 corp: 711/945Kb lim: 12901 exec/s: 3303 rss: 77Mb L: 1615/12901 MS: 3 ChangeBit-ChangeByte-EraseBytes-
#171789	REDUCE cov: 1474 ft: 4341 corp: 711/945Kb lim: 12901 exec/s: 3303 rss: 77Mb L: 138/12901 MS: 1 EraseBytes-
#171886	REDUCE cov: 1474 ft: 4341 corp: 711/945Kb lim: 12901 exec/s: 3305 rss: 77Mb L: 96/12901 MS: 2 ChangeASCIIInt-EraseBytes-
#172247	REDUCE cov: 1474 ft: 4341 corp: 711/945Kb lim: 12901 exec/s: 3312 rss: 77Mb L: 140/12901 MS: 1 EraseBytes-
#172625	REDUCE cov: 1474 ft: 4341 corp: 711/945Kb lim: 12901 exec/s: 3319 rss: 77Mb L: 8819/12901 MS: 3 PersAutoDict-CrossOver-EraseBytes- DE: "\377\236"-
#173101	REDUCE cov: 1474 ft: 4341 corp: 711/945Kb lim: 12901 exec/s: 3266 rss: 77Mb L: 26/12901 MS: 1 EraseBytes-
#173330	REDUCE cov: 1474 ft: 4341 corp: 711/945Kb lim: 12901 exec/s: 3270 rss: 77Mb L: 213/12901 MS: 4 InsertRepeatedBytes-InsertByte-ChangeBit-EraseBytes-
#173467	REDUCE cov: 1474 ft: 4341 corp: 711/945Kb lim: 12901 exec/s: 3272 rss: 77Mb L: 1302/12901 MS: 2 ChangeASCIIInt-EraseBytes-
#173686	REDUCE cov: 1474 ft: 4341 corp: 711/945Kb lim: 12901 exec/s: 3277 rss: 77Mb L: 239/12901 MS: 4 InsertRepeatedBytes-ChangeByte-CrossOver-EraseBytes-
#173687	REDUCE cov: 1474 ft: 4341 corp: 711/945Kb lim: 12901 exec/s: 3277 rss: 77Mb L: 1656/12901 MS: 1 EraseBytes-
#173814	REDUCE cov: 1474 ft: 4341 corp: 711/945Kb lim: 12901 exec/s: 3279 rss: 77Mb L: 249/12901 MS: 2 ChangeByte-EraseBytes-
#174356	REDUCE cov: 1474 ft: 4341 corp: 711/945Kb lim: 12901 exec/s: 3289 rss: 77Mb L: 241/12901 MS: 2 CopyPart-EraseBytes-
#174364	REDUCE cov: 1474 ft: 4341 corp: 711/945Kb lim: 12901 exec/s: 3289 rss: 77Mb L: 268/12901 MS: 3 ChangeByte-PersAutoDict-EraseBytes- DE: "\000\000\000P"-
#174472	REDUCE cov: 1474 ft: 4342 corp: 712/945Kb lim: 12901 exec/s: 3291 rss: 77Mb L: 458/12901 MS: 3 CrossOver-ChangeASCIIInt-InsertRepeatedBytes-
#174718	REDUCE cov: 1474 ft: 4342 corp: 712/945Kb lim: 12901 exec/s: 3296 rss: 77Mb L: 1534/12901 MS: 1 EraseBytes-
#174777	REDUCE cov: 1474 ft: 4342 corp: 712/945Kb lim: 12901 exec/s: 3297 rss: 77Mb L: 1218/12901 MS: 4 InsertByte-ChangeBit-ChangeBinInt-EraseBytes-
#174900	NEW    cov: 1474 ft: 4343 corp: 713/946Kb lim: 12901 exec/s: 3300 rss: 77Mb L: 1118/12901 MS: 3 PersAutoDict-CMP-CrossOver- DE: "rYHp"-"\001\000\000\000\000\000\000\015"-
#174931	REDUCE cov: 1474 ft: 4343 corp: 713/946Kb lim: 12901 exec/s: 3300 rss: 77Mb L: 836/12901 MS: 1 EraseBytes-
#174933	REDUCE cov: 1474 ft: 4343 corp: 713/946Kb lim: 12901 exec/s: 3300 rss: 77Mb L: 524/12901 MS: 2 PersAutoDict-EraseBytes- DE: "\302\000\000\000\000\000\000\000"-
#175037	REDUCE cov: 1474 ft: 4343 corp: 713/946Kb lim: 12901 exec/s: 3302 rss: 77Mb L: 54/12901 MS: 4 ChangeByte-ChangeBinInt-ChangeBit-EraseBytes-
#175202	REDUCE cov: 1474 ft: 4343 corp: 713/946Kb lim: 12901 exec/s: 3305 rss: 77Mb L: 5403/12901 MS: 5 InsertByte-CrossOver-PersAutoDict-InsertByte-EraseBytes- DE: "\377\005"-
#175463	REDUCE cov: 1474 ft: 4343 corp: 713/945Kb lim: 12901 exec/s: 3249 rss: 77Mb L: 998/12901 MS: 1 EraseBytes-
#175514	REDUCE cov: 1474 ft: 4343 corp: 713/945Kb lim: 12901 exec/s: 3250 rss: 77Mb L: 21/12901 MS: 1 EraseBytes-
#175767	REDUCE cov: 1474 ft: 4343 corp: 713/945Kb lim: 12901 exec/s: 3254 rss: 77Mb L: 148/12901 MS: 3 ChangeBinInt-ChangeBinInt-EraseBytes-
#175879	NEW    cov: 1474 ft: 4344 corp: 714/958Kb lim: 12901 exec/s: 3257 rss: 77Mb L: 12901/12901 MS: 2 ChangeBit-PersAutoDict- DE: "1\001\000\000\000\000\000\000"-
#175906	NEW    cov: 1474 ft: 4347 corp: 715/958Kb lim: 12901 exec/s: 3257 rss: 77Mb L: 489/12901 MS: 2 ChangeBit-ChangeASCIIInt-
#176202	REDUCE cov: 1474 ft: 4347 corp: 715/958Kb lim: 12901 exec/s: 3263 rss: 77Mb L: 57/12901 MS: 1 EraseBytes-
#176403	REDUCE cov: 1474 ft: 4347 corp: 715/958Kb lim: 12901 exec/s: 3266 rss: 77Mb L: 123/12901 MS: 1 EraseBytes-
#176529	REDUCE cov: 1474 ft: 4347 corp: 715/958Kb lim: 12901 exec/s: 3269 rss: 77Mb L: 172/12901 MS: 1 EraseBytes-
#177025	REDUCE cov: 1474 ft: 4347 corp: 715/958Kb lim: 12901 exec/s: 3278 rss: 77Mb L: 1192/12901 MS: 1 EraseBytes-
#177156	REDUCE cov: 1474 ft: 4347 corp: 715/958Kb lim: 12901 exec/s: 3280 rss: 77Mb L: 217/12901 MS: 1 EraseBytes-
#177168	REDUCE cov: 1474 ft: 4347 corp: 715/958Kb lim: 12901 exec/s: 3280 rss: 77Mb L: 499/12901 MS: 2 ShuffleBytes-EraseBytes-
#177310	REDUCE cov: 1474 ft: 4347 corp: 715/957Kb lim: 12901 exec/s: 3283 rss: 77Mb L: 739/12901 MS: 2 CrossOver-EraseBytes-
#177390	REDUCE cov: 1474 ft: 4347 corp: 715/957Kb lim: 12901 exec/s: 3285 rss: 77Mb L: 550/12901 MS: 5 ChangeASCIIInt-ShuffleBytes-EraseBytes-ShuffleBytes-ShuffleBytes-
#177727	REDUCE cov: 1474 ft: 4347 corp: 715/957Kb lim: 12901 exec/s: 3291 rss: 77Mb L: 203/12901 MS: 2 InsertByte-EraseBytes-
#177930	NEW    cov: 1475 ft: 4348 corp: 716/958Kb lim: 12901 exec/s: 3295 rss: 77Mb L: 853/12901 MS: 3 PersAutoDict-ChangeBit-CMP- DE: "\377\377\377\377\377\377\377\377"-"\000,"-
#178687	REDUCE cov: 1475 ft: 4348 corp: 716/958Kb lim: 12901 exec/s: 3309 rss: 77Mb L: 206/12901 MS: 2 ShuffleBytes-EraseBytes-
#178964	REDUCE cov: 1475 ft: 4348 corp: 716/957Kb lim: 12901 exec/s: 3314 rss: 77Mb L: 476/12901 MS: 2 ShuffleBytes-EraseBytes-
#179007	REDUCE cov: 1475 ft: 4348 corp: 716/957Kb lim: 12901 exec/s: 3314 rss: 77Mb L: 1107/12901 MS: 3 InsertByte-ChangeBit-EraseBytes-
#179224	REDUCE cov: 1475 ft: 4348 corp: 716/957Kb lim: 12901 exec/s: 3258 rss: 77Mb L: 82/12901 MS: 2 InsertByte-EraseBytes-
#179455	REDUCE cov: 1475 ft: 4349 corp: 717/958Kb lim: 12901 exec/s: 3262 rss: 77Mb L: 1519/12901 MS: 1 CMP- DE: "\012\000"-
#179571	REDUCE cov: 1475 ft: 4349 corp: 717/958Kb lim: 12901 exec/s: 3264 rss: 77Mb L: 648/12901 MS: 1 EraseBytes-
#179648	REDUCE cov: 1475 ft: 4349 corp: 717/958Kb lim: 12901 exec/s: 3266 rss: 77Mb L: 1190/12901 MS: 2 CopyPart-EraseBytes-
#179720	REDUCE cov: 1475 ft: 4349 corp: 717/958Kb lim: 12901 exec/s: 3267 rss: 77Mb L: 476/12901 MS: 2 InsertRepeatedBytes-EraseBytes-
#179941	REDUCE cov: 1475 ft: 4349 corp: 717/958Kb lim: 12901 exec/s: 3271 rss: 77Mb L: 209/12901 MS: 1 EraseBytes-
#180387	REDUCE cov: 1475 ft: 4349 corp: 717/958Kb lim: 12901 exec/s: 3279 rss: 77Mb L: 557/12901 MS: 1 EraseBytes-
#180598	REDUCE cov: 1475 ft: 4349 corp: 717/958Kb lim: 12901 exec/s: 3283 rss: 77Mb L: 1124/12901 MS: 1 EraseBytes-
#181009	REDUCE cov: 1475 ft: 4349 corp: 717/957Kb lim: 12901 exec/s: 3291 rss: 77Mb L: 690/12901 MS: 1 EraseBytes-
#181207	REDUCE cov: 1475 ft: 4349 corp: 717/957Kb lim: 12901 exec/s: 3294 rss: 77Mb L: 494/12901 MS: 3 CMP-ShuffleBytes-EraseBytes- DE: "\000\365"-
#181782	REDUCE cov: 1475 ft: 4349 corp: 717/957Kb lim: 12901 exec/s: 3305 rss: 77Mb L: 709/12901 MS: 5 ChangeBinInt-InsertByte-InsertRepeatedBytes-ChangeBinInt-EraseBytes-
#181916	REDUCE cov: 1475 ft: 4349 corp: 717/957Kb lim: 12901 exec/s: 3307 rss: 77Mb L: 724/12901 MS: 4 ChangeASCIIInt-CrossOver-CopyPart-EraseBytes-
#182344	NEW    cov: 1475 ft: 4350 corp: 718/957Kb lim: 12901 exec/s: 3256 rss: 77Mb L: 642/12901 MS: 3 ChangeBinInt-InsertByte-EraseBytes-
#182346	REDUCE cov: 1475 ft: 4350 corp: 718/957Kb lim: 12901 exec/s: 3256 rss: 77Mb L: 1318/12901 MS: 2 CMP-EraseBytes- DE: "\377o"-
#182377	REDUCE cov: 1475 ft: 4350 corp: 718/957Kb lim: 12901 exec/s: 3256 rss: 77Mb L: 954/12901 MS: 1 EraseBytes-
#182490	REDUCE cov: 1475 ft: 4351 corp: 719/957Kb lim: 12901 exec/s: 3258 rss: 77Mb L: 58/12901 MS: 3 InsertByte-ChangeBinInt-ChangeBit-
#182497	REDUCE cov: 1475 ft: 4351 corp: 719/957Kb lim: 12901 exec/s: 3258 rss: 77Mb L: 247/12901 MS: 2 CopyPart-EraseBytes-
#182633	REDUCE cov: 1475 ft: 4351 corp: 719/957Kb lim: 12901 exec/s: 3261 rss: 77Mb L: 889/12901 MS: 1 EraseBytes-
#182674	REDUCE cov: 1475 ft: 4351 corp: 719/957Kb lim: 12901 exec/s: 3262 rss: 77Mb L: 229/12901 MS: 1 EraseBytes-
#183365	REDUCE cov: 1475 ft: 4351 corp: 719/957Kb lim: 12901 exec/s: 3274 rss: 77Mb L: 65/12901 MS: 1 EraseBytes-
#183526	REDUCE cov: 1475 ft: 4351 corp: 719/957Kb lim: 12901 exec/s: 3277 rss: 77Mb L: 341/12901 MS: 1 EraseBytes-
#183543	REDUCE cov: 1475 ft: 4351 corp: 719/957Kb lim: 12901 exec/s: 3277 rss: 77Mb L: 684/12901 MS: 2 ChangeASCIIInt-EraseBytes-
#183616	REDUCE cov: 1475 ft: 4351 corp: 719/957Kb lim: 12901 exec/s: 3278 rss: 77Mb L: 430/12901 MS: 3 CrossOver-ChangeASCIIInt-EraseBytes-
#183719	REDUCE cov: 1475 ft: 4351 corp: 719/957Kb lim: 12901 exec/s: 3280 rss: 77Mb L: 88/12901 MS: 3 CopyPart-CopyPart-EraseBytes-
#183846	REDUCE cov: 1475 ft: 4351 corp: 719/957Kb lim: 12901 exec/s: 3282 rss: 77Mb L: 138/12901 MS: 2 ShuffleBytes-EraseBytes-
#184050	REDUCE cov: 1475 ft: 4351 corp: 719/957Kb lim: 12901 exec/s: 3286 rss: 77Mb L: 328/12901 MS: 4 ShuffleBytes-ChangeBinInt-InsertByte-EraseBytes-
#184411	REDUCE cov: 1475 ft: 4351 corp: 719/957Kb lim: 12901 exec/s: 3293 rss: 77Mb L: 328/12901 MS: 1 EraseBytes-
#184703	REDUCE cov: 1475 ft: 4351 corp: 719/955Kb lim: 12901 exec/s: 3298 rss: 77Mb L: 3129/12901 MS: 2 PersAutoDict-EraseBytes- DE: "\025\001\000\000\000\000\000\000"-
#184986	REDUCE cov: 1475 ft: 4351 corp: 719/955Kb lim: 12901 exec/s: 3303 rss: 77Mb L: 220/12901 MS: 3 ChangeASCIIInt-ChangeBinInt-EraseBytes-
#185462	REDUCE cov: 1475 ft: 4351 corp: 719/955Kb lim: 12901 exec/s: 3311 rss: 77Mb L: 59/12901 MS: 1 EraseBytes-
#185503	REDUCE cov: 1475 ft: 4351 corp: 719/955Kb lim: 12901 exec/s: 3312 rss: 77Mb L: 202/12901 MS: 1 EraseBytes-
#186616	REDUCE cov: 1475 ft: 4351 corp: 719/955Kb lim: 12901 exec/s: 3273 rss: 77Mb L: 142/12901 MS: 3 ShuffleBytes-ChangeBit-EraseBytes-
#186698	REDUCE cov: 1475 ft: 4351 corp: 719/955Kb lim: 12901 exec/s: 3275 rss: 77Mb L: 436/12901 MS: 2 ChangeBit-EraseBytes-
#187116	REDUCE cov: 1475 ft: 4351 corp: 719/954Kb lim: 12901 exec/s: 3282 rss: 77Mb L: 2509/12901 MS: 3 ChangeByte-CMP-EraseBytes- DE: "\000\000\000\000\000\000\033\370"-
#187123	REDUCE cov: 1475 ft: 4351 corp: 719/954Kb lim: 12901 exec/s: 3282 rss: 77Mb L: 42/12901 MS: 2 CMP-EraseBytes- DE: "iCCP"-
#187175	REDUCE cov: 1475 ft: 4351 corp: 719/954Kb lim: 12901 exec/s: 3283 rss: 77Mb L: 1335/12901 MS: 2 ChangeByte-EraseBytes-
#187316	REDUCE cov: 1475 ft: 4351 corp: 719/954Kb lim: 12901 exec/s: 3286 rss: 77Mb L: 36/12901 MS: 1 EraseBytes-
#187585	REDUCE cov: 1475 ft: 4351 corp: 719/954Kb lim: 12901 exec/s: 3290 rss: 77Mb L: 1054/12901 MS: 4 InsertRepeatedBytes-ChangeByte-InsertByte-EraseBytes-
#187962	REDUCE cov: 1475 ft: 4351 corp: 719/953Kb lim: 12901 exec/s: 3297 rss: 77Mb L: 409/12901 MS: 2 ChangeByte-EraseBytes-
#187999	REDUCE cov: 1475 ft: 4351 corp: 719/953Kb lim: 12901 exec/s: 3298 rss: 77Mb L: 225/12901 MS: 2 ShuffleBytes-EraseBytes-
#188080	REDUCE cov: 1475 ft: 4351 corp: 719/953Kb lim: 12901 exec/s: 3299 rss: 77Mb L: 773/12901 MS: 1 EraseBytes-
#188442	REDUCE cov: 1475 ft: 4351 corp: 719/953Kb lim: 12901 exec/s: 3306 rss: 77Mb L: 838/12901 MS: 2 ShuffleBytes-EraseBytes-
#188473	REDUCE cov: 1475 ft: 4351 corp: 719/953Kb lim: 12901 exec/s: 3306 rss: 77Mb L: 142/12901 MS: 1 EraseBytes-
#188591	REDUCE cov: 1475 ft: 4351 corp: 719/953Kb lim: 12901 exec/s: 3308 rss: 77Mb L: 167/12901 MS: 3 ChangeBinInt-ShuffleBytes-EraseBytes-
#189018	REDUCE cov: 1475 ft: 4351 corp: 719/953Kb lim: 12901 exec/s: 3316 rss: 77Mb L: 2447/12901 MS: 2 InsertByte-EraseBytes-
#189329	REDUCE cov: 1475 ft: 4351 corp: 719/953Kb lim: 12901 exec/s: 3321 rss: 77Mb L: 373/12901 MS: 1 EraseBytes-
#189658	REDUCE cov: 1475 ft: 4351 corp: 719/953Kb lim: 12901 exec/s: 3327 rss: 77Mb L: 273/12901 MS: 4 CrossOver-CMP-InsertByte-EraseBytes- DE: "bKGD"-
#189835	REDUCE cov: 1475 ft: 4351 corp: 719/952Kb lim: 12901 exec/s: 3330 rss: 77Mb L: 703/12901 MS: 2 CopyPart-EraseBytes-
#189882	REDUCE cov: 1475 ft: 4351 corp: 719/952Kb lim: 12901 exec/s: 3331 rss: 77Mb L: 390/12901 MS: 2 ChangeBinInt-EraseBytes-
#190296	REDUCE cov: 1475 ft: 4351 corp: 719/952Kb lim: 12901 exec/s: 3280 rss: 77Mb L: 173/12901 MS: 4 InsertRepeatedBytes-ChangeASCIIInt-ChangeBit-EraseBytes-
#190405	NEW    cov: 1475 ft: 4352 corp: 720/953Kb lim: 12901 exec/s: 3282 rss: 77Mb L: 709/12901 MS: 4 ChangeBit-ChangeBit-ChangeASCIIInt-PersAutoDict- DE: "\004\000"-
#190556	REDUCE cov: 1475 ft: 4352 corp: 720/953Kb lim: 12901 exec/s: 3285 rss: 77Mb L: 1449/12901 MS: 1 EraseBytes-
#190825	REDUCE cov: 1475 ft: 4352 corp: 720/953Kb lim: 12901 exec/s: 3290 rss: 77Mb L: 582/12901 MS: 4 ChangeBinInt-EraseBytes-PersAutoDict-InsertRepeatedBytes- DE: "\000\000\000\000\000z\022\000"-
#191323	REDUCE cov: 1475 ft: 4352 corp: 720/952Kb lim: 12901 exec/s: 3298 rss: 77Mb L: 425/12901 MS: 3 InsertByte-ChangeBit-EraseBytes-
#191410	REDUCE cov: 1475 ft: 4352 corp: 720/952Kb lim: 12901 exec/s: 3300 rss: 77Mb L: 62/12901 MS: 2 InsertByte-EraseBytes-
#191461	REDUCE cov: 1475 ft: 4352 corp: 720/952Kb lim: 12901 exec/s: 3301 rss: 77Mb L: 107/12901 MS: 1 EraseBytes-
#191723	REDUCE cov: 1475 ft: 4352 corp: 720/952Kb lim: 12901 exec/s: 3305 rss: 77Mb L: 192/12901 MS: 2 ShuffleBytes-EraseBytes-
#191896	REDUCE cov: 1475 ft: 4353 corp: 721/953Kb lim: 12901 exec/s: 3308 rss: 77Mb L: 550/12901 MS: 3 ChangeByte-ChangeBit-CMP- DE: "mDCV"-
#191911	REDUCE cov: 1475 ft: 4353 corp: 721/953Kb lim: 12901 exec/s: 3308 rss: 77Mb L: 936/12901 MS: 5 CopyPart-PersAutoDict-ChangeByte-CopyPart-EraseBytes- DE: "\377\377\004\217"-
#192158	REDUCE cov: 1475 ft: 4353 corp: 721/952Kb lim: 12901 exec/s: 3313 rss: 77Mb L: 535/12901 MS: 2 InsertByte-EraseBytes-
#192159	REDUCE cov: 1475 ft: 4353 corp: 721/952Kb lim: 12901 exec/s: 3313 rss: 77Mb L: 281/12901 MS: 1 EraseBytes-
#192631	REDUCE cov: 1475 ft: 4353 corp: 721/952Kb lim: 12901 exec/s: 3321 rss: 77Mb L: 866/12901 MS: 2 PersAutoDict-EraseBytes- DE: "\006\001\000\000\000\000\000\000"-
#193172	NEW    cov: 1475 ft: 4356 corp: 722/953Kb lim: 12901 exec/s: 3330 rss: 77Mb L: 489/12901 MS: 1 ChangeByte-
#193185	REDUCE cov: 1475 ft: 4356 corp: 722/953Kb lim: 12901 exec/s: 3330 rss: 77Mb L: 147/12901 MS: 3 InsertRepeatedBytes-ChangeByte-EraseBytes-
#193404	REDUCE cov: 1475 ft: 4356 corp: 722/953Kb lim: 12901 exec/s: 3278 rss: 77Mb L: 204/12901 MS: 4 InsertRepeatedBytes-ShuffleBytes-CMP-EraseBytes- DE: "eXIf"-
#193715	REDUCE cov: 1475 ft: 4356 corp: 722/953Kb lim: 12901 exec/s: 3283 rss: 77Mb L: 636/12901 MS: 1 EraseBytes-
#193721	REDUCE cov: 1475 ft: 4356 corp: 722/953Kb lim: 12901 exec/s: 3283 rss: 77Mb L: 651/12901 MS: 1 EraseBytes-
#193737	REDUCE cov: 1475 ft: 4356 corp: 722/953Kb lim: 12901 exec/s: 3283 rss: 77Mb L: 653/12901 MS: 1 EraseBytes-
#193820	REDUCE cov: 1475 ft: 4356 corp: 722/952Kb lim: 12901 exec/s: 3285 rss: 77Mb L: 147/12901 MS: 3 InsertByte-CopyPart-EraseBytes-
#193829	REDUCE cov: 1475 ft: 4356 corp: 722/952Kb lim: 12901 exec/s: 3285 rss: 77Mb L: 359/12901 MS: 4 ShuffleBytes-ChangeByte-CrossOver-EraseBytes-
#194570	REDUCE cov: 1477 ft: 4358 corp: 723/953Kb lim: 12901 exec/s: 3297 rss: 77Mb L: 264/12901 MS: 1 EraseBytes-
#194815	REDUCE cov: 1477 ft: 4358 corp: 723/953Kb lim: 12901 exec/s: 3301 rss: 77Mb L: 105/12901 MS: 5 InsertByte-InsertByte-ChangeByte-CMP-EraseBytes- DE: "\033\000\000\000"-
#194861	REDUCE cov: 1477 ft: 4358 corp: 723/952Kb lim: 12901 exec/s: 3302 rss: 77Mb L: 1490/12901 MS: 1 EraseBytes-
#195078	REDUCE cov: 1477 ft: 4358 corp: 723/952Kb lim: 12901 exec/s: 3306 rss: 77Mb L: 8665/12901 MS: 2 ShuffleBytes-EraseBytes-
#195355	REDUCE cov: 1477 ft: 4358 corp: 723/952Kb lim: 12901 exec/s: 3311 rss: 77Mb L: 180/12901 MS: 2 ChangeBinInt-EraseBytes-
#195442	REDUCE cov: 1477 ft: 4358 corp: 723/952Kb lim: 12901 exec/s: 3312 rss: 77Mb L: 884/12901 MS: 2 InsertByte-EraseBytes-
#195470	REDUCE cov: 1477 ft: 4358 corp: 723/952Kb lim: 12901 exec/s: 3313 rss: 77Mb L: 62/12901 MS: 3 CrossOver-ChangeBit-EraseBytes-
#195783	REDUCE cov: 1477 ft: 4358 corp: 723/952Kb lim: 12901 exec/s: 3318 rss: 77Mb L: 992/12901 MS: 3 ChangeByte-CrossOver-EraseBytes-
#196559	REDUCE cov: 1477 ft: 4358 corp: 723/952Kb lim: 12901 exec/s: 3331 rss: 77Mb L: 66/12901 MS: 1 EraseBytes-
#196614	REDUCE cov: 1477 ft: 4358 corp: 723/951Kb lim: 12901 exec/s: 3332 rss: 77Mb L: 381/12901 MS: 5 ChangeByte-ChangeByte-CMP-ChangeByte-EraseBytes- DE: "\030\000\000\000\000\000\000\000"-
#196850	REDUCE cov: 1477 ft: 4358 corp: 723/951Kb lim: 12901 exec/s: 3336 rss: 77Mb L: 1732/12901 MS: 1 EraseBytes-
#197181	REDUCE cov: 1477 ft: 4358 corp: 723/951Kb lim: 12901 exec/s: 3286 rss: 77Mb L: 403/12901 MS: 1 EraseBytes-
#197651	REDUCE cov: 1477 ft: 4358 corp: 723/951Kb lim: 12901 exec/s: 3294 rss: 77Mb L: 687/12901 MS: 5 ChangeByte-ChangeByte-CMP-ShuffleBytes-EraseBytes- DE: "C\000\000\000"-
#197729	REDUCE cov: 1477 ft: 4358 corp: 723/951Kb lim: 12901 exec/s: 3295 rss: 77Mb L: 37/12901 MS: 3 CrossOver-ChangeBinInt-EraseBytes-
#197852	REDUCE cov: 1477 ft: 4358 corp: 723/951Kb lim: 12901 exec/s: 3297 rss: 77Mb L: 2856/12901 MS: 3 CopyPart-InsertByte-EraseBytes-
#198013	REDUCE cov: 1477 ft: 4358 corp: 723/951Kb lim: 12901 exec/s: 3300 rss: 77Mb L: 261/12901 MS: 1 EraseBytes-
#198545	REDUCE cov: 1477 ft: 4358 corp: 723/951Kb lim: 12901 exec/s: 3309 rss: 77Mb L: 844/12901 MS: 2 ChangeASCIIInt-EraseBytes-
#199061	REDUCE cov: 1477 ft: 4358 corp: 723/950Kb lim: 12901 exec/s: 3317 rss: 77Mb L: 843/12901 MS: 1 EraseBytes-
#199389	REDUCE cov: 1478 ft: 4359 corp: 724/951Kb lim: 12901 exec/s: 3323 rss: 77Mb L: 148/12901 MS: 3 EraseBytes-PersAutoDict-ChangeBinInt- DE: "C\000\000\000"-
#199390	REDUCE cov: 1478 ft: 4359 corp: 724/951Kb lim: 12901 exec/s: 3323 rss: 77Mb L: 147/12901 MS: 1 EraseBytes-
#200406	REDUCE cov: 1478 ft: 4359 corp: 724/950Kb lim: 12901 exec/s: 3340 rss: 77Mb L: 750/12901 MS: 1 EraseBytes-
#200727	REDUCE cov: 1478 ft: 4359 corp: 724/950Kb lim: 12901 exec/s: 3345 rss: 77Mb L: 633/12901 MS: 1 EraseBytes-
#200748	REDUCE cov: 1478 ft: 4359 corp: 724/950Kb lim: 12901 exec/s: 3345 rss: 77Mb L: 33/12901 MS: 1 EraseBytes-
#200915	REDUCE cov: 1478 ft: 4359 corp: 724/950Kb lim: 12901 exec/s: 3348 rss: 77Mb L: 189/12901 MS: 2 EraseBytes-CopyPart-
#201468	REDUCE cov: 1478 ft: 4359 corp: 724/950Kb lim: 12901 exec/s: 3357 rss: 77Mb L: 528/12901 MS: 3 ChangeASCIIInt-CrossOver-EraseBytes-
#203114	NEW    cov: 1478 ft: 4361 corp: 725/959Kb lim: 12901 exec/s: 3329 rss: 77Mb L: 8831/12901 MS: 1 PersAutoDict- DE: "tIME"-
#203196	REDUCE cov: 1478 ft: 4361 corp: 725/959Kb lim: 12901 exec/s: 3331 rss: 77Mb L: 181/12901 MS: 2 CopyPart-EraseBytes-
#203272	REDUCE cov: 1478 ft: 4361 corp: 725/959Kb lim: 12901 exec/s: 3332 rss: 77Mb L: 101/12901 MS: 1 EraseBytes-
#203463	REDUCE cov: 1478 ft: 4361 corp: 725/959Kb lim: 12901 exec/s: 3335 rss: 77Mb L: 780/12901 MS: 1 EraseBytes-
#203849	REDUCE cov: 1478 ft: 4361 corp: 725/959Kb lim: 12901 exec/s: 3341 rss: 77Mb L: 133/12901 MS: 1 EraseBytes-
#204015	REDUCE cov: 1478 ft: 4361 corp: 725/959Kb lim: 12901 exec/s: 3344 rss: 77Mb L: 251/12901 MS: 1 EraseBytes-
#204179	REDUCE cov: 1478 ft: 4361 corp: 725/959Kb lim: 12901 exec/s: 3347 rss: 77Mb L: 1437/12901 MS: 4 ShuffleBytes-CMP-ChangeASCIIInt-EraseBytes- DE: "H\000\000\000"-
#204431	REDUCE cov: 1478 ft: 4361 corp: 725/958Kb lim: 12901 exec/s: 3351 rss: 77Mb L: 2099/12901 MS: 2 ChangeByte-EraseBytes-
#204920	REDUCE cov: 1478 ft: 4363 corp: 726/959Kb lim: 12901 exec/s: 3359 rss: 77Mb L: 495/12901 MS: 4 ChangeByte-ChangeBinInt-ChangeBinInt-InsertByte-
#204967	REDUCE cov: 1478 ft: 4363 corp: 726/959Kb lim: 12901 exec/s: 3360 rss: 77Mb L: 884/12901 MS: 2 ChangeBinInt-EraseBytes-
#205083	REDUCE cov: 1478 ft: 4363 corp: 726/959Kb lim: 12901 exec/s: 3362 rss: 77Mb L: 1297/12901 MS: 1 EraseBytes-
#205151	REDUCE cov: 1478 ft: 4363 corp: 726/959Kb lim: 12901 exec/s: 3363 rss: 77Mb L: 1529/12901 MS: 3 EraseBytes-ChangeBinInt-CopyPart-
#205498	NEW    cov: 1478 ft: 4364 corp: 727/962Kb lim: 12901 exec/s: 3368 rss: 77Mb L: 2839/12901 MS: 2 CrossOver-ChangeByte-
#205834	REDUCE cov: 1478 ft: 4364 corp: 727/961Kb lim: 12901 exec/s: 3319 rss: 77Mb L: 862/12901 MS: 1 EraseBytes-
#206483	REDUCE cov: 1478 ft: 4364 corp: 727/961Kb lim: 12901 exec/s: 3330 rss: 77Mb L: 1302/12901 MS: 4 CrossOver-CopyPart-ShuffleBytes-EraseBytes-
#206677	NEW    cov: 1478 ft: 4365 corp: 728/962Kb lim: 12901 exec/s: 3333 rss: 77Mb L: 284/12901 MS: 4 ChangeByte-ChangeBit-CrossOver-CMP- DE: "sPLT"-
#206874	REDUCE cov: 1478 ft: 4365 corp: 728/961Kb lim: 12901 exec/s: 3336 rss: 77Mb L: 497/12901 MS: 2 CMP-EraseBytes- DE: "sPLT"-
#207008	REDUCE cov: 1478 ft: 4365 corp: 728/961Kb lim: 12901 exec/s: 3338 rss: 77Mb L: 741/12901 MS: 4 ChangeASCIIInt-CopyPart-PersAutoDict-EraseBytes- DE: "d\000\000\000"-
#207245	REDUCE cov: 1478 ft: 4365 corp: 728/961Kb lim: 12901 exec/s: 3342 rss: 77Mb L: 731/12901 MS: 2 ChangeBinInt-EraseBytes-
#207426	REDUCE cov: 1478 ft: 4365 corp: 728/961Kb lim: 12901 exec/s: 3345 rss: 77Mb L: 18/12901 MS: 1 EraseBytes-
#207628	REDUCE cov: 1478 ft: 4365 corp: 728/961Kb lim: 12901 exec/s: 3348 rss: 77Mb L: 847/12901 MS: 2 PersAutoDict-EraseBytes- DE: "hIST"-
#208464	REDUCE cov: 1478 ft: 4365 corp: 728/961Kb lim: 12901 exec/s: 3362 rss: 77Mb L: 201/12901 MS: 1 EraseBytes-
#208516	REDUCE cov: 1478 ft: 4365 corp: 728/960Kb lim: 12901 exec/s: 3363 rss: 77Mb L: 12051/12901 MS: 2 CMP-EraseBytes- DE: "cHRM"-
#208650	REDUCE cov: 1478 ft: 4365 corp: 728/960Kb lim: 12901 exec/s: 3365 rss: 77Mb L: 9384/12901 MS: 4 InsertByte-InsertRepeatedBytes-ChangeByte-EraseBytes-
#208807	REDUCE cov: 1478 ft: 4365 corp: 728/960Kb lim: 12901 exec/s: 3367 rss: 77Mb L: 136/12901 MS: 2 ChangeByte-EraseBytes-
#209004	REDUCE cov: 1478 ft: 4365 corp: 728/960Kb lim: 12901 exec/s: 3371 rss: 77Mb L: 124/12901 MS: 2 InsertByte-EraseBytes-
#209365	REDUCE cov: 1478 ft: 4365 corp: 728/960Kb lim: 12901 exec/s: 3376 rss: 77Mb L: 1164/12901 MS: 1 EraseBytes-
#209541	REDUCE cov: 1478 ft: 4365 corp: 728/960Kb lim: 12901 exec/s: 3379 rss: 77Mb L: 346/12901 MS: 1 EraseBytes-
#209722	NEW    cov: 1480 ft: 4367 corp: 729/968Kb lim: 12901 exec/s: 3382 rss: 77Mb L: 8831/12901 MS: 1 ShuffleBytes-
#209978	REDUCE cov: 1480 ft: 4367 corp: 729/968Kb lim: 12901 exec/s: 3332 rss: 77Mb L: 335/12901 MS: 1 EraseBytes-
#210331	REDUCE cov: 1480 ft: 4367 corp: 729/968Kb lim: 12901 exec/s: 3338 rss: 77Mb L: 286/12901 MS: 3 CMP-CopyPart-EraseBytes- DE: "RDHI"-
#210587	REDUCE cov: 1480 ft: 4367 corp: 729/968Kb lim: 12901 exec/s: 3342 rss: 77Mb L: 64/12901 MS: 1 EraseBytes-
#210613	REDUCE cov: 1480 ft: 4367 corp: 729/968Kb lim: 12901 exec/s: 3343 rss: 77Mb L: 80/12901 MS: 1 EraseBytes-
#210689	REDUCE cov: 1480 ft: 4367 corp: 729/968Kb lim: 12901 exec/s: 3344 rss: 77Mb L: 2207/12901 MS: 1 EraseBytes-
#210865	REDUCE cov: 1480 ft: 4367 corp: 729/968Kb lim: 12901 exec/s: 3347 rss: 77Mb L: 48/12901 MS: 1 EraseBytes-
#211116	REDUCE cov: 1480 ft: 4367 corp: 729/968Kb lim: 12901 exec/s: 3351 rss: 77Mb L: 100/12901 MS: 1 EraseBytes-
#211182	REDUCE cov: 1480 ft: 4367 corp: 729/968Kb lim: 12901 exec/s: 3352 rss: 77Mb L: 85/12901 MS: 1 EraseBytes-
#211210	REDUCE cov: 1480 ft: 4367 corp: 729/968Kb lim: 12901 exec/s: 3352 rss: 77Mb L: 50/12901 MS: 3 InsertRepeatedBytes-ChangeASCIIInt-EraseBytes-
#211663	REDUCE cov: 1480 ft: 4367 corp: 729/968Kb lim: 12901 exec/s: 3359 rss: 77Mb L: 123/12901 MS: 3 CMP-ChangeByte-EraseBytes- DE: "\001\000\000\000\000\000\000?"-
#211780	REDUCE cov: 1480 ft: 4367 corp: 729/968Kb lim: 12901 exec/s: 3361 rss: 77Mb L: 71/12901 MS: 2 ChangeBit-EraseBytes-
#212192	REDUCE cov: 1480 ft: 4371 corp: 730/968Kb lim: 12901 exec/s: 3368 rss: 77Mb L: 140/12901 MS: 2 ChangeBit-PersAutoDict- DE: "\000\001"-
#212818	REDUCE cov: 1481 ft: 4372 corp: 731/969Kb lim: 12901 exec/s: 3378 rss: 77Mb L: 847/12901 MS: 1 ShuffleBytes-
#213414	REDUCE cov: 1481 ft: 4372 corp: 731/969Kb lim: 12901 exec/s: 3387 rss: 77Mb L: 38/12901 MS: 1 EraseBytes-
#213487	REDUCE cov: 1481 ft: 4372 corp: 731/969Kb lim: 12901 exec/s: 3388 rss: 77Mb L: 355/12901 MS: 3 CrossOver-ChangeASCIIInt-EraseBytes-
#213633	REDUCE cov: 1481 ft: 4372 corp: 731/969Kb lim: 12901 exec/s: 3391 rss: 77Mb L: 634/12901 MS: 1 EraseBytes-
#213664	REDUCE cov: 1481 ft: 4372 corp: 731/969Kb lim: 12901 exec/s: 3391 rss: 77Mb L: 213/12901 MS: 1 EraseBytes-
#213723	REDUCE cov: 1481 ft: 4372 corp: 731/968Kb lim: 12901 exec/s: 3392 rss: 77Mb L: 2172/12901 MS: 4 CopyPart-InsertRepeatedBytes-CrossOver-EraseBytes-
#214286	REDUCE cov: 1481 ft: 4372 corp: 731/968Kb lim: 12901 exec/s: 3401 rss: 77Mb L: 433/12901 MS: 3 CMP-ChangeASCIIInt-EraseBytes- DE: "sTER"-
#214976	REDUCE cov: 1481 ft: 4372 corp: 731/968Kb lim: 12901 exec/s: 3412 rss: 77Mb L: 149/12901 MS: 5 ChangeBit-ChangeBinInt-InsertByte-ChangeByte-EraseBytes-
#215040	REDUCE cov: 1481 ft: 4372 corp: 731/967Kb lim: 12901 exec/s: 3413 rss: 77Mb L: 374/12901 MS: 4 ChangeBinInt-ChangeBinInt-ShuffleBytes-EraseBytes-
#215043	REDUCE cov: 1481 ft: 4372 corp: 731/967Kb lim: 12901 exec/s: 3413 rss: 77Mb L: 185/12901 MS: 3 ChangeBinInt-ChangeByte-EraseBytes-
#215556	REDUCE cov: 1481 ft: 4372 corp: 731/967Kb lim: 12901 exec/s: 3368 rss: 77Mb L: 133/12901 MS: 3 InsertRepeatedBytes-PersAutoDict-EraseBytes- DE: "sYpH"-
#215737	REDUCE cov: 1481 ft: 4372 corp: 731/967Kb lim: 12901 exec/s: 3370 rss: 77Mb L: 482/12901 MS: 1 EraseBytes-
#215803	REDUCE cov: 1481 ft: 4372 corp: 731/967Kb lim: 12901 exec/s: 3371 rss: 77Mb L: 744/12901 MS: 1 EraseBytes-
#216429	NEW    cov: 1481 ft: 4373 corp: 732/967Kb lim: 12901 exec/s: 3381 rss: 77Mb L: 146/12901 MS: 1 CopyPart-
#216771	REDUCE cov: 1481 ft: 4373 corp: 732/967Kb lim: 12901 exec/s: 3387 rss: 77Mb L: 1517/12901 MS: 2 InsertByte-EraseBytes-
#216897	REDUCE cov: 1481 ft: 4373 corp: 732/967Kb lim: 12901 exec/s: 3389 rss: 77Mb L: 76/12901 MS: 1 EraseBytes-
#217003	REDUCE cov: 1481 ft: 4373 corp: 732/967Kb lim: 12901 exec/s: 3390 rss: 77Mb L: 657/12901 MS: 1 EraseBytes-
#217690	REDUCE cov: 1481 ft: 4373 corp: 732/967Kb lim: 12901 exec/s: 3401 rss: 77Mb L: 137/12901 MS: 2 InsertByte-EraseBytes-
#217782	REDUCE cov: 1481 ft: 4374 corp: 733/967Kb lim: 12901 exec/s: 3402 rss: 77Mb L: 113/12901 MS: 2 CrossOver-PersAutoDict- DE: "\002\000\000\000\000\000\000\000"-
#217848	REDUCE cov: 1481 ft: 4374 corp: 733/967Kb lim: 12901 exec/s: 3403 rss: 77Mb L: 135/12901 MS: 1 EraseBytes-
#218329	REDUCE cov: 1481 ft: 4374 corp: 733/967Kb lim: 12901 exec/s: 3411 rss: 77Mb L: 110/12901 MS: 1 EraseBytes-
#218330	REDUCE cov: 1481 ft: 4374 corp: 733/967Kb lim: 12901 exec/s: 3411 rss: 77Mb L: 137/12901 MS: 1 EraseBytes-
#218441	REDUCE cov: 1481 ft: 4374 corp: 733/967Kb lim: 12901 exec/s: 3413 rss: 77Mb L: 355/12901 MS: 1 EraseBytes-
#218452	REDUCE cov: 1481 ft: 4374 corp: 733/966Kb lim: 12901 exec/s: 3413 rss: 77Mb L: 358/12901 MS: 1 EraseBytes-
#218483	REDUCE cov: 1481 ft: 4374 corp: 733/966Kb lim: 12901 exec/s: 3413 rss: 77Mb L: 181/12901 MS: 1 EraseBytes-
#218620	REDUCE cov: 1481 ft: 4374 corp: 733/966Kb lim: 12901 exec/s: 3415 rss: 77Mb L: 384/12901 MS: 2 InsertRepeatedBytes-EraseBytes-
#218687	REDUCE cov: 1481 ft: 4374 corp: 733/966Kb lim: 12901 exec/s: 3416 rss: 77Mb L: 283/12901 MS: 2 CopyPart-EraseBytes-
#219129	REDUCE cov: 1481 ft: 4374 corp: 733/966Kb lim: 12901 exec/s: 3371 rss: 77Mb L: 140/12901 MS: 2 CopyPart-EraseBytes-
#219395	REDUCE cov: 1481 ft: 4374 corp: 733/966Kb lim: 12901 exec/s: 3375 rss: 77Mb L: 127/12901 MS: 1 EraseBytes-
#219586	REDUCE cov: 1481 ft: 4374 corp: 733/966Kb lim: 12901 exec/s: 3378 rss: 77Mb L: 35/12901 MS: 1 EraseBytes-
#219862	REDUCE cov: 1481 ft: 4374 corp: 733/966Kb lim: 12901 exec/s: 3382 rss: 77Mb L: 97/12901 MS: 1 EraseBytes-
#220223	REDUCE cov: 1481 ft: 4374 corp: 733/966Kb lim: 12901 exec/s: 3388 rss: 77Mb L: 76/12901 MS: 1 EraseBytes-
#220649	REDUCE cov: 1481 ft: 4374 corp: 733/966Kb lim: 12901 exec/s: 3394 rss: 77Mb L: 107/12901 MS: 1 EraseBytes-
#220671	REDUCE cov: 1481 ft: 4374 corp: 733/966Kb lim: 12901 exec/s: 3394 rss: 77Mb L: 904/12901 MS: 2 PersAutoDict-EraseBytes- DE: "@\000\000\000"-
#220710	REDUCE cov: 1481 ft: 4374 corp: 733/965Kb lim: 12901 exec/s: 3395 rss: 77Mb L: 1933/12901 MS: 4 InsertRepeatedBytes-CrossOver-ChangeByte-EraseBytes-
#220781	REDUCE cov: 1481 ft: 4374 corp: 733/965Kb lim: 12901 exec/s: 3396 rss: 77Mb L: 608/12901 MS: 1 EraseBytes-
#221347	REDUCE cov: 1481 ft: 4374 corp: 733/965Kb lim: 12901 exec/s: 3405 rss: 77Mb L: 59/12901 MS: 1 EraseBytes-
#221378	REDUCE cov: 1481 ft: 4374 corp: 733/965Kb lim: 12901 exec/s: 3405 rss: 77Mb L: 22/12901 MS: 1 EraseBytes-
#221674	REDUCE cov: 1481 ft: 4374 corp: 733/965Kb lim: 12901 exec/s: 3410 rss: 77Mb L: 256/12901 MS: 1 EraseBytes-
#222990	REDUCE cov: 1481 ft: 4374 corp: 733/965Kb lim: 12901 exec/s: 3378 rss: 77Mb L: 118/12901 MS: 1 EraseBytes-
#223031	REDUCE cov: 1481 ft: 4374 corp: 733/965Kb lim: 12901 exec/s: 3379 rss: 77Mb L: 841/12901 MS: 1 EraseBytes-
#223178	REDUCE cov: 1481 ft: 4374 corp: 733/965Kb lim: 12901 exec/s: 3381 rss: 77Mb L: 145/12901 MS: 2 CopyPart-EraseBytes-
#223404	REDUCE cov: 1481 ft: 4374 corp: 733/965Kb lim: 12901 exec/s: 3384 rss: 77Mb L: 1379/12901 MS: 1 EraseBytes-
#223931	REDUCE cov: 1481 ft: 4374 corp: 733/965Kb lim: 12901 exec/s: 3392 rss: 77Mb L: 46/12901 MS: 2 ChangeByte-EraseBytes-
#224093	REDUCE cov: 1481 ft: 4374 corp: 733/963Kb lim: 12901 exec/s: 3395 rss: 77Mb L: 9925/12901 MS: 2 PersAutoDict-EraseBytes- DE: "\377\377\377\377\377\377\377\302"-
#224288	REDUCE cov: 1481 ft: 4374 corp: 733/962Kb lim: 12901 exec/s: 3398 rss: 77Mb L: 8598/12901 MS: 5 ShuffleBytes-InsertRepeatedBytes-ChangeASCIIInt-EraseBytes-CopyPart-
#224500	REDUCE cov: 1481 ft: 4374 corp: 733/962Kb lim: 12901 exec/s: 3401 rss: 77Mb L: 126/12901 MS: 2 ShuffleBytes-EraseBytes-
#225897	REDUCE cov: 1481 ft: 4374 corp: 733/962Kb lim: 12901 exec/s: 3422 rss: 77Mb L: 122/12901 MS: 2 InsertRepeatedBytes-EraseBytes-
#225950	REDUCE cov: 1481 ft: 4374 corp: 733/962Kb lim: 12901 exec/s: 3423 rss: 77Mb L: 113/12901 MS: 3 CopyPart-InsertByte-EraseBytes-
#226157	REDUCE cov: 1481 ft: 4374 corp: 733/962Kb lim: 12901 exec/s: 3375 rss: 77Mb L: 78/12901 MS: 2 ChangeBinInt-EraseBytes-
#226275	REDUCE cov: 1481 ft: 4374 corp: 733/962Kb lim: 12901 exec/s: 3377 rss: 77Mb L: 727/12901 MS: 3 PersAutoDict-CopyPart-EraseBytes- DE: "UADI"-
#226366	REDUCE cov: 1481 ft: 4375 corp: 734/962Kb lim: 12901 exec/s: 3378 rss: 77Mb L: 230/12901 MS: 1 PersAutoDict- DE: "\001\004"-
#227233	REDUCE cov: 1481 ft: 4375 corp: 734/962Kb lim: 12901 exec/s: 3391 rss: 77Mb L: 147/12901 MS: 2 CrossOver-EraseBytes-
#227314	REDUCE cov: 1481 ft: 4375 corp: 734/962Kb lim: 12901 exec/s: 3392 rss: 77Mb L: 480/12901 MS: 1 EraseBytes-
#227382	REDUCE cov: 1481 ft: 4375 corp: 734/962Kb lim: 12901 exec/s: 3393 rss: 77Mb L: 316/12901 MS: 3 CopyPart-ChangeBinInt-EraseBytes-
#227539	REDUCE cov: 1481 ft: 4375 corp: 734/962Kb lim: 12901 exec/s: 3396 rss: 77Mb L: 51/12901 MS: 2 ChangeBit-EraseBytes-
#228201	REDUCE cov: 1481 ft: 4375 corp: 734/962Kb lim: 12901 exec/s: 3405 rss: 77Mb L: 112/12901 MS: 2 ShuffleBytes-EraseBytes-
#228222	REDUCE cov: 1481 ft: 4375 corp: 734/962Kb lim: 12901 exec/s: 3406 rss: 77Mb L: 131/12901 MS: 1 EraseBytes-
#228404	REDUCE cov: 1481 ft: 4375 corp: 734/962Kb lim: 12901 exec/s: 3409 rss: 77Mb L: 516/12901 MS: 2 ShuffleBytes-EraseBytes-
#228430	REDUCE cov: 1481 ft: 4375 corp: 734/962Kb lim: 12901 exec/s: 3409 rss: 77Mb L: 100/12901 MS: 1 EraseBytes-
#228456	REDUCE cov: 1481 ft: 4375 corp: 734/962Kb lim: 12901 exec/s: 3409 rss: 77Mb L: 269/12901 MS: 1 EraseBytes-
#228642	REDUCE cov: 1481 ft: 4375 corp: 734/962Kb lim: 12901 exec/s: 3412 rss: 77Mb L: 116/12901 MS: 1 EraseBytes-
#228771	REDUCE cov: 1481 ft: 4375 corp: 734/962Kb lim: 12901 exec/s: 3414 rss: 77Mb L: 9716/12901 MS: 4 InsertByte-ShuffleBytes-ChangeASCIIInt-EraseBytes-
#228790	REDUCE cov: 1481 ft: 4375 corp: 734/962Kb lim: 12901 exec/s: 3414 rss: 77Mb L: 97/12901 MS: 4 ShuffleBytes-CrossOver-ChangeASCIIInt-EraseBytes-
#229098	REDUCE cov: 1481 ft: 4377 corp: 735/963Kb lim: 12901 exec/s: 3419 rss: 77Mb L: 897/12901 MS: 3 CMP-InsertByte-PersAutoDict- DE: "\304\000\000\000\000\000\000\000"-"\010\000\000\000"-
#229285	REDUCE cov: 1481 ft: 4377 corp: 735/962Kb lim: 12901 exec/s: 3422 rss: 77Mb L: 1488/12901 MS: 2 CrossOver-EraseBytes-
#229722	REDUCE cov: 1481 ft: 4377 corp: 735/962Kb lim: 12901 exec/s: 3428 rss: 77Mb L: 104/12901 MS: 2 EraseBytes-PersAutoDict- DE: "cHRM"-
#229894	REDUCE cov: 1481 ft: 4377 corp: 735/962Kb lim: 12901 exec/s: 3431 rss: 77Mb L: 76/12901 MS: 2 ChangeASCIIInt-EraseBytes-
#230285	REDUCE cov: 1481 ft: 4377 corp: 735/962Kb lim: 12901 exec/s: 3386 rss: 77Mb L: 1033/12901 MS: 1 EraseBytes-
#230323	REDUCE cov: 1481 ft: 4377 corp: 735/962Kb lim: 12901 exec/s: 3387 rss: 77Mb L: 9412/12901 MS: 3 InsertByte-ChangeBinInt-EraseBytes-
#230524	REDUCE cov: 1481 ft: 4378 corp: 736/962Kb lim: 12901 exec/s: 3390 rss: 77Mb L: 461/12901 MS: 1 InsertRepeatedBytes-
#230616	REDUCE cov: 1481 ft: 4378 corp: 736/962Kb lim: 12901 exec/s: 3391 rss: 77Mb L: 386/12901 MS: 2 ChangeBinInt-EraseBytes-
#230677	REDUCE cov: 1481 ft: 4378 corp: 736/962Kb lim: 12901 exec/s: 3392 rss: 77Mb L: 175/12901 MS: 1 EraseBytes-
#230693	REDUCE cov: 1481 ft: 4378 corp: 736/962Kb lim: 12901 exec/s: 3392 rss: 77Mb L: 103/12901 MS: 1 EraseBytes-
#230840	REDUCE cov: 1481 ft: 4378 corp: 736/962Kb lim: 12901 exec/s: 3394 rss: 77Mb L: 1603/12901 MS: 2 InsertByte-EraseBytes-
#231381	REDUCE cov: 1481 ft: 4378 corp: 736/962Kb lim: 12901 exec/s: 3402 rss: 77Mb L: 135/12901 MS: 1 EraseBytes-
#231465	REDUCE cov: 1482 ft: 4379 corp: 737/962Kb lim: 12901 exec/s: 3403 rss: 77Mb L: 145/12901 MS: 4 ShuffleBytes-ChangeByte-CrossOver-CMP- DE: "hIST"-
#231641	REDUCE cov: 1482 ft: 4379 corp: 737/962Kb lim: 12901 exec/s: 3406 rss: 77Mb L: 199/12901 MS: 1 EraseBytes-
#231658	REDUCE cov: 1482 ft: 4380 corp: 738/964Kb lim: 12901 exec/s: 3406 rss: 77Mb L: 2033/12901 MS: 2 CMP-InsertRepeatedBytes- DE: "\377\377\377\377\377\377\377\302"-
#231804	REDUCE cov: 1482 ft: 4380 corp: 738/964Kb lim: 12901 exec/s: 3408 rss: 77Mb L: 1660/12901 MS: 1 EraseBytes-
#231851	REDUCE cov: 1482 ft: 4380 corp: 738/964Kb lim: 12901 exec/s: 3409 rss: 77Mb L: 87/12901 MS: 2 PersAutoDict-EraseBytes- DE: "sBIT"-
#232140	REDUCE cov: 1482 ft: 4380 corp: 738/963Kb lim: 12901 exec/s: 3413 rss: 77Mb L: 8631/12901 MS: 4 ChangeBinInt-ChangeBinInt-EraseBytes-InsertRepeatedBytes-
#232340	REDUCE cov: 1482 ft: 4380 corp: 738/963Kb lim: 12901 exec/s: 3416 rss: 77Mb L: 659/12901 MS: 5 ChangeBit-CrossOver-InsertRepeatedBytes-ChangeASCIIInt-EraseBytes-
#232476	REDUCE cov: 1482 ft: 4380 corp: 738/963Kb lim: 12901 exec/s: 3418 rss: 77Mb L: 138/12901 MS: 1 EraseBytes-
#232823	REDUCE cov: 1482 ft: 4380 corp: 738/963Kb lim: 12901 exec/s: 3423 rss: 77Mb L: 34/12901 MS: 2 PersAutoDict-EraseBytes- DE: "bKGD"-
#233104	REDUCE cov: 1482 ft: 4380 corp: 738/963Kb lim: 12901 exec/s: 3428 rss: 77Mb L: 50/12901 MS: 1 EraseBytes-
#233207	REDUCE cov: 1482 ft: 4380 corp: 738/963Kb lim: 12901 exec/s: 3429 rss: 77Mb L: 140/12901 MS: 3 CMP-ChangeBinInt-EraseBytes- DE: "sBIT"-
#233355	NEW    cov: 1482 ft: 4381 corp: 739/964Kb lim: 12901 exec/s: 3431 rss: 77Mb L: 716/12901 MS: 3 ChangeByte-CrossOver-PersAutoDict- DE: "\010\000\000\000"-
#234192	REDUCE cov: 1482 ft: 4381 corp: 739/964Kb lim: 12901 exec/s: 3444 rss: 77Mb L: 857/12901 MS: 2 ChangeBinInt-EraseBytes-
#234413	REDUCE cov: 1482 ft: 4381 corp: 739/964Kb lim: 12901 exec/s: 3447 rss: 77Mb L: 574/12901 MS: 1 EraseBytes-
#234464	REDUCE cov: 1482 ft: 4381 corp: 739/964Kb lim: 12901 exec/s: 3448 rss: 77Mb L: 847/12901 MS: 1 EraseBytes-
#234742	REDUCE cov: 1482 ft: 4381 corp: 739/964Kb lim: 12901 exec/s: 3402 rss: 77Mb L: 114/12901 MS: 3 ChangeASCIIInt-ShuffleBytes-EraseBytes-
#234855	REDUCE cov: 1482 ft: 4381 corp: 739/963Kb lim: 12901 exec/s: 3403 rss: 77Mb L: 1234/12901 MS: 3 CMP-ChangeBinInt-EraseBytes- DE: "\377\377\377\377\377\377\377\014"-
#234936	REDUCE cov: 1482 ft: 4381 corp: 739/963Kb lim: 12901 exec/s: 3404 rss: 77Mb L: 204/12901 MS: 1 EraseBytes-
#234978	REDUCE cov: 1482 ft: 4381 corp: 739/963Kb lim: 12901 exec/s: 3405 rss: 77Mb L: 232/12901 MS: 2 PersAutoDict-EraseBytes- DE: "\303\000\000\000\000\000\000\000"-
#235191	REDUCE cov: 1482 ft: 4381 corp: 739/963Kb lim: 12901 exec/s: 3408 rss: 77Mb L: 1410/12901 MS: 3 ChangeBit-CMP-EraseBytes- DE: "\001\000\000\000\000\000\000\000"-
#235663	REDUCE cov: 1482 ft: 4381 corp: 739/963Kb lim: 12901 exec/s: 3415 rss: 77Mb L: 586/12901 MS: 2 ChangeBit-EraseBytes-
#235989	REDUCE cov: 1482 ft: 4381 corp: 739/963Kb lim: 12901 exec/s: 3420 rss: 77Mb L: 549/12901 MS: 1 EraseBytes-
#236055	REDUCE cov: 1482 ft: 4381 corp: 739/963Kb lim: 12901 exec/s: 3421 rss: 77Mb L: 456/12901 MS: 1 EraseBytes-
#236168	REDUCE cov: 1482 ft: 4381 corp: 739/963Kb lim: 12901 exec/s: 3422 rss: 77Mb L: 321/12901 MS: 3 ChangeBinInt-ChangeByte-EraseBytes-
#236171	REDUCE cov: 1482 ft: 4381 corp: 739/963Kb lim: 12901 exec/s: 3422 rss: 77Mb L: 361/12901 MS: 3 ChangeASCIIInt-ShuffleBytes-EraseBytes-
#236318	REDUCE cov: 1482 ft: 4381 corp: 739/963Kb lim: 12901 exec/s: 3424 rss: 77Mb L: 9372/12901 MS: 2 CrossOver-EraseBytes-
#236774	REDUCE cov: 1482 ft: 4381 corp: 739/963Kb lim: 12901 exec/s: 3431 rss: 77Mb L: 34/12901 MS: 1 EraseBytes-
#236776	REDUCE cov: 1482 ft: 4381 corp: 739/962Kb lim: 12901 exec/s: 3431 rss: 77Mb L: 546/12901 MS: 2 ChangeBit-EraseBytes-
#236797	NEW    cov: 1483 ft: 4382 corp: 740/971Kb lim: 12901 exec/s: 3431 rss: 77Mb L: 8831/12901 MS: 1 ShuffleBytes-
#237136	REDUCE cov: 1483 ft: 4382 corp: 740/971Kb lim: 12901 exec/s: 3436 rss: 77Mb L: 293/12901 MS: 4 ChangeASCIIInt-PersAutoDict-PersAutoDict-EraseBytes- DE: "\377\377\377\377\377\377\000\361"-"\007\000"-
#237343	REDUCE cov: 1483 ft: 4382 corp: 740/971Kb lim: 12901 exec/s: 3439 rss: 77Mb L: 8575/12901 MS: 2 ChangeASCIIInt-EraseBytes-
#237378	REDUCE cov: 1483 ft: 4382 corp: 740/971Kb lim: 12901 exec/s: 3440 rss: 77Mb L: 855/12901 MS: 5 CrossOver-CMP-PersAutoDict-InsertRepeatedBytes-EraseBytes- DE: "+\000\000\000\000\000\000\000"-"\000\000\000\000"-
#237483	REDUCE cov: 1483 ft: 4382 corp: 740/971Kb lim: 12901 exec/s: 3441 rss: 77Mb L: 1366/12901 MS: 5 InsertByte-ChangeByte-ChangeASCIIInt-ChangeBit-EraseBytes-
#237879	REDUCE cov: 1483 ft: 4382 corp: 740/971Kb lim: 12901 exec/s: 3447 rss: 77Mb L: 102/12901 MS: 1 EraseBytes-
#238106	REDUCE cov: 1483 ft: 4382 corp: 740/971Kb lim: 12901 exec/s: 3401 rss: 77Mb L: 125/12901 MS: 2 ChangeByte-EraseBytes-
#238137	REDUCE cov: 1483 ft: 4382 corp: 740/970Kb lim: 12901 exec/s: 3401 rss: 77Mb L: 224/12901 MS: 1 EraseBytes-
#238174	REDUCE cov: 1483 ft: 4382 corp: 740/970Kb lim: 12901 exec/s: 3402 rss: 77Mb L: 339/12901 MS: 2 PersAutoDict-EraseBytes- DE: "\021\000"-
#238186	REDUCE cov: 1483 ft: 4382 corp: 740/970Kb lim: 12901 exec/s: 3402 rss: 77Mb L: 1584/12901 MS: 2 ChangeBit-EraseBytes-
#238470	REDUCE cov: 1483 ft: 4382 corp: 740/970Kb lim: 12901 exec/s: 3406 rss: 77Mb L: 1497/12901 MS: 4 CrossOver-ShuffleBytes-CMP-EraseBytes- DE: "\000\020"-
#238875	REDUCE cov: 1483 ft: 4382 corp: 740/970Kb lim: 12901 exec/s: 3412 rss: 77Mb L: 609/12901 MS: 5 PersAutoDict-PersAutoDict-ChangeBinInt-PersAutoDict-EraseBytes- DE: "\004\000"-"\001\000\000\000\000\000\000+"-"\033\000\000\000"-
#239129	REDUCE cov: 1483 ft: 4382 corp: 740/970Kb lim: 12901 exec/s: 3416 rss: 77Mb L: 625/12901 MS: 4 InsertRepeatedBytes-ChangeBit-CrossOver-EraseBytes-
#239321	REDUCE cov: 1483 ft: 4382 corp: 740/970Kb lim: 12901 exec/s: 3418 rss: 77Mb L: 1504/12901 MS: 2 ShuffleBytes-EraseBytes-
#239573	REDUCE cov: 1483 ft: 4382 corp: 740/970Kb lim: 12901 exec/s: 3422 rss: 77Mb L: 810/12901 MS: 2 CrossOver-EraseBytes-
#240598	REDUCE cov: 1485 ft: 4384 corp: 741/971Kb lim: 12901 exec/s: 3437 rss: 77Mb L: 717/12901 MS: 5 CopyPart-PersAutoDict-ChangeBinInt-ChangeBinInt-InsertRepeatedBytes- DE: "d\000\000\000"-
#240954	REDUCE cov: 1485 ft: 4384 corp: 741/970Kb lim: 12901 exec/s: 3442 rss: 77Mb L: 2092/12901 MS: 1 EraseBytes-
#241181	REDUCE cov: 1485 ft: 4384 corp: 741/970Kb lim: 12901 exec/s: 3445 rss: 77Mb L: 586/12901 MS: 2 ChangeASCIIInt-EraseBytes-
#241442	REDUCE cov: 1485 ft: 4384 corp: 741/970Kb lim: 12901 exec/s: 3449 rss: 77Mb L: 1615/12901 MS: 1 EraseBytes-
#241768	REDUCE cov: 1485 ft: 4384 corp: 741/970Kb lim: 12901 exec/s: 3453 rss: 77Mb L: 99/12901 MS: 1 EraseBytes-
#241770	REDUCE cov: 1485 ft: 4385 corp: 742/970Kb lim: 12901 exec/s: 3453 rss: 77Mb L: 346/12901 MS: 2 CMP-PersAutoDict- DE: "\002\000\000\000\000\000\000\000"-"[\000"-
#242108	REDUCE cov: 1485 ft: 4385 corp: 742/970Kb lim: 12901 exec/s: 3458 rss: 77Mb L: 137/12901 MS: 3 ChangeASCIIInt-PersAutoDict-EraseBytes- DE: "\007\002"-
#242331	REDUCE cov: 1485 ft: 4385 corp: 742/970Kb lim: 12901 exec/s: 3413 rss: 77Mb L: 461/12901 MS: 3 CMP-CopyPart-CrossOver- DE: "sTER"-
#242632	REDUCE cov: 1485 ft: 4385 corp: 742/970Kb lim: 12901 exec/s: 3417 rss: 77Mb L: 361/12901 MS: 1 EraseBytes-
#242635	REDUCE cov: 1485 ft: 4385 corp: 742/969Kb lim: 12901 exec/s: 3417 rss: 77Mb L: 398/12901 MS: 3 ChangeByte-InsertByte-EraseBytes-
#242877	REDUCE cov: 1485 ft: 4385 corp: 742/969Kb lim: 12901 exec/s: 3420 rss: 77Mb L: 5381/12901 MS: 2 ChangeBit-EraseBytes-
#243058	REDUCE cov: 1485 ft: 4385 corp: 742/969Kb lim: 12901 exec/s: 3423 rss: 77Mb L: 314/12901 MS: 1 EraseBytes-
#243850	REDUCE cov: 1485 ft: 4385 corp: 742/969Kb lim: 12901 exec/s: 3434 rss: 77Mb L: 69/12901 MS: 2 ChangeBit-EraseBytes-
#244157	REDUCE cov: 1485 ft: 4385 corp: 742/969Kb lim: 12901 exec/s: 3438 rss: 77Mb L: 340/12901 MS: 2 ChangeBinInt-EraseBytes-
#244211	REDUCE cov: 1485 ft: 4385 corp: 742/969Kb lim: 12901 exec/s: 3439 rss: 77Mb L: 56/12901 MS: 4 ChangeASCIIInt-ChangeASCIIInt-CopyPart-EraseBytes-
#244217	REDUCE cov: 1485 ft: 4385 corp: 742/969Kb lim: 12901 exec/s: 3439 rss: 77Mb L: 505/12901 MS: 1 EraseBytes-
#244280	REDUCE cov: 1485 ft: 4385 corp: 742/969Kb lim: 12901 exec/s: 3440 rss: 77Mb L: 296/12901 MS: 3 CopyPart-PersAutoDict-EraseBytes- DE: "iTXt"-
#244981	REDUCE cov: 1485 ft: 4385 corp: 742/969Kb lim: 12901 exec/s: 3450 rss: 77Mb L: 8691/12901 MS: 1 CrossOver-
#245313	REDUCE cov: 1485 ft: 4385 corp: 742/969Kb lim: 12901 exec/s: 3455 rss: 77Mb L: 204/12901 MS: 2 ChangeBit-EraseBytes-
#245544	REDUCE cov: 1485 ft: 4385 corp: 742/969Kb lim: 12901 exec/s: 3458 rss: 77Mb L: 74/12901 MS: 1 EraseBytes-
#245550	REDUCE cov: 1485 ft: 4385 corp: 742/968Kb lim: 12901 exec/s: 3458 rss: 77Mb L: 1275/12901 MS: 1 EraseBytes-
#245776	REDUCE cov: 1485 ft: 4385 corp: 742/968Kb lim: 12901 exec/s: 3461 rss: 77Mb L: 34/12901 MS: 1 EraseBytes-
#245780	NEW    cov: 1486 ft: 4386 corp: 743/971Kb lim: 12901 exec/s: 3461 rss: 77Mb L: 2840/12901 MS: 4 ChangeBit-InsertByte-ShuffleBytes-PersAutoDict- DE: "\001\000\000\003"-
#246125	NEW    cov: 1486 ft: 4387 corp: 744/972Kb lim: 12901 exec/s: 3466 rss: 77Mb L: 693/12901 MS: 5 ChangeASCIIInt-ChangeBit-ChangeByte-CrossOver-ShuffleBytes-
#246211	REDUCE cov: 1486 ft: 4387 corp: 744/972Kb lim: 12901 exec/s: 3467 rss: 77Mb L: 33/12901 MS: 1 EraseBytes-
#247113	REDUCE cov: 1486 ft: 4387 corp: 744/972Kb lim: 12901 exec/s: 3432 rss: 77Mb L: 894/12901 MS: 2 ChangeASCIIInt-EraseBytes-
#247214	REDUCE cov: 1486 ft: 4387 corp: 744/972Kb lim: 12901 exec/s: 3433 rss: 77Mb L: 257/12901 MS: 1 EraseBytes-
#248271	REDUCE cov: 1486 ft: 4387 corp: 744/972Kb lim: 12901 exec/s: 3448 rss: 77Mb L: 633/12901 MS: 2 ChangeBinInt-EraseBytes-
#248728	REDUCE cov: 1486 ft: 4387 corp: 744/971Kb lim: 12901 exec/s: 3454 rss: 77Mb L: 8645/12901 MS: 2 ShuffleBytes-CrossOver-
#248858	REDUCE cov: 1486 ft: 4387 corp: 744/971Kb lim: 12901 exec/s: 3456 rss: 77Mb L: 233/12901 MS: 5 PersAutoDict-ChangeBit-CopyPart-ChangeASCIIInt-EraseBytes- DE: "Z\000"-
#249099	REDUCE cov: 1486 ft: 4387 corp: 744/971Kb lim: 12901 exec/s: 3459 rss: 77Mb L: 94/12901 MS: 1 EraseBytes-
#249182	REDUCE cov: 1486 ft: 4387 corp: 744/971Kb lim: 12901 exec/s: 3460 rss: 77Mb L: 36/12901 MS: 3 InsertByte-ChangeBit-EraseBytes-
#249706	REDUCE cov: 1486 ft: 4387 corp: 744/971Kb lim: 12901 exec/s: 3468 rss: 77Mb L: 8563/12901 MS: 4 ChangeBit-ChangeASCIIInt-PersAutoDict-EraseBytes- DE: "\302\000\000\000\000\000\000\000"-
#249844	REDUCE cov: 1486 ft: 4387 corp: 744/971Kb lim: 12901 exec/s: 3470 rss: 77Mb L: 399/12901 MS: 3 ChangeASCIIInt-CopyPart-EraseBytes-
#249896	REDUCE cov: 1486 ft: 4387 corp: 744/971Kb lim: 12901 exec/s: 3470 rss: 77Mb L: 1379/12901 MS: 2 CopyPart-EraseBytes-
#249933	REDUCE cov: 1486 ft: 4387 corp: 744/971Kb lim: 12901 exec/s: 3471 rss: 77Mb L: 1482/12901 MS: 2 ChangeASCIIInt-EraseBytes-
#249979	REDUCE cov: 1486 ft: 4387 corp: 744/971Kb lim: 12901 exec/s: 3471 rss: 77Mb L: 468/12901 MS: 1 EraseBytes-
#250215	REDUCE cov: 1486 ft: 4387 corp: 744/971Kb lim: 12901 exec/s: 3475 rss: 77Mb L: 421/12901 MS: 1 EraseBytes-
#250921	REDUCE cov: 1486 ft: 4387 corp: 744/971Kb lim: 12901 exec/s: 3437 rss: 77Mb L: 657/12901 MS: 1 EraseBytes-
#251027	REDUCE cov: 1486 ft: 4387 corp: 744/971Kb lim: 12901 exec/s: 3438 rss: 77Mb L: 224/12901 MS: 1 EraseBytes-
#251583	REDUCE cov: 1486 ft: 4387 corp: 744/971Kb lim: 12901 exec/s: 3446 rss: 77Mb L: 34/12901 MS: 1 EraseBytes-
#252219	REDUCE cov: 1486 ft: 4387 corp: 744/971Kb lim: 12901 exec/s: 3455 rss: 77Mb L: 261/12901 MS: 1 EraseBytes-
#253207	REDUCE cov: 1486 ft: 4387 corp: 744/971Kb lim: 12901 exec/s: 3468 rss: 77Mb L: 479/12901 MS: 3 ShuffleBytes-CopyPart-EraseBytes-
#253235	REDUCE cov: 1486 ft: 4388 corp: 745/971Kb lim: 12901 exec/s: 3468 rss: 77Mb L: 208/12901 MS: 3 ShuffleBytes-ChangeASCIIInt-PersAutoDict- DE: "\012\000"-
#253956	NEW    cov: 1486 ft: 4389 corp: 746/971Kb lim: 12901 exec/s: 3478 rss: 77Mb L: 499/12901 MS: 1 PersAutoDict- DE: "\033\000\000\000"-
#254012	REDUCE cov: 1486 ft: 4389 corp: 746/971Kb lim: 12901 exec/s: 3479 rss: 77Mb L: 120/12901 MS: 1 EraseBytes-
#254359	REDUCE cov: 1486 ft: 4389 corp: 746/971Kb lim: 12901 exec/s: 3484 rss: 77Mb L: 257/12901 MS: 2 CMP-EraseBytes- DE: "\001\000\000\000\000\000\000\021"-
#254366	REDUCE cov: 1486 ft: 4389 corp: 746/971Kb lim: 12901 exec/s: 3484 rss: 77Mb L: 126/12901 MS: 2 PersAutoDict-EraseBytes- DE: "\377\377\377\377\377\377\377\037"-
#254530	REDUCE cov: 1486 ft: 4389 corp: 746/971Kb lim: 12901 exec/s: 3486 rss: 77Mb L: 465/12901 MS: 4 ShuffleBytes-ChangeBit-ChangeBinInt-EraseBytes-
#254736	NEW    cov: 1486 ft: 4390 corp: 747/980Kb lim: 12901 exec/s: 3442 rss: 77Mb L: 8831/12901 MS: 1 PersAutoDict- DE: "\003\000\000\000"-
#255309	REDUCE cov: 1486 ft: 4390 corp: 747/979Kb lim: 12901 exec/s: 3450 rss: 77Mb L: 267/12901 MS: 3 ChangeBinInt-ShuffleBytes-EraseBytes-
#255426	REDUCE cov: 1486 ft: 4390 corp: 747/979Kb lim: 12901 exec/s: 3451 rss: 77Mb L: 282/12901 MS: 2 ChangeBinInt-EraseBytes-
#255482	NEW    cov: 1486 ft: 4391 corp: 748/980Kb lim: 12901 exec/s: 3452 rss: 77Mb L: 499/12901 MS: 1 PersAutoDict- DE: "\001\000\000\003"-
#255644	REDUCE cov: 1486 ft: 4391 corp: 748/980Kb lim: 12901 exec/s: 3454 rss: 77Mb L: 562/12901 MS: 2 CopyPart-EraseBytes-
#256090	REDUCE cov: 1487 ft: 4392 corp: 749/981Kb lim: 12901 exec/s: 3460 rss: 77Mb L: 894/12901 MS: 1 ChangeBinInt-
#256113	REDUCE cov: 1487 ft: 4392 corp: 749/981Kb lim: 12901 exec/s: 3460 rss: 77Mb L: 8556/12901 MS: 3 CopyPart-ChangeASCIIInt-EraseBytes-
#256799	REDUCE cov: 1487 ft: 4392 corp: 749/980Kb lim: 12901 exec/s: 3470 rss: 77Mb L: 325/12901 MS: 1 EraseBytes-
#256937	REDUCE cov: 1487 ft: 4392 corp: 749/980Kb lim: 12901 exec/s: 3472 rss: 77Mb L: 400/12901 MS: 3 InsertByte-PersAutoDict-EraseBytes- DE: "sYpH"-
#256939	REDUCE cov: 1487 ft: 4392 corp: 749/980Kb lim: 12901 exec/s: 3472 rss: 77Mb L: 19/12901 MS: 2 ChangeByte-EraseBytes-
#257227	REDUCE cov: 1487 ft: 4392 corp: 749/980Kb lim: 12901 exec/s: 3476 rss: 77Mb L: 92/12901 MS: 3 ChangeBinInt-ChangeBinInt-EraseBytes-
#257313	REDUCE cov: 1487 ft: 4392 corp: 749/980Kb lim: 12901 exec/s: 3477 rss: 77Mb L: 33/12901 MS: 1 EraseBytes-
#258012	REDUCE cov: 1487 ft: 4392 corp: 749/980Kb lim: 12901 exec/s: 3486 rss: 77Mb L: 837/12901 MS: 4 ChangeByte-ChangeBinInt-ChangeBinInt-EraseBytes-
#259495	REDUCE cov: 1488 ft: 4394 corp: 750/983Kb lim: 12901 exec/s: 3459 rss: 77Mb L: 2478/12901 MS: 3 ChangeBit-CMP-CrossOver- DE: "\023\000\000\000\000\000\000\000"-
#260155	REDUCE cov: 1488 ft: 4394 corp: 750/983Kb lim: 12901 exec/s: 3468 rss: 77Mb L: 264/12901 MS: 5 ChangeByte-CMP-ChangeByte-ShuffleBytes-EraseBytes- DE: "\000\000\000L"-
#261316	REDUCE cov: 1488 ft: 4394 corp: 750/982Kb lim: 12901 exec/s: 3484 rss: 77Mb L: 1128/12901 MS: 1 EraseBytes-
#261367	REDUCE cov: 1488 ft: 4394 corp: 750/982Kb lim: 12901 exec/s: 3484 rss: 77Mb L: 111/12901 MS: 1 EraseBytes-
#261488	NEW    cov: 1488 ft: 4395 corp: 751/983Kb lim: 12901 exec/s: 3486 rss: 77Mb L: 591/12901 MS: 1 ShuffleBytes-
#261925	REDUCE cov: 1488 ft: 4395 corp: 751/983Kb lim: 12901 exec/s: 3492 rss: 77Mb L: 137/12901 MS: 2 ChangeBinInt-EraseBytes-
#262144	pulse  cov: 1488 ft: 4395 corp: 751/983Kb lim: 12901 exec/s: 3495 rss: 77Mb
#262152	REDUCE cov: 1488 ft: 4395 corp: 751/983Kb lim: 12901 exec/s: 3495 rss: 77Mb L: 61/12901 MS: 2 CMP-EraseBytes- DE: "\000\000\000\000\000\000\000\010"-
#262365	REDUCE cov: 1488 ft: 4395 corp: 751/983Kb lim: 12901 exec/s: 3498 rss: 77Mb L: 182/12901 MS: 3 InsertByte-ShuffleBytes-EraseBytes-
#262527	REDUCE cov: 1488 ft: 4395 corp: 751/983Kb lim: 12901 exec/s: 3500 rss: 77Mb L: 68/12901 MS: 2 ChangeBit-EraseBytes-
#262587	REDUCE cov: 1488 ft: 4395 corp: 751/983Kb lim: 12901 exec/s: 3501 rss: 77Mb L: 187/12901 MS: 5 ShuffleBytes-CMP-ChangeByte-ChangeBit-EraseBytes- DE: "\000\000\000\001"-
#262618	REDUCE cov: 1488 ft: 4395 corp: 751/983Kb lim: 12901 exec/s: 3501 rss: 77Mb L: 486/12901 MS: 1 EraseBytes-
#263346	REDUCE cov: 1488 ft: 4395 corp: 751/983Kb lim: 12901 exec/s: 3511 rss: 77Mb L: 1221/12901 MS: 3 ChangeBit-ChangeByte-EraseBytes-
#263417	REDUCE cov: 1488 ft: 4395 corp: 751/983Kb lim: 12901 exec/s: 3512 rss: 77Mb L: 542/12901 MS: 1 EraseBytes-
#263474	REDUCE cov: 1488 ft: 4395 corp: 751/983Kb lim: 12901 exec/s: 3512 rss: 77Mb L: 514/12901 MS: 2 ShuffleBytes-EraseBytes-
#263705	REDUCE cov: 1488 ft: 4395 corp: 751/983Kb lim: 12901 exec/s: 3469 rss: 77Mb L: 135/12901 MS: 1 EraseBytes-
#264106	REDUCE cov: 1488 ft: 4395 corp: 751/983Kb lim: 12901 exec/s: 3475 rss: 77Mb L: 122/12901 MS: 1 EraseBytes-
#264166	REDUCE cov: 1488 ft: 4395 corp: 751/983Kb lim: 12901 exec/s: 3475 rss: 77Mb L: 1636/12901 MS: 5 EraseBytes-CrossOver-InsertRepeatedBytes-InsertByte-InsertRepeatedBytes-
#264207	REDUCE cov: 1488 ft: 4395 corp: 751/983Kb lim: 12901 exec/s: 3476 rss: 77Mb L: 95/12901 MS: 1 EraseBytes-
#264404	REDUCE cov: 1488 ft: 4395 corp: 751/983Kb lim: 12901 exec/s: 3479 rss: 77Mb L: 156/12901 MS: 2 ChangeASCIIInt-EraseBytes-
#264576	REDUCE cov: 1490 ft: 4397 corp: 752/983Kb lim: 12901 exec/s: 3481 rss: 77Mb L: 57/12901 MS: 2 ChangeBinInt-ChangeBit-
#264957	REDUCE cov: 1490 ft: 4397 corp: 752/982Kb lim: 12901 exec/s: 3486 rss: 77Mb L: 139/12901 MS: 1 EraseBytes-
#265077	REDUCE cov: 1490 ft: 4397 corp: 752/982Kb lim: 12901 exec/s: 3487 rss: 77Mb L: 1317/12901 MS: 5 InsertByte-CrossOver-ChangeBinInt-PersAutoDict-EraseBytes- DE: "SADI"-
#265128	REDUCE cov: 1490 ft: 4397 corp: 752/982Kb lim: 12901 exec/s: 3488 rss: 77Mb L: 1452/12901 MS: 1 EraseBytes-
#265581	REDUCE cov: 1490 ft: 4397 corp: 752/982Kb lim: 12901 exec/s: 3494 rss: 77Mb L: 1799/12901 MS: 3 ChangeBit-CrossOver-EraseBytes-
#265651	REDUCE cov: 1490 ft: 4397 corp: 752/981Kb lim: 12901 exec/s: 3495 rss: 77Mb L: 628/12901 MS: 5 ChangeBinInt-ChangeBit-ChangeASCIIInt-ChangeBinInt-EraseBytes-
#265672	REDUCE cov: 1490 ft: 4397 corp: 752/981Kb lim: 12901 exec/s: 3495 rss: 77Mb L: 204/12901 MS: 1 EraseBytes-
#265808	REDUCE cov: 1490 ft: 4397 corp: 752/981Kb lim: 12901 exec/s: 3497 rss: 77Mb L: 87/12901 MS: 1 EraseBytes-
#265827	REDUCE cov: 1490 ft: 4397 corp: 752/981Kb lim: 12901 exec/s: 3497 rss: 77Mb L: 861/12901 MS: 4 InsertRepeatedBytes-ChangeByte-ChangeBinInt-EraseBytes-
#265898	REDUCE cov: 1490 ft: 4397 corp: 752/981Kb lim: 12901 exec/s: 3498 rss: 77Mb L: 692/12901 MS: 1 EraseBytes-
#265985	REDUCE cov: 1490 ft: 4397 corp: 752/981Kb lim: 12901 exec/s: 3499 rss: 77Mb L: 1383/12901 MS: 2 InsertByte-EraseBytes-
#265986	NEW    cov: 1490 ft: 4398 corp: 753/982Kb lim: 12901 exec/s: 3499 rss: 77Mb L: 898/12901 MS: 1 InsertByte-
#266117	REDUCE cov: 1490 ft: 4398 corp: 753/982Kb lim: 12901 exec/s: 3501 rss: 77Mb L: 536/12901 MS: 1 EraseBytes-
#266355	NEW    cov: 1490 ft: 4399 corp: 754/982Kb lim: 12901 exec/s: 3504 rss: 77Mb L: 241/12901 MS: 3 InsertRepeatedBytes-CMP-ChangeBinInt- DE: "\037\000"-
#267754	REDUCE cov: 1490 ft: 4399 corp: 754/982Kb lim: 12901 exec/s: 3523 rss: 77Mb L: 544/12901 MS: 4 InsertRepeatedBytes-PersAutoDict-ChangeASCIIInt-EraseBytes- DE: "cICP"-
#268008	REDUCE cov: 1490 ft: 4399 corp: 754/982Kb lim: 12901 exec/s: 3526 rss: 77Mb L: 576/12901 MS: 4 InsertByte-ChangeBit-ChangeByte-EraseBytes-
#268314	REDUCE cov: 1490 ft: 4399 corp: 754/982Kb lim: 12901 exec/s: 3530 rss: 77Mb L: 225/12901 MS: 1 EraseBytes-
#268620	REDUCE cov: 1490 ft: 4399 corp: 754/981Kb lim: 12901 exec/s: 3488 rss: 77Mb L: 973/12901 MS: 1 EraseBytes-
#269207	REDUCE cov: 1490 ft: 4399 corp: 754/981Kb lim: 12901 exec/s: 3496 rss: 77Mb L: 457/12901 MS: 2 ChangeByte-EraseBytes-
#269383	NEW    cov: 1490 ft: 4400 corp: 755/982Kb lim: 12901 exec/s: 3498 rss: 77Mb L: 489/12901 MS: 1 ChangeASCIIInt-
#269519	REDUCE cov: 1490 ft: 4401 corp: 756/982Kb lim: 12901 exec/s: 3500 rss: 77Mb L: 625/12901 MS: 1 CMP- DE: "gAMA"-
#269556	REDUCE cov: 1490 ft: 4401 corp: 756/982Kb lim: 12901 exec/s: 3500 rss: 77Mb L: 81/12901 MS: 2 ShuffleBytes-EraseBytes-
#269719	REDUCE cov: 1490 ft: 4401 corp: 756/982Kb lim: 12901 exec/s: 3502 rss: 77Mb L: 374/12901 MS: 3 CrossOver-ChangeASCIIInt-EraseBytes-
#270160	REDUCE cov: 1490 ft: 4401 corp: 756/982Kb lim: 12901 exec/s: 3508 rss: 77Mb L: 412/12901 MS: 1 EraseBytes-
#270973	REDUCE cov: 1490 ft: 4401 corp: 756/982Kb lim: 12901 exec/s: 3519 rss: 77Mb L: 2621/12901 MS: 3 InsertByte-ChangeBinInt-EraseBytes-
#271193	REDUCE cov: 1490 ft: 4402 corp: 757/983Kb lim: 12901 exec/s: 3521 rss: 77Mb L: 833/12901 MS: 5 ChangeBit-InsertByte-CrossOver-ChangeBinInt-EraseBytes-
#271729	REDUCE cov: 1491 ft: 4403 corp: 758/983Kb lim: 12901 exec/s: 3528 rss: 77Mb L: 480/12901 MS: 1 ShuffleBytes-
#272041	REDUCE cov: 1491 ft: 4403 corp: 758/983Kb lim: 12901 exec/s: 3533 rss: 77Mb L: 867/12901 MS: 2 PersAutoDict-EraseBytes- DE: "\001\000\000\000\000\000\000\015"-
#272412	REDUCE cov: 1491 ft: 4403 corp: 758/983Kb lim: 12901 exec/s: 3537 rss: 77Mb L: 369/12901 MS: 1 EraseBytes-
#272808	REDUCE cov: 1491 ft: 4403 corp: 758/983Kb lim: 12901 exec/s: 3542 rss: 77Mb L: 544/12901 MS: 1 EraseBytes-
#272904	REDUCE cov: 1491 ft: 4403 corp: 758/983Kb lim: 12901 exec/s: 3544 rss: 77Mb L: 363/12901 MS: 1 EraseBytes-
#273114	REDUCE cov: 1491 ft: 4403 corp: 758/983Kb lim: 12901 exec/s: 3546 rss: 77Mb L: 886/12901 MS: 5 InsertByte-ChangeBinInt-ChangeByte-ChangeBit-EraseBytes-
#273695	REDUCE cov: 1491 ft: 4403 corp: 758/983Kb lim: 12901 exec/s: 3508 rss: 78Mb L: 8602/12901 MS: 1 EraseBytes-
#274196	REDUCE cov: 1491 ft: 4403 corp: 758/983Kb lim: 12901 exec/s: 3515 rss: 78Mb L: 2032/12901 MS: 1 EraseBytes-
#274318	REDUCE cov: 1491 ft: 4403 corp: 758/983Kb lim: 12901 exec/s: 3516 rss: 78Mb L: 861/12901 MS: 2 InsertByte-EraseBytes-
#274829	REDUCE cov: 1491 ft: 4403 corp: 758/982Kb lim: 12901 exec/s: 3523 rss: 78Mb L: 1432/12901 MS: 1 EraseBytes-
#274906	REDUCE cov: 1491 ft: 4403 corp: 758/982Kb lim: 12901 exec/s: 3524 rss: 78Mb L: 444/12901 MS: 2 ChangeASCIIInt-EraseBytes-
#274957	REDUCE cov: 1491 ft: 4403 corp: 758/982Kb lim: 12901 exec/s: 3525 rss: 78Mb L: 1114/12901 MS: 1 EraseBytes-
#276049	REDUCE cov: 1491 ft: 4403 corp: 758/982Kb lim: 12901 exec/s: 3539 rss: 78Mb L: 60/12901 MS: 2 InsertByte-EraseBytes-
#276530	REDUCE cov: 1491 ft: 4403 corp: 758/982Kb lim: 12901 exec/s: 3545 rss: 78Mb L: 56/12901 MS: 1 EraseBytes-
#276776	REDUCE cov: 1491 ft: 4403 corp: 758/982Kb lim: 12901 exec/s: 3548 rss: 78Mb L: 110/12901 MS: 1 EraseBytes-
#277140	REDUCE cov: 1491 ft: 4403 corp: 758/982Kb lim: 12901 exec/s: 3553 rss: 78Mb L: 584/12901 MS: 4 ChangeBit-ShuffleBytes-CopyPart-EraseBytes-
#277358	REDUCE cov: 1491 ft: 4403 corp: 758/982Kb lim: 12901 exec/s: 3510 rss: 78Mb L: 2614/12901 MS: 3 InsertRepeatedBytes-EraseBytes-ChangeByte-
#277636	REDUCE cov: 1491 ft: 4403 corp: 758/982Kb lim: 12901 exec/s: 3514 rss: 78Mb L: 8629/12901 MS: 3 CopyPart-EraseBytes-CrossOver-
#278146	REDUCE cov: 1491 ft: 4403 corp: 758/982Kb lim: 12901 exec/s: 3520 rss: 78Mb L: 147/12901 MS: 5 ShuffleBytes-ChangeByte-CopyPart-ChangeASCIIInt-EraseBytes-
#278332	REDUCE cov: 1491 ft: 4403 corp: 758/982Kb lim: 12901 exec/s: 3523 rss: 78Mb L: 255/12901 MS: 1 EraseBytes-
#278334	REDUCE cov: 1491 ft: 4403 corp: 758/982Kb lim: 12901 exec/s: 3523 rss: 78Mb L: 539/12901 MS: 2 InsertByte-EraseBytes-
#278448	REDUCE cov: 1491 ft: 4403 corp: 758/982Kb lim: 12901 exec/s: 3524 rss: 78Mb L: 463/12901 MS: 4 ChangeByte-ChangeASCIIInt-ShuffleBytes-EraseBytes-
#278589	REDUCE cov: 1491 ft: 4403 corp: 758/982Kb lim: 12901 exec/s: 3526 rss: 78Mb L: 207/12901 MS: 1 EraseBytes-
#279140	REDUCE cov: 1491 ft: 4403 corp: 758/982Kb lim: 12901 exec/s: 3533 rss: 78Mb L: 188/12901 MS: 1 EraseBytes-
#279176	REDUCE cov: 1491 ft: 4403 corp: 758/982Kb lim: 12901 exec/s: 3533 rss: 78Mb L: 101/12901 MS: 1 EraseBytes-
#279397	REDUCE cov: 1491 ft: 4405 corp: 759/982Kb lim: 12901 exec/s: 3536 rss: 78Mb L: 123/12901 MS: 1 ChangeBit-
#279514	NEW    cov: 1491 ft: 4406 corp: 760/982Kb lim: 12901 exec/s: 3538 rss: 78Mb L: 489/12901 MS: 2 ChangeASCIIInt-ChangeByte-
#279675	REDUCE cov: 1491 ft: 4406 corp: 760/982Kb lim: 12901 exec/s: 3540 rss: 78Mb L: 331/12901 MS: 1 EraseBytes-
#279906	REDUCE cov: 1491 ft: 4406 corp: 760/982Kb lim: 12901 exec/s: 3543 rss: 78Mb L: 149/12901 MS: 1 EraseBytes-
#279982	REDUCE cov: 1491 ft: 4406 corp: 760/982Kb lim: 12901 exec/s: 3544 rss: 78Mb L: 152/12901 MS: 1 EraseBytes-
#280133	NEW    cov: 1491 ft: 4407 corp: 761/982Kb lim: 12901 exec/s: 3545 rss: 78Mb L: 489/12901 MS: 1 ChangeByte-
#280203	REDUCE cov: 1491 ft: 4407 corp: 761/982Kb lim: 12901 exec/s: 3546 rss: 78Mb L: 293/12901 MS: 5 ChangeBit-CopyPart-CMP-InsertRepeatedBytes-EraseBytes- DE: "sRGB"-
#280460	REDUCE cov: 1491 ft: 4407 corp: 761/982Kb lim: 12901 exec/s: 3550 rss: 78Mb L: 430/12901 MS: 2 ShuffleBytes-EraseBytes-
#280514	REDUCE cov: 1491 ft: 4407 corp: 761/982Kb lim: 12901 exec/s: 3550 rss: 78Mb L: 4181/12901 MS: 4 InsertByte-CopyPart-ShuffleBytes-EraseBytes-
#280911	REDUCE cov: 1491 ft: 4407 corp: 761/982Kb lim: 12901 exec/s: 3555 rss: 78Mb L: 274/12901 MS: 2 CopyPart-EraseBytes-
#280933	REDUCE cov: 1491 ft: 4407 corp: 761/982Kb lim: 12901 exec/s: 3556 rss: 78Mb L: 9843/12901 MS: 2 CopyPart-EraseBytes-
#281411	REDUCE cov: 1491 ft: 4408 corp: 762/984Kb lim: 12901 exec/s: 3562 rss: 78Mb L: 2069/12901 MS: 3 ChangeBit-ShuffleBytes-CMP- DE: "\004\000"-
#281528	REDUCE cov: 1491 ft: 4408 corp: 762/984Kb lim: 12901 exec/s: 3563 rss: 78Mb L: 344/12901 MS: 2 CopyPart-EraseBytes-
#281630	REDUCE cov: 1491 ft: 4408 corp: 762/984Kb lim: 12901 exec/s: 3564 rss: 78Mb L: 9796/12901 MS: 2 InsertByte-EraseBytes-
#282057	REDUCE cov: 1491 ft: 4408 corp: 762/984Kb lim: 12901 exec/s: 3570 rss: 78Mb L: 70/12901 MS: 2 InsertByte-EraseBytes-
#282446	REDUCE cov: 1491 ft: 4408 corp: 762/984Kb lim: 12901 exec/s: 3530 rss: 78Mb L: 897/12901 MS: 4 ShuffleBytes-CopyPart-InsertRepeatedBytes-EraseBytes-
#282982	REDUCE cov: 1491 ft: 4408 corp: 762/984Kb lim: 12901 exec/s: 3537 rss: 78Mb L: 21/12901 MS: 1 EraseBytes-
#283138	REDUCE cov: 1491 ft: 4408 corp: 762/984Kb lim: 12901 exec/s: 3539 rss: 78Mb L: 135/12901 MS: 1 EraseBytes-
#283554	REDUCE cov: 1491 ft: 4408 corp: 762/984Kb lim: 12901 exec/s: 3544 rss: 78Mb L: 506/12901 MS: 1 EraseBytes-
#283560	REDUCE cov: 1491 ft: 4408 corp: 762/984Kb lim: 12901 exec/s: 3544 rss: 78Mb L: 145/12901 MS: 1 EraseBytes-
#283906	REDUCE cov: 1491 ft: 4408 corp: 762/984Kb lim: 12901 exec/s: 3548 rss: 78Mb L: 2027/12901 MS: 1 EraseBytes-
#284227	REDUCE cov: 1491 ft: 4408 corp: 762/983Kb lim: 12901 exec/s: 3552 rss: 78Mb L: 9673/12901 MS: 1 EraseBytes-
#284285	REDUCE cov: 1491 ft: 4408 corp: 762/983Kb lim: 12901 exec/s: 3553 rss: 78Mb L: 197/12901 MS: 3 CMP-InsertByte-EraseBytes- DE: "\000\000\000\000\000\000\000\303"-
#284578	REDUCE cov: 1491 ft: 4408 corp: 762/983Kb lim: 12901 exec/s: 3557 rss: 78Mb L: 136/12901 MS: 3 InsertByte-ChangeByte-EraseBytes-
#284689	NEW    cov: 1491 ft: 4409 corp: 763/984Kb lim: 12901 exec/s: 3558 rss: 78Mb L: 779/12901 MS: 1 InsertByte-
#285650	REDUCE cov: 1491 ft: 4409 corp: 763/984Kb lim: 12901 exec/s: 3570 rss: 78Mb L: 181/12901 MS: 1 EraseBytes-
#285695	REDUCE cov: 1491 ft: 4409 corp: 763/984Kb lim: 12901 exec/s: 3571 rss: 78Mb L: 301/12901 MS: 5 InsertRepeatedBytes-ChangeBit-CrossOver-ChangeByte-EraseBytes-
#285751	REDUCE cov: 1491 ft: 4409 corp: 763/984Kb lim: 12901 exec/s: 3571 rss: 78Mb L: 81/12901 MS: 1 EraseBytes-
#285777	REDUCE cov: 1491 ft: 4409 corp: 763/984Kb lim: 12901 exec/s: 3572 rss: 78Mb L: 947/12901 MS: 1 EraseBytes-
#287318	REDUCE cov: 1491 ft: 4409 corp: 763/984Kb lim: 12901 exec/s: 3547 rss: 78Mb L: 9371/12901 MS: 1 EraseBytes-
#287798	REDUCE cov: 1491 ft: 4409 corp: 763/984Kb lim: 12901 exec/s: 3553 rss: 78Mb L: 332/12901 MS: 5 ChangeByte-ChangeBinInt-CMP-ChangeByte-EraseBytes- DE: "B\000\000\000"-
#287944	REDUCE cov: 1491 ft: 4409 corp: 763/984Kb lim: 12901 exec/s: 3554 rss: 78Mb L: 51/12901 MS: 1 EraseBytes-
#288125	REDUCE cov: 1491 ft: 4409 corp: 763/984Kb lim: 12901 exec/s: 3557 rss: 78Mb L: 758/12901 MS: 1 EraseBytes-
#288281	REDUCE cov: 1491 ft: 4409 corp: 763/983Kb lim: 12901 exec/s: 3559 rss: 78Mb L: 45/12901 MS: 1 EraseBytes-
#288334	REDUCE cov: 1491 ft: 4409 corp: 763/983Kb lim: 12901 exec/s: 3559 rss: 78Mb L: 4320/12901 MS: 3 ShuffleBytes-InsertByte-EraseBytes-
#288582	REDUCE cov: 1491 ft: 4409 corp: 763/983Kb lim: 12901 exec/s: 3562 rss: 78Mb L: 221/12901 MS: 3 ChangeBinInt-CopyPart-EraseBytes-
#288628	REDUCE cov: 1491 ft: 4409 corp: 763/983Kb lim: 12901 exec/s: 3563 rss: 78Mb L: 196/12901 MS: 1 EraseBytes-
#288886	REDUCE cov: 1491 ft: 4409 corp: 763/983Kb lim: 12901 exec/s: 3566 rss: 78Mb L: 9359/12901 MS: 3 ChangeBinInt-ChangeBit-EraseBytes-
#289481	REDUCE cov: 1491 ft: 4409 corp: 763/982Kb lim: 12901 exec/s: 3573 rss: 78Mb L: 748/12901 MS: 5 ChangeBit-ChangeASCIIInt-ChangeBit-ChangeBit-EraseBytes-
#290272	REDUCE cov: 1491 ft: 4409 corp: 763/982Kb lim: 12901 exec/s: 3583 rss: 78Mb L: 34/12901 MS: 1 EraseBytes-
#290303	REDUCE cov: 1491 ft: 4409 corp: 763/982Kb lim: 12901 exec/s: 3583 rss: 78Mb L: 850/12901 MS: 1 EraseBytes-
#290699	REDUCE cov: 1491 ft: 4409 corp: 763/982Kb lim: 12901 exec/s: 3545 rss: 78Mb L: 375/12901 MS: 1 EraseBytes-
#291245	REDUCE cov: 1491 ft: 4409 corp: 763/982Kb lim: 12901 exec/s: 3551 rss: 78Mb L: 219/12901 MS: 1 EraseBytes-
#292046	REDUCE cov: 1491 ft: 4409 corp: 763/982Kb lim: 12901 exec/s: 3561 rss: 78Mb L: 177/12901 MS: 1 EraseBytes-
#292473	REDUCE cov: 1491 ft: 4409 corp: 763/982Kb lim: 12901 exec/s: 3566 rss: 78Mb L: 1309/12901 MS: 2 CMP-EraseBytes- DE: "\000\000\000\000\000\000\000\000"-
#293559	REDUCE cov: 1491 ft: 4409 corp: 763/982Kb lim: 12901 exec/s: 3579 rss: 78Mb L: 261/12901 MS: 1 EraseBytes-
#293805	REDUCE cov: 1491 ft: 4409 corp: 763/982Kb lim: 12901 exec/s: 3582 rss: 78Mb L: 19/12901 MS: 1 EraseBytes-
#294262	REDUCE cov: 1491 ft: 4409 corp: 763/982Kb lim: 12901 exec/s: 3588 rss: 78Mb L: 844/12901 MS: 2 CMP-EraseBytes- DE: "\221\003\000\000\000\000\000\000"-
#294633	REDUCE cov: 1491 ft: 4409 corp: 763/982Kb lim: 12901 exec/s: 3593 rss: 78Mb L: 873/12901 MS: 1 EraseBytes-
	NEW_FUNC[1/2]: 0x55ef69daba30 in png_malloc_array /src/libpng/pngmem.c:122
	NEW_FUNC[2/2]: 0x55ef69deaaa0 in png_set_sPLT /src/libpng/pngset.c:1227
#295174	REDUCE cov: 1501 ft: 4421 corp: 764/982Kb lim: 12901 exec/s: 3556 rss: 78Mb L: 391/12901 MS: 1 CopyPart-
#295250	REDUCE cov: 1501 ft: 4421 corp: 764/982Kb lim: 12901 exec/s: 3557 rss: 78Mb L: 109/12901 MS: 1 EraseBytes-
#295782	REDUCE cov: 1501 ft: 4421 corp: 764/982Kb lim: 12901 exec/s: 3563 rss: 78Mb L: 398/12901 MS: 2 ShuffleBytes-EraseBytes-
#296029	REDUCE cov: 1501 ft: 4421 corp: 764/982Kb lim: 12901 exec/s: 3566 rss: 78Mb L: 37/12901 MS: 2 PersAutoDict-EraseBytes- DE: "\014\000\000\000\000\000\000\000"-
#296195	REDUCE cov: 1501 ft: 4421 corp: 764/982Kb lim: 12901 exec/s: 3568 rss: 78Mb L: 429/12901 MS: 1 EraseBytes-
#297173	REDUCE cov: 1501 ft: 4421 corp: 764/982Kb lim: 12901 exec/s: 3580 rss: 78Mb L: 504/12901 MS: 3 ChangeBit-ChangeASCIIInt-EraseBytes-
#298299	REDUCE cov: 1501 ft: 4421 corp: 764/982Kb lim: 12901 exec/s: 3593 rss: 78Mb L: 525/12901 MS: 1 EraseBytes-
#298350	REDUCE cov: 1501 ft: 4421 corp: 764/982Kb lim: 12901 exec/s: 3551 rss: 78Mb L: 408/12901 MS: 1 EraseBytes-
#298516	REDUCE cov: 1501 ft: 4421 corp: 764/982Kb lim: 12901 exec/s: 3553 rss: 78Mb L: 534/12901 MS: 1 EraseBytes-
#298629	NEW    cov: 1501 ft: 4423 corp: 765/986Kb lim: 12901 exec/s: 3555 rss: 78Mb L: 4362/12901 MS: 3 CrossOver-ChangeASCIIInt-PersAutoDict- DE: "\012\000"-
#298920	REDUCE cov: 1501 ft: 4423 corp: 765/986Kb lim: 12901 exec/s: 3558 rss: 78Mb L: 57/12901 MS: 1 EraseBytes-
#299132	REDUCE cov: 1501 ft: 4423 corp: 765/986Kb lim: 12901 exec/s: 3561 rss: 78Mb L: 225/12901 MS: 2 ChangeByte-EraseBytes-
#299504	REDUCE cov: 1501 ft: 4423 corp: 765/986Kb lim: 12901 exec/s: 3565 rss: 78Mb L: 1790/12901 MS: 2 InsertRepeatedBytes-EraseBytes-
#299640	REDUCE cov: 1501 ft: 4423 corp: 765/986Kb lim: 12901 exec/s: 3567 rss: 78Mb L: 441/12901 MS: 1 EraseBytes-
#300041	NEW    cov: 1501 ft: 4424 corp: 766/995Kb lim: 12901 exec/s: 3571 rss: 78Mb L: 8831/12901 MS: 1 PersAutoDict- DE: "\012\000"-
#300157	REDUCE cov: 1501 ft: 4424 corp: 766/994Kb lim: 12901 exec/s: 3573 rss: 78Mb L: 593/12901 MS: 1 EraseBytes-
#300179	REDUCE cov: 1502 ft: 4425 corp: 767/995Kb lim: 12901 exec/s: 3573 rss: 78Mb L: 574/12901 MS: 2 CopyPart-ShuffleBytes-
#300245	REDUCE cov: 1502 ft: 4425 corp: 767/995Kb lim: 12901 exec/s: 3574 rss: 78Mb L: 245/12901 MS: 1 EraseBytes-
#300292	REDUCE cov: 1502 ft: 4425 corp: 767/995Kb lim: 12901 exec/s: 3574 rss: 78Mb L: 870/12901 MS: 2 ChangeBinInt-EraseBytes-
#301670	REDUCE cov: 1502 ft: 4425 corp: 767/995Kb lim: 12901 exec/s: 3591 rss: 78Mb L: 452/12901 MS: 3 ChangeBinInt-ShuffleBytes-EraseBytes-
#302356	NEW    cov: 1503 ft: 4427 corp: 768/995Kb lim: 12901 exec/s: 3599 rss: 78Mb L: 550/12901 MS: 1 ShuffleBytes-
#302486	REDUCE cov: 1503 ft: 4427 corp: 768/995Kb lim: 12901 exec/s: 3601 rss: 78Mb L: 112/12901 MS: 5 PersAutoDict-InsertRepeatedBytes-ChangeByte-CrossOver-EraseBytes- DE: "H\000\000\000"-
#302672	REDUCE cov: 1503 ft: 4427 corp: 768/995Kb lim: 12901 exec/s: 3603 rss: 78Mb L: 384/12901 MS: 1 EraseBytes-
#302919	REDUCE cov: 1503 ft: 4427 corp: 768/995Kb lim: 12901 exec/s: 3563 rss: 78Mb L: 201/12901 MS: 2 ChangeBit-EraseBytes-
#303815	REDUCE cov: 1503 ft: 4427 corp: 768/995Kb lim: 12901 exec/s: 3574 rss: 78Mb L: 407/12901 MS: 1 EraseBytes-
#303921	REDUCE cov: 1503 ft: 4427 corp: 768/995Kb lim: 12901 exec/s: 3575 rss: 78Mb L: 128/12901 MS: 1 EraseBytes-
#305202	REDUCE cov: 1503 ft: 4427 corp: 768/995Kb lim: 12901 exec/s: 3590 rss: 78Mb L: 143/12901 MS: 1 EraseBytes-
#307244	REDUCE cov: 1503 ft: 4427 corp: 768/995Kb lim: 12901 exec/s: 3572 rss: 78Mb L: 17/12901 MS: 2 ChangeByte-EraseBytes-
#307736	REDUCE cov: 1503 ft: 4427 corp: 768/995Kb lim: 12901 exec/s: 3578 rss: 78Mb L: 71/12901 MS: 2 ChangeByte-EraseBytes-
#308308	REDUCE cov: 1503 ft: 4427 corp: 768/995Kb lim: 12901 exec/s: 3584 rss: 78Mb L: 174/12901 MS: 2 ChangeBit-EraseBytes-
#308635	REDUCE cov: 1503 ft: 4427 corp: 768/995Kb lim: 12901 exec/s: 3588 rss: 78Mb L: 463/12901 MS: 2 ChangeBit-EraseBytes-
#309087	REDUCE cov: 1503 ft: 4427 corp: 768/995Kb lim: 12901 exec/s: 3594 rss: 78Mb L: 265/12901 MS: 2 ChangeByte-EraseBytes-
#309211	REDUCE cov: 1503 ft: 4427 corp: 768/995Kb lim: 12901 exec/s: 3595 rss: 78Mb L: 706/12901 MS: 4 CMP-ShuffleBytes-InsertByte-EraseBytes- DE: "\031\000\000\000\000\000\000\000"-
#309582	REDUCE cov: 1503 ft: 4427 corp: 768/995Kb lim: 12901 exec/s: 3599 rss: 78Mb L: 202/12901 MS: 1 EraseBytes-
#309641	NEW    cov: 1503 ft: 4429 corp: 769/996Kb lim: 12901 exec/s: 3600 rss: 78Mb L: 937/12901 MS: 4 ChangeASCIIInt-InsertRepeatedBytes-ChangeByte-InsertByte-
#310112	REDUCE cov: 1503 ft: 4429 corp: 769/996Kb lim: 12901 exec/s: 3605 rss: 78Mb L: 381/12901 MS: 1 EraseBytes-
#310158	REDUCE cov: 1503 ft: 4429 corp: 769/996Kb lim: 12901 exec/s: 3606 rss: 78Mb L: 374/12901 MS: 1 EraseBytes-
#312109	REDUCE cov: 1503 ft: 4429 corp: 769/996Kb lim: 12901 exec/s: 3587 rss: 78Mb L: 3419/12901 MS: 1 EraseBytes-
#312185	REDUCE cov: 1503 ft: 4429 corp: 769/996Kb lim: 12901 exec/s: 3588 rss: 78Mb L: 365/12901 MS: 1 EraseBytes-
#312206	REDUCE cov: 1503 ft: 4429 corp: 769/996Kb lim: 12901 exec/s: 3588 rss: 78Mb L: 53/12901 MS: 1 EraseBytes-
#312363	REDUCE cov: 1503 ft: 4429 corp: 769/996Kb lim: 12901 exec/s: 3590 rss: 78Mb L: 258/12901 MS: 2 InsertByte-EraseBytes-
#312369	REDUCE cov: 1503 ft: 4429 corp: 769/996Kb lim: 12901 exec/s: 3590 rss: 78Mb L: 94/12901 MS: 1 EraseBytes-
#312981	NEW    cov: 1503 ft: 4434 corp: 770/996Kb lim: 12901 exec/s: 3597 rss: 78Mb L: 489/12901 MS: 2 CMP-CopyPart- DE: "\000\000\000\000\000\000\000\017"-
#313208	REDUCE cov: 1503 ft: 4434 corp: 770/996Kb lim: 12901 exec/s: 3600 rss: 78Mb L: 2664/12901 MS: 2 EraseBytes-CrossOver-
#313430	REDUCE cov: 1503 ft: 4434 corp: 770/996Kb lim: 12901 exec/s: 3602 rss: 78Mb L: 287/12901 MS: 2 ChangeBit-EraseBytes-
#313521	REDUCE cov: 1503 ft: 4434 corp: 770/996Kb lim: 12901 exec/s: 3603 rss: 78Mb L: 275/12901 MS: 1 EraseBytes-
#313582	REDUCE cov: 1503 ft: 4434 corp: 770/996Kb lim: 12901 exec/s: 3604 rss: 78Mb L: 1368/12901 MS: 1 EraseBytes-
#314409	REDUCE cov: 1503 ft: 4434 corp: 770/996Kb lim: 12901 exec/s: 3613 rss: 78Mb L: 860/12901 MS: 2 EraseBytes-InsertByte-
#314491	REDUCE cov: 1503 ft: 4434 corp: 770/996Kb lim: 12901 exec/s: 3614 rss: 78Mb L: 234/12901 MS: 2 InsertByte-EraseBytes-
#314792	REDUCE cov: 1503 ft: 4434 corp: 770/996Kb lim: 12901 exec/s: 3618 rss: 78Mb L: 518/12901 MS: 1 EraseBytes-
#315153	REDUCE cov: 1503 ft: 4434 corp: 770/995Kb lim: 12901 exec/s: 3622 rss: 78Mb L: 268/12901 MS: 1 EraseBytes-
#315292	REDUCE cov: 1503 ft: 4434 corp: 770/995Kb lim: 12901 exec/s: 3624 rss: 78Mb L: 402/12901 MS: 4 ShuffleBytes-ShuffleBytes-ChangeBinInt-EraseBytes-
#315439	REDUCE cov: 1503 ft: 4434 corp: 770/995Kb lim: 12901 exec/s: 3625 rss: 78Mb L: 2040/12901 MS: 2 CopyPart-EraseBytes-
#315561	REDUCE cov: 1503 ft: 4434 corp: 770/995Kb lim: 12901 exec/s: 3585 rss: 78Mb L: 837/12901 MS: 2 ChangeASCIIInt-EraseBytes-
#316124	REDUCE cov: 1503 ft: 4436 corp: 771/996Kb lim: 12901 exec/s: 3592 rss: 78Mb L: 696/12901 MS: 3 PersAutoDict-CrossOver-ChangeBinInt- DE: "B\000\000\000"-
#316883	REDUCE cov: 1503 ft: 4436 corp: 771/996Kb lim: 12901 exec/s: 3600 rss: 78Mb L: 228/12901 MS: 4 ShuffleBytes-ShuffleBytes-PersAutoDict-EraseBytes- DE: "\000\000\000\000\000\000\000\325"-
#318010	REDUCE cov: 1503 ft: 4436 corp: 771/996Kb lim: 12901 exec/s: 3613 rss: 78Mb L: 476/12901 MS: 2 CopyPart-EraseBytes-
#318101	REDUCE cov: 1503 ft: 4436 corp: 771/996Kb lim: 12901 exec/s: 3614 rss: 78Mb L: 172/12901 MS: 1 EraseBytes-
#318102	NEW    cov: 1503 ft: 4438 corp: 772/996Kb lim: 12901 exec/s: 3614 rss: 78Mb L: 489/12901 MS: 1 ShuffleBytes-
#318269	REDUCE cov: 1503 ft: 4438 corp: 772/996Kb lim: 12901 exec/s: 3616 rss: 78Mb L: 333/12901 MS: 2 PersAutoDict-EraseBytes- DE: "sYpH"-
#318452	REDUCE cov: 1503 ft: 4438 corp: 772/996Kb lim: 12901 exec/s: 3618 rss: 78Mb L: 4225/12901 MS: 3 ShuffleBytes-CopyPart-EraseBytes-
#319293	REDUCE cov: 1503 ft: 4438 corp: 772/996Kb lim: 12901 exec/s: 3628 rss: 78Mb L: 1619/12901 MS: 1 EraseBytes-
#319409	REDUCE cov: 1503 ft: 4438 corp: 772/996Kb lim: 12901 exec/s: 3629 rss: 78Mb L: 148/12901 MS: 1 EraseBytes-
#319545	NEW    cov: 1503 ft: 4439 corp: 773/1005Kb lim: 12901 exec/s: 3631 rss: 78Mb L: 8831/12901 MS: 1 ShuffleBytes-
#319796	REDUCE cov: 1503 ft: 4439 corp: 773/1005Kb lim: 12901 exec/s: 3634 rss: 78Mb L: 402/12901 MS: 1 EraseBytes-
#320597	REDUCE cov: 1503 ft: 4439 corp: 773/1005Kb lim: 12901 exec/s: 3602 rss: 78Mb L: 390/12901 MS: 1 EraseBytes-
#320834	REDUCE cov: 1503 ft: 4439 corp: 773/1005Kb lim: 12901 exec/s: 3604 rss: 78Mb L: 758/12901 MS: 2 ChangeBinInt-EraseBytes-
#321165	REDUCE cov: 1503 ft: 4439 corp: 773/1005Kb lim: 12901 exec/s: 3608 rss: 78Mb L: 143/12901 MS: 1 EraseBytes-
#321502	REDUCE cov: 1503 ft: 4439 corp: 773/1005Kb lim: 12901 exec/s: 3612 rss: 78Mb L: 184/12901 MS: 2 CrossOver-EraseBytes-
#321518	REDUCE cov: 1503 ft: 4439 corp: 773/1005Kb lim: 12901 exec/s: 3612 rss: 78Mb L: 45/12901 MS: 1 EraseBytes-
#322771	REDUCE cov: 1503 ft: 4439 corp: 773/1005Kb lim: 12901 exec/s: 3626 rss: 78Mb L: 87/12901 MS: 3 ShuffleBytes-CopyPart-EraseBytes-
#322948	REDUCE cov: 1503 ft: 4439 corp: 773/1004Kb lim: 12901 exec/s: 3628 rss: 78Mb L: 403/12901 MS: 2 ChangeByte-EraseBytes-
#322996	REDUCE cov: 1503 ft: 4439 corp: 773/1004Kb lim: 12901 exec/s: 3629 rss: 78Mb L: 160/12901 MS: 3 PersAutoDict-ChangeByte-EraseBytes- DE: "\364\377\377\377"-
#323045	REDUCE cov: 1503 ft: 4439 corp: 773/1004Kb lim: 12901 exec/s: 3629 rss: 78Mb L: 3910/12901 MS: 4 CMP-ChangeBinInt-CopyPart-EraseBytes- DE: "\303\000\000\000\000\000\000\000"-
#323543	REDUCE cov: 1503 ft: 4439 corp: 773/1004Kb lim: 12901 exec/s: 3635 rss: 78Mb L: 2027/12901 MS: 3 CMP-ChangeByte-EraseBytes- DE: "\010\000\000\000\000\000\000\000"-
#323861	REDUCE cov: 1503 ft: 4439 corp: 773/1004Kb lim: 12901 exec/s: 3638 rss: 78Mb L: 192/12901 MS: 3 ChangeBit-EraseBytes-InsertByte-
#324367	REDUCE cov: 1503 ft: 4439 corp: 773/1004Kb lim: 12901 exec/s: 3644 rss: 78Mb L: 64/12901 MS: 1 EraseBytes-
#324574	REDUCE cov: 1503 ft: 4439 corp: 773/1004Kb lim: 12901 exec/s: 3646 rss: 78Mb L: 788/12901 MS: 2 ChangeBit-EraseBytes-
#325145	REDUCE cov: 1503 ft: 4439 corp: 773/1004Kb lim: 12901 exec/s: 3612 rss: 78Mb L: 193/12901 MS: 1 EraseBytes-
#325852	REDUCE cov: 1503 ft: 4439 corp: 773/1004Kb lim: 12901 exec/s: 3620 rss: 78Mb L: 127/12901 MS: 2 InsertByte-EraseBytes-
#326233	REDUCE cov: 1503 ft: 4439 corp: 773/1004Kb lim: 12901 exec/s: 3624 rss: 78Mb L: 861/12901 MS: 1 EraseBytes-
#326920	REDUCE cov: 1503 ft: 4439 corp: 773/1003Kb lim: 12901 exec/s: 3632 rss: 78Mb L: 736/12901 MS: 2 CrossOver-EraseBytes-
#327178	REDUCE cov: 1504 ft: 4440 corp: 774/1004Kb lim: 12901 exec/s: 3635 rss: 78Mb L: 512/12901 MS: 3 CrossOver-PersAutoDict-CMP- DE: "\004\000"-"sTER"-
#327329	REDUCE cov: 1504 ft: 4440 corp: 774/1004Kb lim: 12901 exec/s: 3636 rss: 78Mb L: 309/12901 MS: 1 EraseBytes-
#327515	REDUCE cov: 1504 ft: 4440 corp: 774/1004Kb lim: 12901 exec/s: 3639 rss: 78Mb L: 2201/12901 MS: 1 EraseBytes-
#327926	REDUCE cov: 1504 ft: 4440 corp: 774/1004Kb lim: 12901 exec/s: 3643 rss: 78Mb L: 241/12901 MS: 1 EraseBytes-
#327947	REDUCE cov: 1504 ft: 4440 corp: 774/1004Kb lim: 12901 exec/s: 3643 rss: 78Mb L: 470/12901 MS: 1 EraseBytes-
#328033	REDUCE cov: 1504 ft: 4440 corp: 774/1004Kb lim: 12901 exec/s: 3644 rss: 78Mb L: 428/12901 MS: 1 EraseBytes-
#328539	REDUCE cov: 1505 ft: 4441 corp: 775/1004Kb lim: 12901 exec/s: 3650 rss: 78Mb L: 468/12901 MS: 1 ShuffleBytes-
#328874	REDUCE cov: 1505 ft: 4441 corp: 775/1004Kb lim: 12901 exec/s: 3654 rss: 78Mb L: 332/12901 MS: 5 ShuffleBytes-ChangeASCIIInt-InsertByte-InsertRepeatedBytes-EraseBytes-
#329282	REDUCE cov: 1505 ft: 4441 corp: 775/1004Kb lim: 12901 exec/s: 3658 rss: 78Mb L: 390/12901 MS: 3 InsertRepeatedBytes-EraseBytes-EraseBytes-
#330169	REDUCE cov: 1505 ft: 4441 corp: 775/1004Kb lim: 12901 exec/s: 3628 rss: 78Mb L: 754/12901 MS: 2 ShuffleBytes-EraseBytes-
#330869	REDUCE cov: 1505 ft: 4441 corp: 775/1004Kb lim: 12901 exec/s: 3635 rss: 78Mb L: 516/12901 MS: 5 ChangeBit-ChangeBit-CMP-ChangeByte-EraseBytes- DE: "\023\000\000\000\000\000\000\000"-
#330870	REDUCE cov: 1505 ft: 4441 corp: 775/1004Kb lim: 12901 exec/s: 3635 rss: 78Mb L: 390/12901 MS: 1 EraseBytes-
#331016	REDUCE cov: 1505 ft: 4441 corp: 775/1004Kb lim: 12901 exec/s: 3637 rss: 78Mb L: 797/12901 MS: 1 EraseBytes-
#331363	REDUCE cov: 1505 ft: 4441 corp: 775/1004Kb lim: 12901 exec/s: 3641 rss: 78Mb L: 60/12901 MS: 2 CopyPart-EraseBytes-
#331984	REDUCE cov: 1505 ft: 4441 corp: 775/1004Kb lim: 12901 exec/s: 3648 rss: 78Mb L: 16/12901 MS: 1 EraseBytes-
#332101	REDUCE cov: 1505 ft: 4441 corp: 775/1003Kb lim: 12901 exec/s: 3649 rss: 78Mb L: 87/12901 MS: 2 CopyPart-EraseBytes-
#333062	REDUCE cov: 1505 ft: 4441 corp: 775/1003Kb lim: 12901 exec/s: 3660 rss: 78Mb L: 123/12901 MS: 1 EraseBytes-
#333068	REDUCE cov: 1505 ft: 4441 corp: 775/1003Kb lim: 12901 exec/s: 3660 rss: 78Mb L: 247/12901 MS: 1 EraseBytes-
#333849	REDUCE cov: 1505 ft: 4441 corp: 775/1003Kb lim: 12901 exec/s: 3668 rss: 78Mb L: 62/12901 MS: 1 EraseBytes-
#334225	REDUCE cov: 1505 ft: 4441 corp: 775/1003Kb lim: 12901 exec/s: 3632 rss: 78Mb L: 626/12901 MS: 1 EraseBytes-
#334325	REDUCE cov: 1505 ft: 4441 corp: 775/1003Kb lim: 12901 exec/s: 3633 rss: 78Mb L: 2039/12901 MS: 5 CopyPart-ChangeBit-ChangeBit-ChangeBit-EraseBytes-
#334485	REDUCE cov: 1505 ft: 4441 corp: 775/1003Kb lim: 12901 exec/s: 3635 rss: 78Mb L: 838/12901 MS: 5 ShuffleBytes-CrossOver-ChangeByte-InsertRepeatedBytes-EraseBytes-
#334570	REDUCE cov: 1505 ft: 4441 corp: 775/1003Kb lim: 12901 exec/s: 3636 rss: 78Mb L: 419/12901 MS: 5 CrossOver-InsertRepeatedBytes-ShuffleBytes-ChangeByte-EraseBytes-
#334711	REDUCE cov: 1505 ft: 4441 corp: 775/1003Kb lim: 12901 exec/s: 3638 rss: 78Mb L: 106/12901 MS: 1 EraseBytes-
#334804	REDUCE cov: 1505 ft: 4441 corp: 775/1003Kb lim: 12901 exec/s: 3639 rss: 78Mb L: 182/12901 MS: 3 PersAutoDict-ChangeBinInt-EraseBytes- DE: "\000,"-
#337305	REDUCE cov: 1505 ft: 4441 corp: 775/1003Kb lim: 12901 exec/s: 3666 rss: 78Mb L: 55/12901 MS: 1 EraseBytes-
#338121	REDUCE cov: 1505 ft: 4441 corp: 775/1003Kb lim: 12901 exec/s: 3675 rss: 78Mb L: 2050/12901 MS: 1 EraseBytes-
#338344	REDUCE cov: 1505 ft: 4441 corp: 775/1003Kb lim: 12901 exec/s: 3677 rss: 78Mb L: 192/12901 MS: 3 InsertByte-EraseBytes-InsertRepeatedBytes-
#338825	REDUCE cov: 1505 ft: 4441 corp: 775/1003Kb lim: 12901 exec/s: 3643 rss: 78Mb L: 236/12901 MS: 1 EraseBytes-
#338896	REDUCE cov: 1505 ft: 4441 corp: 775/1003Kb lim: 12901 exec/s: 3644 rss: 78Mb L: 2061/12901 MS: 1 EraseBytes-
#338951	REDUCE cov: 1505 ft: 4441 corp: 775/1003Kb lim: 12901 exec/s: 3644 rss: 78Mb L: 223/12901 MS: 5 ShuffleBytes-ChangeBinInt-InsertByte-ShuffleBytes-EraseBytes-
#339492	REDUCE cov: 1505 ft: 4441 corp: 775/1003Kb lim: 12901 exec/s: 3650 rss: 78Mb L: 571/12901 MS: 1 EraseBytes-
#340615	REDUCE cov: 1505 ft: 4441 corp: 775/1003Kb lim: 12901 exec/s: 3662 rss: 78Mb L: 222/12901 MS: 3 ChangeBinInt-PersAutoDict-EraseBytes- DE: "\023\000\000\000\000\000\000\000"-
#341016	REDUCE cov: 1505 ft: 4441 corp: 775/1002Kb lim: 12901 exec/s: 3666 rss: 78Mb L: 3192/12901 MS: 1 EraseBytes-
#341468	REDUCE cov: 1505 ft: 4442 corp: 776/1003Kb lim: 12901 exec/s: 3671 rss: 78Mb L: 299/12901 MS: 2 ChangeBinInt-CopyPart-
#341784	REDUCE cov: 1505 ft: 4442 corp: 776/1002Kb lim: 12901 exec/s: 3675 rss: 78Mb L: 837/12901 MS: 1 EraseBytes-
#343156	REDUCE cov: 1505 ft: 4442 corp: 776/1002Kb lim: 12901 exec/s: 3650 rss: 78Mb L: 289/12901 MS: 2 ChangeBinInt-EraseBytes-
#343623	REDUCE cov: 1505 ft: 4442 corp: 776/1002Kb lim: 12901 exec/s: 3655 rss: 78Mb L: 768/12901 MS: 2 ChangeBit-EraseBytes-
#344704	REDUCE cov: 1505 ft: 4442 corp: 776/1002Kb lim: 12901 exec/s: 3667 rss: 78Mb L: 404/12901 MS: 1 EraseBytes-
#344850	REDUCE cov: 1505 ft: 4444 corp: 777/1002Kb lim: 12901 exec/s: 3668 rss: 78Mb L: 147/12901 MS: 1 PersAutoDict- DE: "\003\000\000\000"-
#344894	REDUCE cov: 1505 ft: 4444 corp: 777/1002Kb lim: 12901 exec/s: 3669 rss: 78Mb L: 2182/12901 MS: 4 EraseBytes-ChangeByte-ChangeASCIIInt-InsertRepeatedBytes-
#345372	REDUCE cov: 1505 ft: 4444 corp: 777/1002Kb lim: 12901 exec/s: 3674 rss: 78Mb L: 215/12901 MS: 3 ChangeBit-ChangeByte-EraseBytes-
#345373	REDUCE cov: 1505 ft: 4444 corp: 777/1002Kb lim: 12901 exec/s: 3674 rss: 78Mb L: 113/12901 MS: 1 EraseBytes-
#345455	REDUCE cov: 1505 ft: 4444 corp: 777/1002Kb lim: 12901 exec/s: 3675 rss: 78Mb L: 514/12901 MS: 2 ChangeByte-EraseBytes-
#345537	NEW    cov: 1505 ft: 4445 corp: 778/1015Kb lim: 12901 exec/s: 3675 rss: 78Mb L: 12901/12901 MS: 2 ChangeByte-PersAutoDict- DE: "\007\000"-
#346458	REDUCE cov: 1505 ft: 4445 corp: 778/1015Kb lim: 12901 exec/s: 3646 rss: 78Mb L: 157/12901 MS: 1 EraseBytes-
#346924	REDUCE cov: 1505 ft: 4446 corp: 779/1015Kb lim: 12901 exec/s: 3651 rss: 78Mb L: 241/12901 MS: 1 ChangeByte-
#347568	REDUCE cov: 1505 ft: 4446 corp: 779/1015Kb lim: 12901 exec/s: 3658 rss: 78Mb L: 8553/12901 MS: 4 ShuffleBytes-InsertRepeatedBytes-InsertByte-EraseBytes-
#347890	REDUCE cov: 1505 ft: 4446 corp: 779/1015Kb lim: 12901 exec/s: 3662 rss: 78Mb L: 118/12901 MS: 2 InsertRepeatedBytes-EraseBytes-
#348126	REDUCE cov: 1505 ft: 4446 corp: 779/1015Kb lim: 12901 exec/s: 3664 rss: 78Mb L: 384/12901 MS: 1 EraseBytes-
#348212	REDUCE cov: 1505 ft: 4446 corp: 779/1015Kb lim: 12901 exec/s: 3665 rss: 78Mb L: 332/12901 MS: 1 EraseBytes-
#348908	REDUCE cov: 1505 ft: 4449 corp: 780/1015Kb lim: 12901 exec/s: 3672 rss: 78Mb L: 222/12901 MS: 1 PersAutoDict- DE: "\003\000\000\000"-
#349416	REDUCE cov: 1505 ft: 4449 corp: 780/1015Kb lim: 12901 exec/s: 3678 rss: 78Mb L: 1527/12901 MS: 3 ShuffleBytes-ChangeBinInt-EraseBytes-
#349819	NEW    cov: 1505 ft: 4457 corp: 781/1015Kb lim: 12901 exec/s: 3643 rss: 78Mb L: 554/12901 MS: 3 InsertByte-ChangeByte-CrossOver-
#350139	REDUCE cov: 1505 ft: 4457 corp: 781/1015Kb lim: 12901 exec/s: 3647 rss: 78Mb L: 4307/12901 MS: 5 ShuffleBytes-PersAutoDict-InsertRepeatedBytes-InsertRepeatedBytes-EraseBytes- DE: "\037\000"-
#350492	REDUCE cov: 1505 ft: 4457 corp: 781/1015Kb lim: 12901 exec/s: 3650 rss: 78Mb L: 143/12901 MS: 3 InsertByte-ShuffleBytes-EraseBytes-
#351260	REDUCE cov: 1505 ft: 4457 corp: 781/1015Kb lim: 12901 exec/s: 3658 rss: 78Mb L: 126/12901 MS: 3 ShuffleBytes-CMP-EraseBytes- DE: "\376\377\377\377"-
#351376	REDUCE cov: 1505 ft: 4457 corp: 781/1015Kb lim: 12901 exec/s: 3660 rss: 78Mb L: 25/12901 MS: 1 EraseBytes-
#351635	REDUCE cov: 1505 ft: 4457 corp: 781/1015Kb lim: 12901 exec/s: 3662 rss: 78Mb L: 572/12901 MS: 4 InsertRepeatedBytes-InsertRepeatedBytes-ShuffleBytes-EraseBytes-
#351922	REDUCE cov: 1505 ft: 4457 corp: 781/1015Kb lim: 12901 exec/s: 3665 rss: 78Mb L: 1352/12901 MS: 2 EraseBytes-InsertRepeatedBytes-
#352759	REDUCE cov: 1505 ft: 4458 corp: 782/1015Kb lim: 12901 exec/s: 3674 rss: 78Mb L: 75/12901 MS: 2 ChangeByte-EraseBytes-
#353185	REDUCE cov: 1505 ft: 4458 corp: 782/1015Kb lim: 12901 exec/s: 3679 rss: 78Mb L: 242/12901 MS: 1 EraseBytes-
#353318	REDUCE cov: 1505 ft: 4458 corp: 782/1015Kb lim: 12901 exec/s: 3680 rss: 78Mb L: 323/12901 MS: 3 ChangeASCIIInt-ChangeByte-EraseBytes-
#353384	REDUCE cov: 1505 ft: 4458 corp: 782/1015Kb lim: 12901 exec/s: 3681 rss: 78Mb L: 426/12901 MS: 1 EraseBytes-
#353755	REDUCE cov: 1505 ft: 4458 corp: 782/1015Kb lim: 12901 exec/s: 3684 rss: 78Mb L: 183/12901 MS: 1 EraseBytes-
#354923	REDUCE cov: 1505 ft: 4458 corp: 782/1015Kb lim: 12901 exec/s: 3659 rss: 78Mb L: 692/12901 MS: 3 ChangeBit-PersAutoDict-EraseBytes- DE: "\266\001\000\000\000\000\000\000"-
#354990	REDUCE cov: 1505 ft: 4458 corp: 782/1015Kb lim: 12901 exec/s: 3659 rss: 78Mb L: 562/12901 MS: 2 CopyPart-EraseBytes-
#355451	REDUCE cov: 1505 ft: 4458 corp: 782/1015Kb lim: 12901 exec/s: 3664 rss: 78Mb L: 641/12901 MS: 1 EraseBytes-
#355657	REDUCE cov: 1505 ft: 4458 corp: 782/1015Kb lim: 12901 exec/s: 3666 rss: 78Mb L: 264/12901 MS: 1 EraseBytes-
#356163	REDUCE cov: 1505 ft: 4458 corp: 782/1015Kb lim: 12901 exec/s: 3671 rss: 78Mb L: 45/12901 MS: 1 EraseBytes-
#356409	REDUCE cov: 1505 ft: 4458 corp: 782/1015Kb lim: 12901 exec/s: 3674 rss: 78Mb L: 212/12901 MS: 1 EraseBytes-
#356785	REDUCE cov: 1505 ft: 4458 corp: 782/1015Kb lim: 12901 exec/s: 3678 rss: 78Mb L: 505/12901 MS: 1 EraseBytes-
#357307	REDUCE cov: 1505 ft: 4458 corp: 782/1015Kb lim: 12901 exec/s: 3683 rss: 78Mb L: 389/12901 MS: 2 InsertByte-EraseBytes-
#357814	REDUCE cov: 1505 ft: 4458 corp: 782/1015Kb lim: 12901 exec/s: 3688 rss: 78Mb L: 358/12901 MS: 2 ChangeBit-EraseBytes-
#358366	REDUCE cov: 1505 ft: 4458 corp: 782/1015Kb lim: 12901 exec/s: 3694 rss: 78Mb L: 309/12901 MS: 2 PersAutoDict-EraseBytes- DE: "\000\000\000\000"-
#358467	REDUCE cov: 1505 ft: 4458 corp: 782/1015Kb lim: 12901 exec/s: 3657 rss: 78Mb L: 241/12901 MS: 1 EraseBytes-
#358638	NEW    cov: 1505 ft: 4459 corp: 783/1023Kb lim: 12901 exec/s: 3659 rss: 78Mb L: 8831/12901 MS: 1 CMP- DE: "cLLI"-
#359464	REDUCE cov: 1505 ft: 4459 corp: 783/1023Kb lim: 12901 exec/s: 3668 rss: 78Mb L: 1388/12901 MS: 1 EraseBytes-
#359750	REDUCE cov: 1505 ft: 4459 corp: 783/1023Kb lim: 12901 exec/s: 3670 rss: 78Mb L: 145/12901 MS: 1 EraseBytes-
#359965	REDUCE cov: 1505 ft: 4459 corp: 783/1023Kb lim: 12901 exec/s: 3673 rss: 78Mb L: 8755/12901 MS: 5 InsertByte-CopyPart-ShuffleBytes-CopyPart-EraseBytes-
#360001	REDUCE cov: 1505 ft: 4459 corp: 783/1023Kb lim: 12901 exec/s: 3673 rss: 78Mb L: 380/12901 MS: 1 EraseBytes-
#360727	REDUCE cov: 1505 ft: 4459 corp: 783/1023Kb lim: 12901 exec/s: 3680 rss: 78Mb L: 36/12901 MS: 1 EraseBytes-
#360745	REDUCE cov: 1505 ft: 4459 corp: 783/1023Kb lim: 12901 exec/s: 3681 rss: 78Mb L: 466/12901 MS: 3 ShuffleBytes-ChangeBit-EraseBytes-
#361416	REDUCE cov: 1505 ft: 4459 corp: 783/1023Kb lim: 12901 exec/s: 3687 rss: 78Mb L: 493/12901 MS: 1 EraseBytes-
#362067	REDUCE cov: 1505 ft: 4459 corp: 783/1023Kb lim: 12901 exec/s: 3657 rss: 78Mb L: 281/12901 MS: 1 EraseBytes-
#362934	REDUCE cov: 1505 ft: 4459 corp: 783/1023Kb lim: 12901 exec/s: 3666 rss: 78Mb L: 45/12901 MS: 2 CopyPart-EraseBytes-
#364105	REDUCE cov: 1505 ft: 4459 corp: 783/1023Kb lim: 12901 exec/s: 3677 rss: 78Mb L: 233/12901 MS: 1 EraseBytes-
#364796	REDUCE cov: 1505 ft: 4459 corp: 783/1023Kb lim: 12901 exec/s: 3684 rss: 78Mb L: 326/12901 MS: 1 EraseBytes-
==14== libFuzzer: run interrupted; exiting
=== Fuzz run #3: output → build/out/my_fuzzer_run3 ===
INFO:__main__:Running: docker run --privileged --shm-size=2g --platform linux/amd64 --rm -e FUZZING_ENGINE=libfuzzer -e SANITIZER=address -e RUN_FUZZER_MODE=interactive -e HELPER=True -v /home/ursula/lab2/oss-fuzz/build/out/my_fuzzer_run3:/tmp/libpng_my_read_fuzzer_corpus -v /home/ursula/lab2/oss-fuzz/build/out/libpng:/out -t gcr.io/oss-fuzz-base/base-runner timeout 100 run_fuzzer libpng_my_read_fuzzer.
vm.mmap_rnd_bits = 28
rm: cannot remove '/tmp/libpng_my_read_fuzzer_corpus': Device or resource busy
Using seed corpus: libpng_my_read_fuzzer_seed_corpus.zip
/out/libpng_my_read_fuzzer -rss_limit_mb=2560 -timeout=25 /tmp/libpng_my_read_fuzzer_corpus < /dev/null
INFO: Running with entropic power schedule (0xFF, 100).
INFO: Seed: 2518555737
INFO: Loaded 1 modules   (5466 inline 8-bit counters): 5466 [0x55b35c140a68, 0x55b35c141fc2), 
INFO: Loaded 1 PC tables (5466 PCs): 5466 [0x55b35c141fc8,0x55b35c157568), 
INFO:      179 files found in /tmp/libpng_my_read_fuzzer_corpus
INFO: -max_len is not provided; libFuzzer will not generate inputs larger than 12901 bytes
INFO: seed corpus: files: 179 min: 104b max: 12901b total: 158464b rss: 32Mb
#180	INITED cov: 1139 ft: 1828 corp: 75/70Kb exec/s: 0 rss: 51Mb
	NEW_FUNC[1/2]: 0x55b35c051f40 in png_error /src/libpng/pngerror.c:41
	NEW_FUNC[2/2]: 0x55b35c055b90 in png_longjmp /src/libpng/pngerror.c:759
#182	NEW    cov: 1148 ft: 2050 corp: 76/71Kb lim: 12901 exec/s: 91 rss: 51Mb L: 1496/12901 MS: 2 ShuffleBytes-ShuffleBytes-
	NEW_FUNC[1/2]: 0x55b35c0548e0 in png_chunk_error /src/libpng/pngerror.c:482
	NEW_FUNC[2/2]: 0x55b35c054df0 in png_format_buffer /src/libpng/pngerror.c:436
#183	NEW    cov: 1159 ft: 2145 corp: 77/72Kb lim: 12901 exec/s: 91 rss: 51Mb L: 558/12901 MS: 1 ChangeBit-
	NEW_FUNC[1/3]: 0x55b35c0541f0 in png_chunk_warning /src/libpng/pngerror.c:498
	NEW_FUNC[2/3]: 0x55b35c055290 in png_chunk_benign_error /src/libpng/pngerror.c:516
#184	NEW    cov: 1186 ft: 2182 corp: 78/72Kb lim: 12901 exec/s: 92 rss: 51Mb L: 265/12901 MS: 1 ChangeBit-
#185	NEW    cov: 1187 ft: 2216 corp: 79/72Kb lim: 12901 exec/s: 92 rss: 51Mb L: 112/12901 MS: 1 ChangeBit-
#186	NEW    cov: 1187 ft: 2219 corp: 80/72Kb lim: 12901 exec/s: 93 rss: 51Mb L: 282/12901 MS: 1 CMP- DE: "sBIT"-
#187	NEW    cov: 1188 ft: 2242 corp: 81/73Kb lim: 12901 exec/s: 93 rss: 51Mb L: 205/12901 MS: 1 CMP- DE: "\376\377\377\377"-
#188	NEW    cov: 1191 ft: 2317 corp: 82/73Kb lim: 12901 exec/s: 94 rss: 51Mb L: 311/12901 MS: 1 ShuffleBytes-
#189	NEW    cov: 1191 ft: 2330 corp: 83/73Kb lim: 12901 exec/s: 94 rss: 51Mb L: 252/12901 MS: 1 InsertRepeatedBytes-
#190	NEW    cov: 1191 ft: 2409 corp: 84/73Kb lim: 12901 exec/s: 95 rss: 51Mb L: 241/12901 MS: 1 CMP- DE: "iTXt"-
#191	NEW    cov: 1191 ft: 2424 corp: 85/74Kb lim: 12901 exec/s: 95 rss: 51Mb L: 145/12901 MS: 1 CrossOver-
#192	NEW    cov: 1192 ft: 2429 corp: 86/74Kb lim: 12901 exec/s: 96 rss: 51Mb L: 325/12901 MS: 1 ChangeBit-
#193	NEW    cov: 1195 ft: 2436 corp: 87/74Kb lim: 12901 exec/s: 96 rss: 51Mb L: 311/12901 MS: 1 ChangeByte-
#194	NEW    cov: 1195 ft: 2449 corp: 88/78Kb lim: 12901 exec/s: 97 rss: 51Mb L: 4165/12901 MS: 1 InsertByte-
#195	NEW    cov: 1195 ft: 2451 corp: 89/79Kb lim: 12901 exec/s: 97 rss: 51Mb L: 587/12901 MS: 1 CrossOver-
	NEW_FUNC[1/1]: 0x55b35c055d30 in png_safe_error /src/libpng/pngerror.c:887
#196	NEW    cov: 1212 ft: 2485 corp: 90/80Kb lim: 12901 exec/s: 98 rss: 51Mb L: 777/12901 MS: 1 CMP- DE: "sPLT"-
#197	NEW    cov: 1215 ft: 2499 corp: 91/81Kb lim: 12901 exec/s: 98 rss: 51Mb L: 1314/12901 MS: 1 InsertByte-
#199	NEW    cov: 1216 ft: 2502 corp: 92/81Kb lim: 12901 exec/s: 99 rss: 51Mb L: 126/12901 MS: 2 ChangeByte-ChangeBinInt-
#201	NEW    cov: 1218 ft: 2507 corp: 93/81Kb lim: 12901 exec/s: 100 rss: 51Mb L: 326/12901 MS: 2 ShuffleBytes-InsertByte-
#202	NEW    cov: 1219 ft: 2508 corp: 94/82Kb lim: 12901 exec/s: 101 rss: 51Mb L: 499/12901 MS: 1 ChangeBinInt-
#203	NEW    cov: 1219 ft: 2509 corp: 95/83Kb lim: 12901 exec/s: 101 rss: 51Mb L: 1496/12901 MS: 1 CopyPart-
#204	NEW    cov: 1219 ft: 2520 corp: 96/83Kb lim: 12901 exec/s: 102 rss: 51Mb L: 216/12901 MS: 1 ChangeBit-
#205	NEW    cov: 1219 ft: 2540 corp: 97/84Kb lim: 12901 exec/s: 102 rss: 51Mb L: 126/12901 MS: 1 ShuffleBytes-
#211	NEW    cov: 1219 ft: 2551 corp: 98/84Kb lim: 12901 exec/s: 105 rss: 51Mb L: 172/12901 MS: 1 CMP- DE: "\000\000\000\000\000\000\000\000"-
#212	NEW    cov: 1219 ft: 2566 corp: 99/85Kb lim: 12901 exec/s: 106 rss: 51Mb L: 885/12901 MS: 1 InsertRepeatedBytes-
#213	NEW    cov: 1219 ft: 2567 corp: 100/85Kb lim: 12901 exec/s: 106 rss: 51Mb L: 139/12901 MS: 1 InsertByte-
#214	NEW    cov: 1220 ft: 2572 corp: 101/85Kb lim: 12901 exec/s: 107 rss: 51Mb L: 365/12901 MS: 1 CrossOver-
#215	NEW    cov: 1220 ft: 2574 corp: 102/85Kb lim: 12901 exec/s: 107 rss: 51Mb L: 164/12901 MS: 1 ChangeASCIIInt-
#216	NEW    cov: 1220 ft: 2588 corp: 103/89Kb lim: 12901 exec/s: 108 rss: 51Mb L: 4168/12901 MS: 1 PersAutoDict- DE: "sBIT"-
#217	NEW    cov: 1220 ft: 2592 corp: 104/89Kb lim: 12901 exec/s: 108 rss: 51Mb L: 104/12901 MS: 1 ChangeBinInt-
#218	NEW    cov: 1220 ft: 2647 corp: 105/92Kb lim: 12901 exec/s: 109 rss: 51Mb L: 2966/12901 MS: 1 CrossOver-
#219	NEW    cov: 1220 ft: 2656 corp: 106/93Kb lim: 12901 exec/s: 109 rss: 51Mb L: 1115/12901 MS: 1 EraseBytes-
#220	NEW    cov: 1220 ft: 2658 corp: 107/95Kb lim: 12901 exec/s: 110 rss: 51Mb L: 1448/12901 MS: 1 ChangeByte-
#222	NEW    cov: 1220 ft: 2664 corp: 108/95Kb lim: 12901 exec/s: 111 rss: 51Mb L: 274/12901 MS: 2 ChangeASCIIInt-ChangeBinInt-
#228	NEW    cov: 1221 ft: 2666 corp: 109/95Kb lim: 12901 exec/s: 114 rss: 51Mb L: 251/12901 MS: 1 InsertRepeatedBytes-
#233	REDUCE cov: 1221 ft: 2666 corp: 109/95Kb lim: 12901 exec/s: 116 rss: 51Mb L: 190/12901 MS: 5 PersAutoDict-ChangeASCIIInt-ShuffleBytes-ShuffleBytes-EraseBytes- DE: "\376\377\377\377"-
#237	NEW    cov: 1221 ft: 2667 corp: 110/96Kb lim: 12901 exec/s: 118 rss: 51Mb L: 606/12901 MS: 4 CrossOver-ChangeBinInt-InsertRepeatedBytes-CopyPart-
#238	NEW    cov: 1221 ft: 2673 corp: 111/96Kb lim: 12901 exec/s: 119 rss: 51Mb L: 255/12901 MS: 1 EraseBytes-
#241	NEW    cov: 1222 ft: 2683 corp: 112/97Kb lim: 12901 exec/s: 120 rss: 51Mb L: 1033/12901 MS: 3 ChangeASCIIInt-ChangeASCIIInt-ChangeByte-
#242	NEW    cov: 1222 ft: 2689 corp: 113/98Kb lim: 12901 exec/s: 121 rss: 51Mb L: 701/12901 MS: 1 InsertRepeatedBytes-
#243	NEW    cov: 1222 ft: 2700 corp: 114/99Kb lim: 12901 exec/s: 121 rss: 51Mb L: 1624/12901 MS: 1 ChangeASCIIInt-
#244	NEW    cov: 1222 ft: 2705 corp: 115/100Kb lim: 12901 exec/s: 122 rss: 51Mb L: 591/12901 MS: 1 CMP- DE: "\376\377\377\377\000\000\000\000"-
	NEW_FUNC[1/1]: 0x55b35c052600 in png_warning /src/libpng/pngerror.c:217
#245	NEW    cov: 1234 ft: 2726 corp: 116/101Kb lim: 12901 exec/s: 122 rss: 51Mb L: 672/12901 MS: 1 CopyPart-
#247	NEW    cov: 1234 ft: 2729 corp: 117/101Kb lim: 12901 exec/s: 123 rss: 51Mb L: 87/12901 MS: 2 ChangeBit-EraseBytes-
#253	NEW    cov: 1234 ft: 2732 corp: 118/101Kb lim: 12901 exec/s: 126 rss: 51Mb L: 138/12901 MS: 1 ChangeByte-
#254	NEW    cov: 1234 ft: 2738 corp: 119/105Kb lim: 12901 exec/s: 127 rss: 51Mb L: 4165/12901 MS: 1 InsertByte-
#255	NEW    cov: 1234 ft: 2739 corp: 120/105Kb lim: 12901 exec/s: 127 rss: 51Mb L: 244/12901 MS: 1 InsertRepeatedBytes-
#256	pulse  cov: 1234 ft: 2890 corp: 120/105Kb lim: 12901 exec/s: 128 rss: 51Mb
#256	NEW    cov: 1234 ft: 2890 corp: 121/114Kb lim: 12901 exec/s: 128 rss: 51Mb L: 8919/12901 MS: 1 InsertRepeatedBytes-
#259	NEW    cov: 1234 ft: 2916 corp: 122/118Kb lim: 12901 exec/s: 129 rss: 51Mb L: 4165/12901 MS: 3 CopyPart-CrossOver-CrossOver-
#266	NEW    cov: 1235 ft: 2926 corp: 123/118Kb lim: 12901 exec/s: 133 rss: 51Mb L: 507/12901 MS: 2 CrossOver-ChangeBit-
#267	REDUCE cov: 1235 ft: 2926 corp: 123/118Kb lim: 12901 exec/s: 133 rss: 51Mb L: 8628/12901 MS: 1 EraseBytes-
#269	NEW    cov: 1236 ft: 2927 corp: 124/118Kb lim: 12901 exec/s: 134 rss: 51Mb L: 126/12901 MS: 2 ChangeBit-ChangeByte-
#280	NEW    cov: 1236 ft: 2930 corp: 125/119Kb lim: 12901 exec/s: 140 rss: 51Mb L: 216/12901 MS: 1 CMP- DE: "\023\000\000\000\000\000\000\000"-
#281	NEW    cov: 1236 ft: 2932 corp: 126/119Kb lim: 12901 exec/s: 140 rss: 51Mb L: 787/12901 MS: 1 InsertRepeatedBytes-
#292	NEW    cov: 1236 ft: 2935 corp: 127/119Kb lim: 12901 exec/s: 146 rss: 51Mb L: 167/12901 MS: 1 ShuffleBytes-
#294	NEW    cov: 1236 ft: 2938 corp: 128/120Kb lim: 12901 exec/s: 147 rss: 51Mb L: 254/12901 MS: 2 ChangeASCIIInt-InsertByte-
#300	NEW    cov: 1236 ft: 2945 corp: 129/124Kb lim: 12901 exec/s: 150 rss: 51Mb L: 4164/12901 MS: 1 ChangeByte-
#301	NEW    cov: 1237 ft: 2946 corp: 130/124Kb lim: 12901 exec/s: 150 rss: 51Mb L: 316/12901 MS: 1 InsertRepeatedBytes-
#302	NEW    cov: 1237 ft: 2951 corp: 131/126Kb lim: 12901 exec/s: 151 rss: 51Mb L: 2021/12901 MS: 1 InsertByte-
#303	NEW    cov: 1237 ft: 2955 corp: 132/128Kb lim: 12901 exec/s: 151 rss: 51Mb L: 1624/12901 MS: 1 ShuffleBytes-
#314	NEW    cov: 1237 ft: 2956 corp: 133/128Kb lim: 12901 exec/s: 157 rss: 51Mb L: 530/12901 MS: 1 CopyPart-
#315	NEW    cov: 1237 ft: 2966 corp: 134/130Kb lim: 12901 exec/s: 157 rss: 51Mb L: 1452/12901 MS: 1 CMP- DE: "pCAL"-
#316	NEW    cov: 1238 ft: 2967 corp: 135/130Kb lim: 12901 exec/s: 158 rss: 51Mb L: 278/12901 MS: 1 ChangeBit-
#317	NEW    cov: 1238 ft: 2971 corp: 136/131Kb lim: 12901 exec/s: 158 rss: 51Mb L: 744/12901 MS: 1 PersAutoDict- DE: "\376\377\377\377\000\000\000\000"-
#318	NEW    cov: 1238 ft: 2973 corp: 137/131Kb lim: 12901 exec/s: 159 rss: 51Mb L: 313/12901 MS: 1 ChangeBinInt-
#319	NEW    cov: 1238 ft: 2975 corp: 138/131Kb lim: 12901 exec/s: 159 rss: 51Mb L: 274/12901 MS: 1 ChangeASCIIInt-
#323	NEW    cov: 1238 ft: 2978 corp: 139/132Kb lim: 12901 exec/s: 161 rss: 51Mb L: 890/12901 MS: 4 ChangeASCIIInt-CopyPart-ChangeBit-EraseBytes-
#324	NEW    cov: 1238 ft: 2983 corp: 140/135Kb lim: 12901 exec/s: 162 rss: 51Mb L: 2839/12901 MS: 1 ChangeBinInt-
#335	NEW    cov: 1238 ft: 2995 corp: 141/135Kb lim: 12901 exec/s: 167 rss: 51Mb L: 276/12901 MS: 1 CopyPart-
#336	NEW    cov: 1238 ft: 2997 corp: 142/135Kb lim: 12901 exec/s: 168 rss: 51Mb L: 274/12901 MS: 1 ChangeByte-
#337	NEW    cov: 1238 ft: 3000 corp: 143/137Kb lim: 12901 exec/s: 168 rss: 51Mb L: 1449/12901 MS: 1 InsertByte-
#338	NEW    cov: 1238 ft: 3001 corp: 144/139Kb lim: 12901 exec/s: 169 rss: 51Mb L: 2399/12901 MS: 1 CMP- DE: "\000\240"-
#352	NEW    cov: 1238 ft: 3003 corp: 145/142Kb lim: 12901 exec/s: 176 rss: 51Mb L: 3258/12901 MS: 4 ChangeByte-ChangeASCIIInt-InsertRepeatedBytes-CrossOver-
#358	NEW    cov: 1239 ft: 3005 corp: 146/142Kb lim: 12901 exec/s: 179 rss: 51Mb L: 181/12901 MS: 1 EraseBytes-
#359	NEW    cov: 1239 ft: 3009 corp: 147/143Kb lim: 12901 exec/s: 179 rss: 51Mb L: 216/12901 MS: 1 PersAutoDict- DE: "\376\377\377\377\000\000\000\000"-
#360	NEW    cov: 1240 ft: 3011 corp: 148/143Kb lim: 12901 exec/s: 180 rss: 51Mb L: 142/12901 MS: 1 ShuffleBytes-
#361	NEW    cov: 1240 ft: 3012 corp: 149/143Kb lim: 12901 exec/s: 180 rss: 51Mb L: 166/12901 MS: 1 EraseBytes-
#362	NEW    cov: 1240 ft: 3013 corp: 150/143Kb lim: 12901 exec/s: 181 rss: 51Mb L: 211/12901 MS: 1 InsertRepeatedBytes-
#379	NEW    cov: 1240 ft: 3045 corp: 151/146Kb lim: 12901 exec/s: 189 rss: 51Mb L: 2963/12901 MS: 2 ChangeBit-InsertRepeatedBytes-
#390	NEW    cov: 1241 ft: 3046 corp: 152/146Kb lim: 12901 exec/s: 195 rss: 51Mb L: 268/12901 MS: 1 CrossOver-
#394	NEW    cov: 1241 ft: 3047 corp: 153/147Kb lim: 12901 exec/s: 197 rss: 51Mb L: 426/12901 MS: 4 ShuffleBytes-PersAutoDict-InsertRepeatedBytes-InsertByte- DE: "iTXt"-
#399	NEW    cov: 1244 ft: 3050 corp: 154/147Kb lim: 12901 exec/s: 199 rss: 51Mb L: 613/12901 MS: 5 CrossOver-ChangeBinInt-ChangeASCIIInt-ChangeByte-InsertByte-
#406	NEW    cov: 1247 ft: 3053 corp: 155/148Kb lim: 12901 exec/s: 203 rss: 51Mb L: 533/12901 MS: 2 ShuffleBytes-CopyPart-
#418	NEW    cov: 1247 ft: 3054 corp: 156/148Kb lim: 12901 exec/s: 209 rss: 51Mb L: 365/12901 MS: 2 ChangeBit-CopyPart-
#420	NEW    cov: 1248 ft: 3060 corp: 157/149Kb lim: 12901 exec/s: 210 rss: 51Mb L: 311/12901 MS: 2 ChangeByte-ChangeBit-
#426	NEW    cov: 1248 ft: 3062 corp: 158/150Kb lim: 12901 exec/s: 213 rss: 51Mb L: 1625/12901 MS: 1 InsertByte-
#432	NEW    cov: 1248 ft: 3069 corp: 159/159Kb lim: 12901 exec/s: 216 rss: 51Mb L: 8831/12901 MS: 1 ChangeByte-
#439	NEW    cov: 1249 ft: 3070 corp: 160/159Kb lim: 12901 exec/s: 219 rss: 51Mb L: 321/12901 MS: 2 CMP-ChangeBinInt- DE: "\010\000\000\000\000\000\000\000"-
#440	NEW    cov: 1250 ft: 3073 corp: 161/159Kb lim: 12901 exec/s: 220 rss: 51Mb L: 333/12901 MS: 1 InsertRepeatedBytes-
#447	NEW    cov: 1250 ft: 3074 corp: 162/160Kb lim: 12901 exec/s: 223 rss: 51Mb L: 456/12901 MS: 2 CMP-CrossOver- DE: "sTER"-
#458	NEW    cov: 1250 ft: 3078 corp: 163/168Kb lim: 12901 exec/s: 229 rss: 51Mb L: 8831/12901 MS: 1 CrossOver-
#470	NEW    cov: 1250 ft: 3081 corp: 164/170Kb lim: 12901 exec/s: 235 rss: 51Mb L: 1641/12901 MS: 2 ChangeBinInt-PersAutoDict- DE: "\000\000\000\000\000\000\000\000"-
#472	NEW    cov: 1251 ft: 3086 corp: 165/179Kb lim: 12901 exec/s: 236 rss: 51Mb L: 8831/12901 MS: 2 ChangeBit-ShuffleBytes-
#473	NEW    cov: 1251 ft: 3087 corp: 166/179Kb lim: 12901 exec/s: 236 rss: 51Mb L: 390/12901 MS: 1 CrossOver-
#490	NEW    cov: 1251 ft: 3094 corp: 167/179Kb lim: 12901 exec/s: 245 rss: 51Mb L: 311/12901 MS: 2 CrossOver-ChangeBit-
#500	NEW    cov: 1252 ft: 3098 corp: 168/180Kb lim: 12901 exec/s: 250 rss: 51Mb L: 233/12901 MS: 5 CrossOver-EraseBytes-PersAutoDict-CMP-CMP- DE: "sTER"-"\001\000\000\000\000\000\000\303"-"\001\020"-
#512	pulse  cov: 1252 ft: 3098 corp: 168/180Kb lim: 12901 exec/s: 256 rss: 51Mb
#517	NEW    cov: 1253 ft: 3099 corp: 169/180Kb lim: 12901 exec/s: 258 rss: 51Mb L: 213/12901 MS: 2 InsertByte-InsertRepeatedBytes-
#520	NEW    cov: 1253 ft: 3101 corp: 170/186Kb lim: 12901 exec/s: 260 rss: 51Mb L: 6565/12901 MS: 3 InsertByte-CopyPart-EraseBytes-
#533	NEW    cov: 1253 ft: 3102 corp: 171/189Kb lim: 12901 exec/s: 266 rss: 51Mb L: 2819/12901 MS: 3 InsertByte-ChangeBit-CrossOver-
#536	REDUCE cov: 1253 ft: 3102 corp: 171/189Kb lim: 12901 exec/s: 268 rss: 51Mb L: 181/12901 MS: 3 ShuffleBytes-ChangeASCIIInt-EraseBytes-
#537	NEW    cov: 1253 ft: 3103 corp: 172/192Kb lim: 12901 exec/s: 268 rss: 51Mb L: 2636/12901 MS: 1 InsertRepeatedBytes-
#538	NEW    cov: 1253 ft: 3107 corp: 173/192Kb lim: 12901 exec/s: 269 rss: 51Mb L: 199/12901 MS: 1 InsertByte-
#540	NEW    cov: 1254 ft: 3108 corp: 174/192Kb lim: 12901 exec/s: 270 rss: 51Mb L: 165/12901 MS: 2 ShuffleBytes-EraseBytes-
#553	NEW    cov: 1254 ft: 3109 corp: 175/193Kb lim: 12901 exec/s: 276 rss: 51Mb L: 1126/12901 MS: 3 InsertByte-ChangeBit-CopyPart-
#564	REDUCE cov: 1254 ft: 3109 corp: 175/193Kb lim: 12901 exec/s: 282 rss: 51Mb L: 473/12901 MS: 1 EraseBytes-
#570	NEW    cov: 1254 ft: 3115 corp: 176/193Kb lim: 12901 exec/s: 285 rss: 51Mb L: 142/12901 MS: 1 ShuffleBytes-
#576	NEW    cov: 1255 ft: 3116 corp: 177/193Kb lim: 12901 exec/s: 288 rss: 51Mb L: 311/12901 MS: 1 ChangeBit-
#577	NEW    cov: 1255 ft: 3118 corp: 178/194Kb lim: 12901 exec/s: 288 rss: 51Mb L: 201/12901 MS: 1 PersAutoDict- DE: "\000\240"-
#584	NEW    cov: 1255 ft: 3119 corp: 179/195Kb lim: 12901 exec/s: 292 rss: 51Mb L: 1625/12901 MS: 2 ShuffleBytes-CMP- DE: "\023\000\000\000"-
#615	NEW    cov: 1255 ft: 3140 corp: 180/195Kb lim: 12901 exec/s: 307 rss: 51Mb L: 216/12901 MS: 1 CrossOver-
#637	REDUCE cov: 1255 ft: 3141 corp: 181/204Kb lim: 12901 exec/s: 318 rss: 51Mb L: 8678/12901 MS: 2 ChangeBit-InsertRepeatedBytes-
#638	NEW    cov: 1255 ft: 3144 corp: 182/204Kb lim: 12901 exec/s: 319 rss: 51Mb L: 685/12901 MS: 1 InsertByte-
#650	NEW    cov: 1255 ft: 3148 corp: 183/205Kb lim: 12901 exec/s: 325 rss: 51Mb L: 913/12901 MS: 2 ChangeBit-InsertRepeatedBytes-
#651	NEW    cov: 1256 ft: 3149 corp: 184/206Kb lim: 12901 exec/s: 325 rss: 51Mb L: 282/12901 MS: 1 ChangeBinInt-
#657	NEW    cov: 1256 ft: 3158 corp: 185/206Kb lim: 12901 exec/s: 328 rss: 51Mb L: 327/12901 MS: 1 PersAutoDict- DE: "\001\020"-
#668	NEW    cov: 1256 ft: 3159 corp: 186/206Kb lim: 12901 exec/s: 334 rss: 51Mb L: 317/12901 MS: 1 InsertRepeatedBytes-
#674	NEW    cov: 1256 ft: 3165 corp: 187/207Kb lim: 12901 exec/s: 337 rss: 51Mb L: 237/12901 MS: 1 CrossOver-
#680	NEW    cov: 1257 ft: 3166 corp: 188/208Kb lim: 12901 exec/s: 340 rss: 51Mb L: 1448/12901 MS: 1 ChangeByte-
#692	NEW    cov: 1257 ft: 3173 corp: 189/209Kb lim: 12901 exec/s: 346 rss: 63Mb L: 908/12901 MS: 2 InsertRepeatedBytes-ShuffleBytes-
#700	NEW    cov: 1257 ft: 3175 corp: 190/209Kb lim: 12901 exec/s: 350 rss: 63Mb L: 146/12901 MS: 3 ChangeByte-CMP-ChangeBit- DE: "\025\000"-
#706	NEW    cov: 1257 ft: 3177 corp: 191/210Kb lim: 12901 exec/s: 353 rss: 63Mb L: 638/12901 MS: 1 EraseBytes-
#722	NEW    cov: 1257 ft: 3179 corp: 192/211Kb lim: 12901 exec/s: 361 rss: 63Mb L: 1496/12901 MS: 1 ChangeBinInt-
#723	NEW    cov: 1260 ft: 3182 corp: 193/211Kb lim: 12901 exec/s: 361 rss: 63Mb L: 142/12901 MS: 1 ShuffleBytes-
#725	NEW    cov: 1260 ft: 3190 corp: 194/212Kb lim: 12901 exec/s: 362 rss: 63Mb L: 1317/12901 MS: 2 ChangeBit-CMP- DE: "hIST"-
#726	NEW    cov: 1260 ft: 3193 corp: 195/213Kb lim: 12901 exec/s: 363 rss: 63Mb L: 908/12901 MS: 1 ChangeByte-
#727	NEW    cov: 1265 ft: 3201 corp: 196/214Kb lim: 12901 exec/s: 363 rss: 63Mb L: 277/12901 MS: 1 CMP- DE: "\000\000\000\000\001\000\000\000"-
#748	NEW    cov: 1265 ft: 3202 corp: 197/216Kb lim: 12901 exec/s: 374 rss: 63Mb L: 2624/12901 MS: 1 ChangeBinInt-
#770	NEW    cov: 1266 ft: 3203 corp: 198/216Kb lim: 12901 exec/s: 385 rss: 63Mb L: 220/12901 MS: 2 ShuffleBytes-InsertRepeatedBytes-
#771	NEW    cov: 1266 ft: 3211 corp: 199/217Kb lim: 12901 exec/s: 385 rss: 63Mb L: 216/12901 MS: 1 ChangeBit-
#776	NEW    cov: 1266 ft: 3212 corp: 200/219Kb lim: 12901 exec/s: 388 rss: 63Mb L: 2840/12901 MS: 5 InsertByte-ShuffleBytes-ChangeByte-ChangeBinInt-ShuffleBytes-
#792	NEW    cov: 1266 ft: 3213 corp: 201/222Kb lim: 12901 exec/s: 396 rss: 63Mb L: 2304/12901 MS: 1 InsertRepeatedBytes-
#794	NEW    cov: 1269 ft: 3220 corp: 202/224Kb lim: 12901 exec/s: 397 rss: 63Mb L: 2640/12901 MS: 2 ChangeASCIIInt-PersAutoDict- DE: "pCAL"-
#800	NEW    cov: 1270 ft: 3221 corp: 203/224Kb lim: 12901 exec/s: 400 rss: 63Mb L: 278/12901 MS: 1 ChangeASCIIInt-
#814	NEW    cov: 1270 ft: 3226 corp: 204/225Kb lim: 12901 exec/s: 407 rss: 63Mb L: 193/12901 MS: 4 ChangeBit-PersAutoDict-InsertRepeatedBytes-ChangeBinInt- DE: "\010\000\000\000\000\000\000\000"-
#815	NEW    cov: 1274 ft: 3230 corp: 205/225Kb lim: 12901 exec/s: 407 rss: 63Mb L: 360/12901 MS: 1 EraseBytes-
#818	NEW    cov: 1274 ft: 3232 corp: 206/226Kb lim: 12901 exec/s: 409 rss: 63Mb L: 1448/12901 MS: 3 ShuffleBytes-ChangeByte-CMP- DE: "\021\000\000\000\000\000\000\000"-
#841	NEW    cov: 1274 ft: 3233 corp: 207/227Kb lim: 12901 exec/s: 420 rss: 63Mb L: 326/12901 MS: 3 ChangeByte-ChangeASCIIInt-CrossOver-
#851	NEW    cov: 1275 ft: 3235 corp: 208/228Kb lim: 12901 exec/s: 425 rss: 63Mb L: 771/12901 MS: 5 InsertRepeatedBytes-ChangeBinInt-ShuffleBytes-CrossOver-ChangeBit-
#862	NEW    cov: 1275 ft: 3238 corp: 209/230Kb lim: 12901 exec/s: 431 rss: 63Mb L: 2624/12901 MS: 1 PersAutoDict- DE: "\023\000\000\000"-
#863	NEW    cov: 1275 ft: 3239 corp: 210/233Kb lim: 12901 exec/s: 431 rss: 63Mb L: 3436/12901 MS: 1 InsertByte-
#886	NEW    cov: 1275 ft: 3240 corp: 211/234Kb lim: 12901 exec/s: 443 rss: 63Mb L: 165/12901 MS: 3 CopyPart-ShuffleBytes-CopyPart-
#887	NEW    cov: 1275 ft: 3244 corp: 212/240Kb lim: 12901 exec/s: 443 rss: 63Mb L: 7065/12901 MS: 1 EraseBytes-
#888	NEW    cov: 1276 ft: 3245 corp: 213/242Kb lim: 12901 exec/s: 444 rss: 63Mb L: 1624/12901 MS: 1 ShuffleBytes-
#890	NEW    cov: 1277 ft: 3246 corp: 214/244Kb lim: 12901 exec/s: 445 rss: 63Mb L: 1646/12901 MS: 2 InsertByte-CMP- DE: ";\000\000\000"-
#921	REDUCE cov: 1277 ft: 3246 corp: 214/244Kb lim: 12901 exec/s: 460 rss: 63Mb L: 136/12901 MS: 1 EraseBytes-
	NEW_FUNC[1/1]: 0x55b35c055330 in png_chunk_report /src/libpng/pngerror.c:532
#934	NEW    cov: 1281 ft: 3263 corp: 215/252Kb lim: 12901 exec/s: 467 rss: 63Mb L: 8832/12901 MS: 3 ChangeASCIIInt-ChangeBinInt-InsertByte-
#940	NEW    cov: 1281 ft: 3265 corp: 216/254Kb lim: 12901 exec/s: 470 rss: 63Mb L: 1496/12901 MS: 1 ChangeBinInt-
#946	NEW    cov: 1281 ft: 3266 corp: 217/255Kb lim: 12901 exec/s: 473 rss: 63Mb L: 1624/12901 MS: 1 ChangeASCIIInt-
#960	NEW    cov: 1282 ft: 3267 corp: 218/256Kb lim: 12901 exec/s: 480 rss: 63Mb L: 293/12901 MS: 4 PersAutoDict-EraseBytes-CrossOver-InsertByte- DE: "\376\377\377\377\000\000\000\000"-
#961	NEW    cov: 1282 ft: 3268 corp: 219/258Kb lim: 12901 exec/s: 480 rss: 63Mb L: 2045/12901 MS: 1 PersAutoDict- DE: "sPLT"-
#968	NEW    cov: 1282 ft: 3269 corp: 220/259Kb lim: 12901 exec/s: 484 rss: 63Mb L: 1563/12901 MS: 2 ChangeByte-InsertRepeatedBytes-
#999	NEW    cov: 1283 ft: 3271 corp: 221/262Kb lim: 12901 exec/s: 499 rss: 63Mb L: 2624/12901 MS: 1 ChangeASCIIInt-
#1002	NEW    cov: 1283 ft: 3288 corp: 222/264Kb lim: 12901 exec/s: 501 rss: 63Mb L: 2406/12901 MS: 3 ShuffleBytes-CopyPart-InsertRepeatedBytes-
#1008	NEW    cov: 1283 ft: 3292 corp: 223/265Kb lim: 12901 exec/s: 504 rss: 63Mb L: 777/12901 MS: 1 ChangeBinInt-
#1010	NEW    cov: 1283 ft: 3306 corp: 224/269Kb lim: 12901 exec/s: 505 rss: 63Mb L: 4164/12901 MS: 2 CrossOver-PersAutoDict- DE: "\025\000"-
#1017	NEW    cov: 1283 ft: 3309 corp: 225/269Kb lim: 12901 exec/s: 508 rss: 63Mb L: 104/12901 MS: 2 ShuffleBytes-ChangeASCIIInt-
#1023	NEW    cov: 1284 ft: 3310 corp: 226/271Kb lim: 12901 exec/s: 511 rss: 63Mb L: 2045/12901 MS: 1 ChangeByte-
#1024	pulse  cov: 1284 ft: 3314 corp: 226/271Kb lim: 12901 exec/s: 512 rss: 63Mb
#1024	REDUCE cov: 1284 ft: 3314 corp: 227/279Kb lim: 12901 exec/s: 512 rss: 63Mb L: 8709/12901 MS: 1 InsertRepeatedBytes-
#1026	NEW    cov: 1284 ft: 3315 corp: 228/282Kb lim: 12901 exec/s: 513 rss: 63Mb L: 2819/12901 MS: 2 ChangeASCIIInt-ChangeByte-
#1052	NEW    cov: 1284 ft: 3320 corp: 229/285Kb lim: 12901 exec/s: 526 rss: 63Mb L: 2819/12901 MS: 1 ChangeBinInt-
#1100	NEW    cov: 1284 ft: 3324 corp: 230/285Kb lim: 12901 exec/s: 550 rss: 63Mb L: 199/12901 MS: 3 ChangeASCIIInt-ChangeBinInt-ChangeBit-
#1111	NEW    cov: 1284 ft: 3326 corp: 231/285Kb lim: 12901 exec/s: 555 rss: 63Mb L: 274/12901 MS: 1 PersAutoDict- DE: "sTER"-
#1117	NEW    cov: 1284 ft: 3328 corp: 232/286Kb lim: 12901 exec/s: 558 rss: 63Mb L: 689/12901 MS: 1 PersAutoDict- DE: "sTER"-
#1118	REDUCE cov: 1284 ft: 3328 corp: 232/286Kb lim: 12901 exec/s: 559 rss: 63Mb L: 272/12901 MS: 1 EraseBytes-
#1142	REDUCE cov: 1284 ft: 3328 corp: 232/286Kb lim: 12901 exec/s: 571 rss: 63Mb L: 235/12901 MS: 4 ChangeASCIIInt-ChangeBinInt-InsertByte-EraseBytes-
#1144	NEW    cov: 1284 ft: 3329 corp: 233/287Kb lim: 12901 exec/s: 572 rss: 63Mb L: 777/12901 MS: 2 ChangeBinInt-ChangeBinInt-
#1155	NEW    cov: 1284 ft: 3330 corp: 234/287Kb lim: 12901 exec/s: 577 rss: 63Mb L: 432/12901 MS: 1 ChangeBit-
#1156	NEW    cov: 1284 ft: 3334 corp: 235/287Kb lim: 12901 exec/s: 578 rss: 63Mb L: 201/12901 MS: 1 ChangeByte-
#1169	NEW    cov: 1284 ft: 3337 corp: 236/290Kb lim: 12901 exec/s: 584 rss: 63Mb L: 2641/12901 MS: 3 ShuffleBytes-CopyPart-InsertByte-
#1175	NEW    cov: 1284 ft: 3341 corp: 237/290Kb lim: 12901 exec/s: 587 rss: 63Mb L: 146/12901 MS: 1 ChangeASCIIInt-
#1189	NEW    cov: 1284 ft: 3342 corp: 238/291Kb lim: 12901 exec/s: 594 rss: 63Mb L: 581/12901 MS: 4 CrossOver-InsertRepeatedBytes-CopyPart-InsertByte-
#1191	NEW    cov: 1284 ft: 3344 corp: 239/292Kb lim: 12901 exec/s: 595 rss: 63Mb L: 1625/12901 MS: 2 ChangeByte-ChangeByte-
#1203	NEW    cov: 1288 ft: 3348 corp: 240/296Kb lim: 12901 exec/s: 601 rss: 63Mb L: 3437/12901 MS: 2 InsertByte-CMP- DE: "eXIf"-
	NEW_FUNC[1/1]: 0x55b35c0867e0 in png_crc_finish /src/libpng/pngrutil.c:361
#1208	NEW    cov: 1291 ft: 3351 corp: 241/296Kb lim: 12901 exec/s: 604 rss: 63Mb L: 176/12901 MS: 5 CrossOver-ShuffleBytes-ChangeBinInt-EraseBytes-ChangeBit-
#1213	NEW    cov: 1293 ft: 3354 corp: 242/296Kb lim: 12901 exec/s: 606 rss: 63Mb L: 444/12901 MS: 5 ShuffleBytes-ShuffleBytes-ChangeByte-CopyPart-CrossOver-
#1218	NEW    cov: 1293 ft: 3362 corp: 243/297Kb lim: 12901 exec/s: 609 rss: 63Mb L: 437/12901 MS: 5 InsertRepeatedBytes-CrossOver-ChangeByte-InsertByte-ChangeBinInt-
#1219	NEW    cov: 1293 ft: 3363 corp: 244/298Kb lim: 12901 exec/s: 609 rss: 63Mb L: 1624/12901 MS: 1 ShuffleBytes-
#1265	NEW    cov: 1293 ft: 3366 corp: 245/299Kb lim: 12901 exec/s: 632 rss: 63Mb L: 309/12901 MS: 1 CrossOver-
#1269	NEW    cov: 1293 ft: 3373 corp: 246/299Kb lim: 12901 exec/s: 634 rss: 63Mb L: 306/12901 MS: 4 EraseBytes-ShuffleBytes-InsertByte-CopyPart-
#1270	NEW    cov: 1293 ft: 3377 corp: 247/299Kb lim: 12901 exec/s: 635 rss: 63Mb L: 499/12901 MS: 1 CrossOver-
#1298	NEW    cov: 1293 ft: 3388 corp: 248/302Kb lim: 12901 exec/s: 649 rss: 63Mb L: 2897/12901 MS: 3 ChangeBit-ChangeASCIIInt-CrossOver-
#1299	NEW    cov: 1293 ft: 3394 corp: 249/302Kb lim: 12901 exec/s: 649 rss: 63Mb L: 267/12901 MS: 1 ChangeASCIIInt-
#1301	NEW    cov: 1293 ft: 3401 corp: 250/303Kb lim: 12901 exec/s: 650 rss: 63Mb L: 290/12901 MS: 2 ChangeBinInt-CMP- DE: "\377\377\377\377"-
#1306	REDUCE cov: 1295 ft: 3403 corp: 251/312Kb lim: 12901 exec/s: 653 rss: 63Mb L: 9640/12901 MS: 5 EraseBytes-ChangeBit-ChangeBinInt-CrossOver-CMP- DE: "sPLT"-
#1337	NEW    cov: 1295 ft: 3404 corp: 252/312Kb lim: 12901 exec/s: 668 rss: 63Mb L: 164/12901 MS: 1 ChangeBinInt-
#1343	REDUCE cov: 1295 ft: 3404 corp: 252/312Kb lim: 12901 exec/s: 671 rss: 63Mb L: 446/12901 MS: 1 EraseBytes-
#1349	NEW    cov: 1295 ft: 3407 corp: 253/321Kb lim: 12901 exec/s: 674 rss: 63Mb L: 8678/12901 MS: 1 PersAutoDict- DE: "sTER"-
#1351	NEW    cov: 1296 ft: 3408 corp: 254/321Kb lim: 12901 exec/s: 675 rss: 63Mb L: 83/12901 MS: 2 EraseBytes-EraseBytes-
#1369	REDUCE cov: 1296 ft: 3408 corp: 254/321Kb lim: 12901 exec/s: 684 rss: 63Mb L: 207/12901 MS: 3 InsertRepeatedBytes-ChangeBit-EraseBytes-
#1371	REDUCE cov: 1296 ft: 3408 corp: 254/320Kb lim: 12901 exec/s: 685 rss: 63Mb L: 963/12901 MS: 2 ChangeBinInt-EraseBytes-
#1388	REDUCE cov: 1296 ft: 3408 corp: 254/320Kb lim: 12901 exec/s: 694 rss: 63Mb L: 97/12901 MS: 2 ChangeBinInt-EraseBytes-
#1389	NEW    cov: 1296 ft: 3411 corp: 255/320Kb lim: 12901 exec/s: 694 rss: 63Mb L: 267/12901 MS: 1 CrossOver-
#1431	NEW    cov: 1296 ft: 3414 corp: 256/322Kb lim: 12901 exec/s: 715 rss: 63Mb L: 1283/12901 MS: 2 CrossOver-CopyPart-
#1438	NEW    cov: 1298 ft: 3416 corp: 257/323Kb lim: 12901 exec/s: 719 rss: 63Mb L: 1403/12901 MS: 2 EraseBytes-ChangeBinInt-
#1470	NEW    cov: 1298 ft: 3419 corp: 258/323Kb lim: 12901 exec/s: 735 rss: 63Mb L: 282/12901 MS: 2 PersAutoDict-ChangeByte- DE: "\010\000\000\000\000\000\000\000"-
#1477	REDUCE cov: 1298 ft: 3419 corp: 258/323Kb lim: 12901 exec/s: 738 rss: 63Mb L: 9587/12901 MS: 2 ChangeBit-EraseBytes-
#1495	NEW    cov: 1298 ft: 3420 corp: 259/326Kb lim: 12901 exec/s: 747 rss: 63Mb L: 2824/12901 MS: 3 InsertByte-InsertRepeatedBytes-ChangeByte-
#1496	NEW    cov: 1298 ft: 3421 corp: 260/328Kb lim: 12901 exec/s: 748 rss: 63Mb L: 1625/12901 MS: 1 CrossOver-
#1527	NEW    cov: 1298 ft: 3428 corp: 261/340Kb lim: 12901 exec/s: 763 rss: 63Mb L: 12901/12901 MS: 1 CrossOver-
#1535	NEW    cov: 1298 ft: 3429 corp: 262/340Kb lim: 12901 exec/s: 767 rss: 63Mb L: 246/12901 MS: 3 ChangeASCIIInt-PersAutoDict-CrossOver- DE: "\000\000\000\000\000\000\000\000"-
#1536	NEW    cov: 1298 ft: 3441 corp: 263/341Kb lim: 12901 exec/s: 768 rss: 63Mb L: 278/12901 MS: 1 CMP- DE: "oFFs"-
#1552	NEW    cov: 1298 ft: 3442 corp: 264/341Kb lim: 12901 exec/s: 776 rss: 63Mb L: 777/12901 MS: 1 ChangeBit-
#1553	NEW    cov: 1298 ft: 3443 corp: 265/342Kb lim: 12901 exec/s: 776 rss: 63Mb L: 205/12901 MS: 1 ShuffleBytes-
#1554	NEW    cov: 1298 ft: 3444 corp: 266/346Kb lim: 12901 exec/s: 777 rss: 63Mb L: 4164/12901 MS: 1 ChangeBit-
#1559	NEW    cov: 1298 ft: 3445 corp: 267/349Kb lim: 12901 exec/s: 779 rss: 63Mb L: 3740/12901 MS: 5 InsertRepeatedBytes-ChangeBit-EraseBytes-CrossOver-CopyPart-
#1569	NEW    cov: 1299 ft: 3454 corp: 268/356Kb lim: 12901 exec/s: 784 rss: 63Mb L: 6408/12901 MS: 5 ShuffleBytes-CopyPart-PersAutoDict-ChangeBinInt-EraseBytes- DE: ";\000\000\000"-
#1570	NEW    cov: 1299 ft: 3456 corp: 269/356Kb lim: 12901 exec/s: 785 rss: 63Mb L: 685/12901 MS: 1 ChangeBinInt-
#1588	NEW    cov: 1299 ft: 3501 corp: 270/366Kb lim: 12901 exec/s: 794 rss: 63Mb L: 10352/12901 MS: 3 CrossOver-InsertByte-CrossOver-
#1604	REDUCE cov: 1299 ft: 3501 corp: 270/366Kb lim: 12901 exec/s: 802 rss: 63Mb L: 200/12901 MS: 1 EraseBytes-
#1620	NEW    cov: 1299 ft: 3502 corp: 271/370Kb lim: 12901 exec/s: 810 rss: 63Mb L: 4165/12901 MS: 1 CopyPart-
#1709	NEW    cov: 1299 ft: 3503 corp: 272/373Kb lim: 12901 exec/s: 854 rss: 63Mb L: 2211/12901 MS: 4 InsertByte-PersAutoDict-ShuffleBytes-ChangeByte- DE: "\023\000\000\000"-
#1725	NEW    cov: 1299 ft: 3507 corp: 273/374Kb lim: 12901 exec/s: 862 rss: 63Mb L: 1315/12901 MS: 1 PersAutoDict- DE: "\025\000"-
#1743	NEW    cov: 1299 ft: 3510 corp: 274/375Kb lim: 12901 exec/s: 871 rss: 63Mb L: 691/12901 MS: 3 ChangeBit-InsertByte-InsertByte-
#1777	NEW    cov: 1299 ft: 3513 corp: 275/375Kb lim: 12901 exec/s: 888 rss: 63Mb L: 545/12901 MS: 4 ChangeBit-CMP-InsertRepeatedBytes-CopyPart- DE: "\001\000\000\000\000\000\000?"-
#1778	NEW    cov: 1299 ft: 3525 corp: 276/377Kb lim: 12901 exec/s: 889 rss: 63Mb L: 1641/12901 MS: 1 CopyPart-
#1784	NEW    cov: 1299 ft: 3526 corp: 277/377Kb lim: 12901 exec/s: 892 rss: 63Mb L: 684/12901 MS: 1 PersAutoDict- DE: "\000\240"-
#1796	REDUCE cov: 1299 ft: 3526 corp: 277/377Kb lim: 12901 exec/s: 898 rss: 63Mb L: 274/12901 MS: 2 ChangeBinInt-EraseBytes-
#1820	NEW    cov: 1299 ft: 3528 corp: 278/377Kb lim: 12901 exec/s: 910 rss: 63Mb L: 205/12901 MS: 4 ChangeASCIIInt-ChangeASCIIInt-ChangeByte-EraseBytes-
#1858	REDUCE cov: 1299 ft: 3528 corp: 278/377Kb lim: 12901 exec/s: 929 rss: 63Mb L: 208/12901 MS: 3 CopyPart-InsertByte-EraseBytes-
#1859	NEW    cov: 1299 ft: 3531 corp: 279/378Kb lim: 12901 exec/s: 929 rss: 63Mb L: 777/12901 MS: 1 ChangeByte-
#1900	REDUCE cov: 1299 ft: 3531 corp: 279/378Kb lim: 12901 exec/s: 950 rss: 63Mb L: 2487/12901 MS: 1 EraseBytes-
#1952	NEW    cov: 1299 ft: 3533 corp: 280/379Kb lim: 12901 exec/s: 976 rss: 63Mb L: 1625/12901 MS: 2 PersAutoDict-ChangeBit- DE: "\000\240"-
#1981	REDUCE cov: 1299 ft: 3533 corp: 280/379Kb lim: 12901 exec/s: 990 rss: 63Mb L: 158/12901 MS: 4 ShuffleBytes-PersAutoDict-ShuffleBytes-EraseBytes- DE: "\023\000\000\000"-
#1983	REDUCE cov: 1299 ft: 3533 corp: 280/379Kb lim: 12901 exec/s: 991 rss: 63Mb L: 179/12901 MS: 2 ChangeByte-EraseBytes-
#2012	NEW    cov: 1299 ft: 3539 corp: 281/380Kb lim: 12901 exec/s: 1006 rss: 64Mb L: 785/12901 MS: 4 ShuffleBytes-ShuffleBytes-ChangeBinInt-InsertRepeatedBytes-
#2019	NEW    cov: 1299 ft: 3540 corp: 282/382Kb lim: 12901 exec/s: 1009 rss: 64Mb L: 2045/12901 MS: 2 CopyPart-CopyPart-
#2030	NEW    cov: 1299 ft: 3542 corp: 283/382Kb lim: 12901 exec/s: 1015 rss: 64Mb L: 197/12901 MS: 1 ChangeBinInt-
#2032	NEW    cov: 1299 ft: 3543 corp: 284/383Kb lim: 12901 exec/s: 1016 rss: 64Mb L: 311/12901 MS: 2 CMP-PersAutoDict- DE: "\000\000\000\000\000\000\000\303"-"\021\000\000\000\000\000\000\000"-
#2034	NEW    cov: 1299 ft: 3545 corp: 285/383Kb lim: 12901 exec/s: 1017 rss: 64Mb L: 432/12901 MS: 2 ShuffleBytes-ChangeBinInt-
#2046	NEW    cov: 1299 ft: 3548 corp: 286/383Kb lim: 12901 exec/s: 1023 rss: 64Mb L: 313/12901 MS: 2 ChangeASCIIInt-ChangeBinInt-
#2048	pulse  cov: 1299 ft: 3548 corp: 286/383Kb lim: 12901 exec/s: 1024 rss: 64Mb
#2070	REDUCE cov: 1299 ft: 3548 corp: 286/383Kb lim: 12901 exec/s: 1035 rss: 64Mb L: 2418/12901 MS: 4 ChangeBit-CrossOver-ChangeBinInt-EraseBytes-
#2071	NEW    cov: 1299 ft: 3550 corp: 287/385Kb lim: 12901 exec/s: 1035 rss: 64Mb L: 2641/12901 MS: 1 ChangeASCIIInt-
#2072	NEW    cov: 1299 ft: 3551 corp: 288/386Kb lim: 12901 exec/s: 1036 rss: 64Mb L: 201/12901 MS: 1 ChangeByte-
#2093	NEW    cov: 1299 ft: 3555 corp: 289/390Kb lim: 12901 exec/s: 1046 rss: 64Mb L: 4165/12901 MS: 1 ChangeBinInt-
#2156	REDUCE cov: 1299 ft: 3555 corp: 289/387Kb lim: 12901 exec/s: 1078 rss: 64Mb L: 6562/12901 MS: 3 ChangeBit-CopyPart-EraseBytes-
#2174	REDUCE cov: 1300 ft: 3556 corp: 290/392Kb lim: 12901 exec/s: 1087 rss: 64Mb L: 4268/12901 MS: 3 CrossOver-InsertByte-EraseBytes-
#2190	NEW    cov: 1300 ft: 3558 corp: 291/404Kb lim: 12901 exec/s: 1095 rss: 64Mb L: 12901/12901 MS: 1 CopyPart-
#2256	NEW    cov: 1300 ft: 3559 corp: 292/406Kb lim: 12901 exec/s: 1128 rss: 64Mb L: 1628/12901 MS: 1 PersAutoDict- DE: "pCAL"-
#2257	REDUCE cov: 1300 ft: 3559 corp: 292/406Kb lim: 12901 exec/s: 1128 rss: 64Mb L: 189/12901 MS: 1 EraseBytes-
#2279	NEW    cov: 1300 ft: 3566 corp: 293/406Kb lim: 12901 exec/s: 1139 rss: 64Mb L: 228/12901 MS: 2 EraseBytes-InsertRepeatedBytes-
#2328	REDUCE cov: 1300 ft: 3566 corp: 293/406Kb lim: 12901 exec/s: 1164 rss: 64Mb L: 617/12901 MS: 4 ChangeBinInt-CopyPart-ChangeASCIIInt-EraseBytes-
#2384	NEW    cov: 1300 ft: 3569 corp: 294/406Kb lim: 12901 exec/s: 1192 rss: 64Mb L: 201/12901 MS: 1 ShuffleBytes-
#2410	NEW    cov: 1300 ft: 3570 corp: 295/408Kb lim: 12901 exec/s: 1205 rss: 64Mb L: 2408/12901 MS: 1 CopyPart-
#2438	NEW    cov: 1300 ft: 3571 corp: 296/410Kb lim: 12901 exec/s: 1219 rss: 64Mb L: 1628/12901 MS: 3 ChangeBinInt-ChangeASCIIInt-ChangeASCIIInt-
#2459	NEW    cov: 1300 ft: 3572 corp: 297/411Kb lim: 12901 exec/s: 1229 rss: 64Mb L: 744/12901 MS: 1 CopyPart-
#2475	NEW    cov: 1300 ft: 3575 corp: 298/411Kb lim: 12901 exec/s: 1237 rss: 64Mb L: 744/12901 MS: 1 ChangeASCIIInt-
#2505	REDUCE cov: 1300 ft: 3575 corp: 298/411Kb lim: 12901 exec/s: 1252 rss: 64Mb L: 63/12901 MS: 5 CMP-ChangeByte-ShuffleBytes-ChangeBinInt-EraseBytes- DE: "\012\000\000\000\000\000\000\000"-
#2521	REDUCE cov: 1300 ft: 3575 corp: 298/411Kb lim: 12901 exec/s: 1260 rss: 64Mb L: 43/12901 MS: 1 EraseBytes-
#2523	NEW    cov: 1300 ft: 3576 corp: 299/412Kb lim: 12901 exec/s: 1261 rss: 64Mb L: 913/12901 MS: 2 ChangeBit-ChangeASCIIInt-
#2524	NEW    cov: 1300 ft: 3581 corp: 300/412Kb lim: 12901 exec/s: 1262 rss: 64Mb L: 311/12901 MS: 1 CMP- DE: "hIST"-
#2527	NEW    cov: 1300 ft: 3583 corp: 301/416Kb lim: 12901 exec/s: 1263 rss: 64Mb L: 4205/12901 MS: 3 EraseBytes-InsertByte-CrossOver-
#2553	NEW    cov: 1300 ft: 3584 corp: 302/417Kb lim: 12901 exec/s: 851 rss: 64Mb L: 684/12901 MS: 1 ShuffleBytes-
#2559	NEW    cov: 1300 ft: 3586 corp: 303/418Kb lim: 12901 exec/s: 853 rss: 64Mb L: 1016/12901 MS: 1 CrossOver-
#2581	NEW    cov: 1300 ft: 3588 corp: 304/418Kb lim: 12901 exec/s: 860 rss: 64Mb L: 208/12901 MS: 2 ChangeByte-CopyPart-
#2610	NEW    cov: 1301 ft: 3589 corp: 305/420Kb lim: 12901 exec/s: 870 rss: 64Mb L: 2097/12901 MS: 4 PersAutoDict-CrossOver-InsertRepeatedBytes-CMP- DE: "iTXt"-"mDCV"-
#2626	NEW    cov: 1301 ft: 3591 corp: 306/422Kb lim: 12901 exec/s: 875 rss: 64Mb L: 1563/12901 MS: 1 ChangeByte-
#2674	REDUCE cov: 1301 ft: 3591 corp: 306/422Kb lim: 12901 exec/s: 891 rss: 64Mb L: 671/12901 MS: 3 CopyPart-CopyPart-EraseBytes-
#2765	NEW    cov: 1301 ft: 3592 corp: 307/424Kb lim: 12901 exec/s: 921 rss: 64Mb L: 2624/12901 MS: 1 ChangeASCIIInt-
#2776	NEW    cov: 1301 ft: 3596 corp: 308/425Kb lim: 12901 exec/s: 925 rss: 64Mb L: 558/12901 MS: 1 PersAutoDict- DE: "sTER"-
#2782	NEW    cov: 1301 ft: 3597 corp: 309/428Kb lim: 12901 exec/s: 927 rss: 64Mb L: 2624/12901 MS: 1 ChangeASCIIInt-
#2803	NEW    cov: 1301 ft: 3598 corp: 310/428Kb lim: 12901 exec/s: 934 rss: 64Mb L: 499/12901 MS: 1 ChangeBit-
#2823	NEW    cov: 1301 ft: 3599 corp: 311/429Kb lim: 12901 exec/s: 941 rss: 64Mb L: 1245/12901 MS: 5 ChangeBinInt-CopyPart-InsertRepeatedBytes-CMP-ShuffleBytes- DE: "\000\000"-
#2844	NEW    cov: 1301 ft: 3600 corp: 312/430Kb lim: 12901 exec/s: 948 rss: 64Mb L: 847/12901 MS: 1 ChangeByte-
#2865	NEW    cov: 1301 ft: 3601 corp: 313/431Kb lim: 12901 exec/s: 955 rss: 64Mb L: 760/12901 MS: 1 InsertRepeatedBytes-
#2871	NEW    cov: 1301 ft: 3602 corp: 314/431Kb lim: 12901 exec/s: 957 rss: 64Mb L: 432/12901 MS: 1 ChangeBinInt-
#2915	REDUCE cov: 1301 ft: 3602 corp: 314/431Kb lim: 12901 exec/s: 971 rss: 64Mb L: 463/12901 MS: 4 ChangeBinInt-ChangeBit-InsertRepeatedBytes-EraseBytes-
#2918	NEW    cov: 1301 ft: 3603 corp: 315/433Kb lim: 12901 exec/s: 972 rss: 64Mb L: 2045/12901 MS: 3 ChangeByte-PersAutoDict-ChangeBinInt- DE: "oFFs"-
#2966	NEW    cov: 1301 ft: 3604 corp: 316/436Kb lim: 12901 exec/s: 988 rss: 64Mb L: 2407/12901 MS: 3 ChangeByte-CrossOver-InsertRepeatedBytes-
#3004	NEW    cov: 1301 ft: 3605 corp: 317/437Kb lim: 12901 exec/s: 1001 rss: 64Mb L: 1448/12901 MS: 3 ChangeBinInt-PersAutoDict-ChangeBit- DE: "\001\000\000\000\000\000\000\303"-
#3029	REDUCE cov: 1301 ft: 3605 corp: 317/437Kb lim: 12901 exec/s: 1009 rss: 64Mb L: 1913/12901 MS: 5 InsertByte-ShuffleBytes-ShuffleBytes-CopyPart-EraseBytes-
#3042	NEW    cov: 1301 ft: 3608 corp: 318/437Kb lim: 12901 exec/s: 1014 rss: 64Mb L: 265/12901 MS: 3 ShuffleBytes-ShuffleBytes-ChangeBinInt-
#3063	REDUCE cov: 1301 ft: 3608 corp: 318/437Kb lim: 12901 exec/s: 1021 rss: 64Mb L: 478/12901 MS: 1 EraseBytes-
#3067	REDUCE cov: 1301 ft: 3608 corp: 318/436Kb lim: 12901 exec/s: 1022 rss: 64Mb L: 6194/12901 MS: 4 ShuffleBytes-InsertRepeatedBytes-CrossOver-CrossOver-
#3078	NEW    cov: 1301 ft: 3609 corp: 319/438Kb lim: 12901 exec/s: 1026 rss: 64Mb L: 1449/12901 MS: 1 PersAutoDict- DE: "sTER"-
#3112	REDUCE cov: 1301 ft: 3609 corp: 319/437Kb lim: 12901 exec/s: 1037 rss: 64Mb L: 8841/12901 MS: 4 ChangeBinInt-InsertByte-CMP-EraseBytes- DE: "mDCV"-
#3123	NEW    cov: 1301 ft: 3610 corp: 320/439Kb lim: 12901 exec/s: 1041 rss: 64Mb L: 2045/12901 MS: 1 ChangeBinInt-
#3144	NEW    cov: 1301 ft: 3613 corp: 321/439Kb lim: 12901 exec/s: 1048 rss: 64Mb L: 684/12901 MS: 1 ChangeBinInt-
#3155	NEW    cov: 1301 ft: 3614 corp: 322/441Kb lim: 12901 exec/s: 1051 rss: 64Mb L: 1489/12901 MS: 1 CrossOver-
#3166	NEW    cov: 1301 ft: 3615 corp: 323/442Kb lim: 12901 exec/s: 1055 rss: 64Mb L: 1624/12901 MS: 1 ChangeASCIIInt-
#3172	NEW    cov: 1301 ft: 3617 corp: 324/444Kb lim: 12901 exec/s: 1057 rss: 64Mb L: 2046/12901 MS: 1 InsertByte-
#3198	NEW    cov: 1301 ft: 3619 corp: 325/445Kb lim: 12901 exec/s: 1066 rss: 64Mb L: 176/12901 MS: 1 ChangeASCIIInt-
#3200	REDUCE cov: 1301 ft: 3619 corp: 325/444Kb lim: 12901 exec/s: 1066 rss: 64Mb L: 1764/12901 MS: 2 CrossOver-EraseBytes-
#3201	NEW    cov: 1301 ft: 3622 corp: 326/447Kb lim: 12901 exec/s: 1067 rss: 64Mb L: 2819/12901 MS: 1 ChangeByte-
#3204	NEW    cov: 1301 ft: 3625 corp: 327/447Kb lim: 12901 exec/s: 1068 rss: 64Mb L: 701/12901 MS: 3 ChangeByte-ChangeBinInt-PersAutoDict- DE: "\001\000\000\000\000\000\000\303"-
#3220	REDUCE cov: 1301 ft: 3625 corp: 327/447Kb lim: 12901 exec/s: 1073 rss: 64Mb L: 6471/12901 MS: 1 EraseBytes-
#3334	NEW    cov: 1301 ft: 3626 corp: 328/450Kb lim: 12901 exec/s: 1111 rss: 64Mb L: 2624/12901 MS: 4 CopyPart-ChangeBinInt-ChangeASCIIInt-PersAutoDict- DE: "\376\377\377\377"-
#3346	NEW    cov: 1301 ft: 3628 corp: 329/452Kb lim: 12901 exec/s: 1115 rss: 64Mb L: 2624/12901 MS: 2 ChangeASCIIInt-ChangeBinInt-
#3347	NEW    cov: 1301 ft: 3630 corp: 330/455Kb lim: 12901 exec/s: 1115 rss: 64Mb L: 2624/12901 MS: 1 ChangeByte-
#3363	NEW    cov: 1301 ft: 3631 corp: 331/456Kb lim: 12901 exec/s: 1121 rss: 64Mb L: 1452/12901 MS: 1 PersAutoDict- DE: "sPLT"-
#3404	NEW    cov: 1301 ft: 3632 corp: 332/459Kb lim: 12901 exec/s: 1134 rss: 64Mb L: 2624/12901 MS: 1 ChangeBit-
#3420	NEW    cov: 1301 ft: 3634 corp: 333/464Kb lim: 12901 exec/s: 1140 rss: 64Mb L: 4801/12901 MS: 1 CrossOver-
#3447	NEW    cov: 1301 ft: 3637 corp: 334/468Kb lim: 12901 exec/s: 1149 rss: 64Mb L: 4213/12901 MS: 2 CopyPart-InsertRepeatedBytes-
#3458	NEW    cov: 1302 ft: 3638 corp: 335/468Kb lim: 12901 exec/s: 1152 rss: 64Mb L: 246/12901 MS: 1 CMP- DE: "iCCP"-
#3542	NEW    cov: 1303 ft: 3639 corp: 336/469Kb lim: 12901 exec/s: 1180 rss: 64Mb L: 499/12901 MS: 4 ChangeByte-ChangeASCIIInt-ChangeASCIIInt-ChangeByte-
#3564	REDUCE cov: 1303 ft: 3639 corp: 336/468Kb lim: 12901 exec/s: 1188 rss: 64Mb L: 143/12901 MS: 2 CopyPart-EraseBytes-
#3583	NEW    cov: 1303 ft: 3641 corp: 337/469Kb lim: 12901 exec/s: 1194 rss: 64Mb L: 574/12901 MS: 4 InsertByte-ShuffleBytes-ChangeASCIIInt-CrossOver-
#3616	REDUCE cov: 1303 ft: 3641 corp: 337/469Kb lim: 12901 exec/s: 1205 rss: 64Mb L: 140/12901 MS: 3 ShuffleBytes-ChangeASCIIInt-EraseBytes-
#3653	REDUCE cov: 1304 ft: 3642 corp: 338/469Kb lim: 12901 exec/s: 1217 rss: 64Mb L: 163/12901 MS: 2 CopyPart-EraseBytes-
#3660	NEW    cov: 1304 ft: 3643 corp: 339/471Kb lim: 12901 exec/s: 1220 rss: 64Mb L: 2135/12901 MS: 2 InsertRepeatedBytes-ShuffleBytes-
#3662	REDUCE cov: 1304 ft: 3643 corp: 339/471Kb lim: 12901 exec/s: 1220 rss: 64Mb L: 202/12901 MS: 2 InsertByte-EraseBytes-
#3699	REDUCE cov: 1306 ft: 3645 corp: 340/471Kb lim: 12901 exec/s: 1233 rss: 64Mb L: 105/12901 MS: 2 CrossOver-PersAutoDict- DE: "\012\000\000\000\000\000\000\000"-
#3745	REDUCE cov: 1306 ft: 3645 corp: 340/471Kb lim: 12901 exec/s: 1248 rss: 64Mb L: 1328/12901 MS: 1 EraseBytes-
#3752	NEW    cov: 1307 ft: 3646 corp: 341/471Kb lim: 12901 exec/s: 1250 rss: 64Mb L: 360/12901 MS: 2 EraseBytes-ShuffleBytes-
#3769	NEW    cov: 1308 ft: 3648 corp: 342/471Kb lim: 12901 exec/s: 1256 rss: 64Mb L: 294/12901 MS: 2 InsertByte-ChangeByte-
#3800	NEW    cov: 1308 ft: 3649 corp: 343/474Kb lim: 12901 exec/s: 1266 rss: 64Mb L: 2725/12901 MS: 1 CrossOver-
#3817	NEW    cov: 1308 ft: 3650 corp: 344/475Kb lim: 12901 exec/s: 1272 rss: 64Mb L: 1016/12901 MS: 2 ShuffleBytes-InsertRepeatedBytes-
#3850	REDUCE cov: 1308 ft: 3650 corp: 344/475Kb lim: 12901 exec/s: 1283 rss: 64Mb L: 389/12901 MS: 3 ChangeASCIIInt-ChangeASCIIInt-EraseBytes-
#3911	NEW    cov: 1308 ft: 3651 corp: 345/475Kb lim: 12901 exec/s: 1303 rss: 64Mb L: 595/12901 MS: 1 PersAutoDict- DE: "hIST"-
#3932	NEW    cov: 1308 ft: 3652 corp: 346/478Kb lim: 12901 exec/s: 1310 rss: 64Mb L: 2655/12901 MS: 1 InsertRepeatedBytes-
#3939	NEW    cov: 1308 ft: 3654 corp: 347/478Kb lim: 12901 exec/s: 1313 rss: 64Mb L: 238/12901 MS: 2 InsertByte-ChangeBit-
#3950	NEW    cov: 1308 ft: 3655 corp: 348/478Kb lim: 12901 exec/s: 1316 rss: 64Mb L: 216/12901 MS: 1 ChangeBit-
#4001	NEW    cov: 1309 ft: 3656 corp: 349/479Kb lim: 12901 exec/s: 1333 rss: 64Mb L: 216/12901 MS: 1 ShuffleBytes-
#4055	REDUCE cov: 1309 ft: 3656 corp: 349/478Kb lim: 12901 exec/s: 1351 rss: 64Mb L: 3112/12901 MS: 4 ChangeASCIIInt-CopyPart-PersAutoDict-EraseBytes- DE: "\000\000\000\000\000\000\000\303"-
#4088	REDUCE cov: 1309 ft: 3656 corp: 349/478Kb lim: 12901 exec/s: 1362 rss: 64Mb L: 327/12901 MS: 3 InsertRepeatedBytes-ChangeASCIIInt-EraseBytes-
	NEW_FUNC[1/1]: 0x55b35c08fd00 in png_handle_iCCP /src/libpng/pngrutil.c:1342
#4089	NEW    cov: 1312 ft: 3659 corp: 350/478Kb lim: 12901 exec/s: 1363 rss: 64Mb L: 87/12901 MS: 1 PersAutoDict- DE: "iCCP"-
#4096	pulse  cov: 1312 ft: 3659 corp: 350/478Kb lim: 12901 exec/s: 1365 rss: 64Mb
#4112	REDUCE cov: 1313 ft: 3660 corp: 351/478Kb lim: 12901 exec/s: 1370 rss: 64Mb L: 97/12901 MS: 3 ChangeASCIIInt-PersAutoDict-ChangeBit- DE: "\000\240"-
#4160	REDUCE cov: 1313 ft: 3660 corp: 351/478Kb lim: 12901 exec/s: 1386 rss: 64Mb L: 310/12901 MS: 3 InsertRepeatedBytes-InsertRepeatedBytes-EraseBytes-
#4171	NEW    cov: 1313 ft: 3661 corp: 352/481Kb lim: 12901 exec/s: 1390 rss: 64Mb L: 2628/12901 MS: 1 PersAutoDict- DE: "\023\000\000\000"-
#4192	REDUCE cov: 1313 ft: 3661 corp: 352/481Kb lim: 12901 exec/s: 1397 rss: 64Mb L: 252/12901 MS: 1 EraseBytes-
#4198	NEW    cov: 1313 ft: 3672 corp: 353/489Kb lim: 12901 exec/s: 1399 rss: 64Mb L: 8678/12901 MS: 1 CMP- DE: "sTER"-
#4220	REDUCE cov: 1313 ft: 3672 corp: 353/489Kb lim: 12901 exec/s: 1406 rss: 64Mb L: 2574/12901 MS: 2 ChangeByte-EraseBytes-
#4226	NEW    cov: 1313 ft: 3674 corp: 354/490Kb lim: 12901 exec/s: 1408 rss: 64Mb L: 595/12901 MS: 1 ChangeASCIIInt-
#4267	REDUCE cov: 1313 ft: 3674 corp: 354/490Kb lim: 12901 exec/s: 1422 rss: 64Mb L: 257/12901 MS: 1 EraseBytes-
#4279	REDUCE cov: 1313 ft: 3674 corp: 354/490Kb lim: 12901 exec/s: 1426 rss: 64Mb L: 173/12901 MS: 2 ChangeASCIIInt-EraseBytes-
#4300	NEW    cov: 1313 ft: 3678 corp: 355/494Kb lim: 12901 exec/s: 1433 rss: 64Mb L: 4165/12901 MS: 1 PersAutoDict- DE: "pCAL"-
#4311	NEW    cov: 1313 ft: 3679 corp: 356/496Kb lim: 12901 exec/s: 1437 rss: 64Mb L: 2728/12901 MS: 1 InsertRepeatedBytes-
#4331	REDUCE cov: 1313 ft: 3679 corp: 356/496Kb lim: 12901 exec/s: 1443 rss: 64Mb L: 1253/12901 MS: 5 ChangeBit-InsertByte-InsertRepeatedBytes-ShuffleBytes-EraseBytes-
#4348	NEW    cov: 1313 ft: 3681 corp: 357/499Kb lim: 12901 exec/s: 1449 rss: 64Mb L: 2624/12901 MS: 2 CopyPart-ChangeBit-
#4355	NEW    cov: 1313 ft: 3682 corp: 358/501Kb lim: 12901 exec/s: 1451 rss: 64Mb L: 2624/12901 MS: 2 ChangeBit-ChangeASCIIInt-
#4362	NEW    cov: 1313 ft: 3683 corp: 359/505Kb lim: 12901 exec/s: 1454 rss: 64Mb L: 3708/12901 MS: 2 ShuffleBytes-CopyPart-
#4435	REDUCE cov: 1313 ft: 3683 corp: 359/505Kb lim: 12901 exec/s: 1478 rss: 64Mb L: 120/12901 MS: 3 ChangeBit-InsertRepeatedBytes-EraseBytes-
#4521	REDUCE cov: 1313 ft: 3683 corp: 359/504Kb lim: 12901 exec/s: 1507 rss: 64Mb L: 844/12901 MS: 1 EraseBytes-
#4551	REDUCE cov: 1313 ft: 3683 corp: 359/504Kb lim: 12901 exec/s: 1517 rss: 64Mb L: 208/12901 MS: 5 InsertRepeatedBytes-CrossOver-EraseBytes-ChangeBinInt-EraseBytes-
#4557	NEW    cov: 1314 ft: 3685 corp: 360/508Kb lim: 12901 exec/s: 1519 rss: 64Mb L: 3796/12901 MS: 1 EraseBytes-
#4588	NEW    cov: 1314 ft: 3686 corp: 361/517Kb lim: 12901 exec/s: 1529 rss: 64Mb L: 8728/12901 MS: 1 InsertRepeatedBytes-
#4637	NEW    cov: 1315 ft: 3687 corp: 362/517Kb lim: 12901 exec/s: 1545 rss: 64Mb L: 353/12901 MS: 4 ChangeBinInt-ChangeBinInt-ChangeBit-CopyPart-
#4651	REDUCE cov: 1315 ft: 3687 corp: 362/517Kb lim: 12901 exec/s: 1550 rss: 64Mb L: 121/12901 MS: 4 InsertByte-InsertByte-InsertRepeatedBytes-EraseBytes-
#4683	NEW    cov: 1315 ft: 3688 corp: 363/519Kb lim: 12901 exec/s: 1561 rss: 64Mb L: 2023/12901 MS: 2 InsertByte-InsertByte-
#4685	NEW    cov: 1315 ft: 3691 corp: 364/521Kb lim: 12901 exec/s: 1561 rss: 64Mb L: 2624/12901 MS: 2 ShuffleBytes-ChangeBit-
#4715	NEW    cov: 1315 ft: 3692 corp: 365/530Kb lim: 12901 exec/s: 1571 rss: 64Mb L: 8862/12901 MS: 5 ChangeByte-InsertByte-ChangeBinInt-PersAutoDict-InsertRepeatedBytes- DE: "pCAL"-
#4731	NEW    cov: 1315 ft: 3693 corp: 366/530Kb lim: 12901 exec/s: 1577 rss: 64Mb L: 264/12901 MS: 1 CrossOver-
#4773	NEW    cov: 1315 ft: 3699 corp: 367/531Kb lim: 12901 exec/s: 1591 rss: 64Mb L: 278/12901 MS: 2 ChangeByte-ChangeBinInt-
#4789	NEW    cov: 1315 ft: 3700 corp: 368/539Kb lim: 12901 exec/s: 1596 rss: 64Mb L: 8832/12901 MS: 1 InsertByte-
#4795	NEW    cov: 1315 ft: 3706 corp: 369/540Kb lim: 12901 exec/s: 1598 rss: 64Mb L: 658/12901 MS: 1 EraseBytes-
#4798	NEW    cov: 1315 ft: 3707 corp: 370/544Kb lim: 12901 exec/s: 1599 rss: 64Mb L: 4592/12901 MS: 3 ChangeBinInt-CopyPart-CMP- DE: "]\000\000\000"-
#4879	NEW    cov: 1316 ft: 3708 corp: 371/544Kb lim: 12901 exec/s: 1626 rss: 64Mb L: 216/12901 MS: 1 CMP- DE: "mDCV"-
#4966	NEW    cov: 1316 ft: 3709 corp: 372/545Kb lim: 12901 exec/s: 1655 rss: 64Mb L: 325/12901 MS: 2 ChangeByte-ChangeBit-
#5001	REDUCE cov: 1316 ft: 3709 corp: 372/545Kb lim: 12901 exec/s: 1667 rss: 64Mb L: 131/12901 MS: 5 ChangeASCIIInt-InsertByte-PersAutoDict-ShuffleBytes-EraseBytes- DE: "\376\377\377\377\000\000\000\000"-
#5012	NEW    cov: 1317 ft: 3714 corp: 373/545Kb lim: 12901 exec/s: 1670 rss: 64Mb L: 180/12901 MS: 1 CopyPart-
#5013	NEW    cov: 1317 ft: 3716 corp: 374/553Kb lim: 12901 exec/s: 1671 rss: 64Mb L: 8678/12901 MS: 1 CMP- DE: "\016\000\000\000"-
#5049	NEW    cov: 1317 ft: 3717 corp: 375/554Kb lim: 12901 exec/s: 1683 rss: 64Mb L: 705/12901 MS: 1 CrossOver-
#5063	NEW    cov: 1317 ft: 3718 corp: 376/558Kb lim: 12901 exec/s: 1687 rss: 64Mb L: 3739/12901 MS: 4 ChangeByte-InsertByte-CMP-CrossOver- DE: "\032\000\000\000\000\000\000\000"-
#5068	NEW    cov: 1319 ft: 3720 corp: 377/558Kb lim: 12901 exec/s: 1689 rss: 64Mb L: 420/12901 MS: 5 CopyPart-CMP-ShuffleBytes-CopyPart-ChangeByte- DE: "cICP"-
#5095	NEW    cov: 1319 ft: 3721 corp: 378/558Kb lim: 12901 exec/s: 1698 rss: 64Mb L: 359/12901 MS: 2 InsertRepeatedBytes-CrossOver-
#5110	REDUCE cov: 1319 ft: 3721 corp: 378/558Kb lim: 12901 exec/s: 1703 rss: 64Mb L: 3874/12901 MS: 5 CopyPart-CMP-CopyPart-CopyPart-EraseBytes- DE: "DNEI"-
#5188	NEW    cov: 1319 ft: 3722 corp: 379/561Kb lim: 12901 exec/s: 1729 rss: 64Mb L: 2667/12901 MS: 3 CrossOver-InsertRepeatedBytes-ChangeASCIIInt-
#5308	NEW    cov: 1319 ft: 3724 corp: 380/569Kb lim: 12901 exec/s: 1769 rss: 64Mb L: 8729/12901 MS: 5 InsertByte-ChangeByte-ChangeBinInt-CopyPart-ShuffleBytes-
#5401	NEW    cov: 1320 ft: 3725 corp: 381/569Kb lim: 12901 exec/s: 1800 rss: 64Mb L: 4/12901 MS: 3 ShuffleBytes-CopyPart-CrossOver-
#5432	REDUCE cov: 1320 ft: 3725 corp: 381/569Kb lim: 12901 exec/s: 1810 rss: 64Mb L: 562/12901 MS: 1 EraseBytes-
#5433	REDUCE cov: 1320 ft: 3725 corp: 381/569Kb lim: 12901 exec/s: 1811 rss: 64Mb L: 149/12901 MS: 1 EraseBytes-
#5445	REDUCE cov: 1320 ft: 3725 corp: 381/568Kb lim: 12901 exec/s: 1815 rss: 64Mb L: 7400/12901 MS: 2 CMP-EraseBytes- DE: "sPLT"-
#5486	NEW    cov: 1320 ft: 3726 corp: 382/568Kb lim: 12901 exec/s: 1828 rss: 64Mb L: 104/12901 MS: 1 ChangeByte-
#5507	NEW    cov: 1320 ft: 3735 corp: 383/569Kb lim: 12901 exec/s: 1835 rss: 64Mb L: 988/12901 MS: 1 InsertRepeatedBytes-
#5528	REDUCE cov: 1320 ft: 3735 corp: 383/569Kb lim: 12901 exec/s: 1842 rss: 64Mb L: 90/12901 MS: 1 EraseBytes-
#5574	NEW    cov: 1320 ft: 3737 corp: 384/570Kb lim: 12901 exec/s: 1858 rss: 64Mb L: 760/12901 MS: 1 ChangeBinInt-
#5625	NEW    cov: 1321 ft: 3739 corp: 385/570Kb lim: 12901 exec/s: 1875 rss: 64Mb L: 267/12901 MS: 1 ChangeBinInt-
#5651	NEW    cov: 1321 ft: 3742 corp: 386/570Kb lim: 12901 exec/s: 1412 rss: 64Mb L: 311/12901 MS: 1 ChangeBinInt-
#5707	REDUCE cov: 1321 ft: 3742 corp: 386/570Kb lim: 12901 exec/s: 1426 rss: 64Mb L: 8608/12901 MS: 1 EraseBytes-
#5748	NEW    cov: 1321 ft: 3745 corp: 387/571Kb lim: 12901 exec/s: 1437 rss: 64Mb L: 777/12901 MS: 1 ShuffleBytes-
#5766	NEW    cov: 1321 ft: 3746 corp: 388/572Kb lim: 12901 exec/s: 1441 rss: 64Mb L: 706/12901 MS: 3 InsertByte-ChangeByte-PersAutoDict- DE: "]\000\000\000"-
#5768	REDUCE cov: 1321 ft: 3746 corp: 388/572Kb lim: 12901 exec/s: 1442 rss: 64Mb L: 270/12901 MS: 2 InsertByte-EraseBytes-
#5769	NEW    cov: 1321 ft: 3747 corp: 389/584Kb lim: 12901 exec/s: 1442 rss: 64Mb L: 12901/12901 MS: 1 CopyPart-
#5776	REDUCE cov: 1321 ft: 3747 corp: 389/583Kb lim: 12901 exec/s: 1444 rss: 64Mb L: 2203/12901 MS: 2 PersAutoDict-EraseBytes- DE: "DNEI"-
#5797	NEW    cov: 1322 ft: 3748 corp: 390/583Kb lim: 12901 exec/s: 1449 rss: 64Mb L: 150/12901 MS: 1 PersAutoDict- DE: "sPLT"-
#5827	REDUCE cov: 1322 ft: 3748 corp: 390/582Kb lim: 12901 exec/s: 1456 rss: 64Mb L: 2770/12901 MS: 5 ChangeByte-ChangeASCIIInt-PersAutoDict-CopyPart-EraseBytes- DE: "\032\000\000\000\000\000\000\000"-
#5865	NEW    cov: 1322 ft: 3749 corp: 391/584Kb lim: 12901 exec/s: 1466 rss: 64Mb L: 2030/12901 MS: 3 CMP-ChangeByte-InsertByte- DE: "\016\000\000\000\000\000\000\000"-
#5915	REDUCE cov: 1322 ft: 3749 corp: 391/584Kb lim: 12901 exec/s: 1478 rss: 64Mb L: 3/12901 MS: 5 ChangeBit-InsertByte-ShuffleBytes-CMP-EraseBytes- DE: "sBIT"-
#5977	REDUCE cov: 1322 ft: 3749 corp: 391/584Kb lim: 12901 exec/s: 1494 rss: 64Mb L: 2749/12901 MS: 2 ShuffleBytes-EraseBytes-
#6033	NEW    cov: 1322 ft: 3750 corp: 392/587Kb lim: 12901 exec/s: 1508 rss: 64Mb L: 2624/12901 MS: 1 CopyPart-
#6078	NEW    cov: 1322 ft: 3752 corp: 393/588Kb lim: 12901 exec/s: 1519 rss: 64Mb L: 1268/12901 MS: 5 PersAutoDict-PersAutoDict-ChangeBit-EraseBytes-CMP- DE: "\000\000\000\000\000\000\000\000"-"sPLT"-"\007\000\000\000"-
#6090	REDUCE cov: 1322 ft: 3752 corp: 393/588Kb lim: 12901 exec/s: 1522 rss: 64Mb L: 189/12901 MS: 2 PersAutoDict-EraseBytes- DE: "eXIf"-
#6210	NEW    cov: 1322 ft: 3753 corp: 394/588Kb lim: 12901 exec/s: 1552 rss: 64Mb L: 499/12901 MS: 5 ChangeBit-ChangeASCIIInt-ChangeBinInt-ChangeASCIIInt-ChangeByte-
#6247	NEW    cov: 1322 ft: 3754 corp: 395/590Kb lim: 12901 exec/s: 1561 rss: 64Mb L: 1281/12901 MS: 2 CrossOver-CMP- DE: "\001\000\000\000\000\000\0000"-
#6273	NEW    cov: 1322 ft: 3756 corp: 396/590Kb lim: 12901 exec/s: 1568 rss: 64Mb L: 185/12901 MS: 1 EraseBytes-
#6295	NEW    cov: 1323 ft: 3758 corp: 397/590Kb lim: 12901 exec/s: 1573 rss: 64Mb L: 527/12901 MS: 2 CrossOver-ChangeByte-
#6296	REDUCE cov: 1323 ft: 3758 corp: 397/590Kb lim: 12901 exec/s: 1574 rss: 64Mb L: 2567/12901 MS: 1 EraseBytes-
#6357	NEW    cov: 1323 ft: 3761 corp: 398/590Kb lim: 12901 exec/s: 1589 rss: 64Mb L: 201/12901 MS: 1 ChangeBinInt-
#6383	REDUCE cov: 1323 ft: 3761 corp: 398/590Kb lim: 12901 exec/s: 1595 rss: 64Mb L: 324/12901 MS: 1 EraseBytes-
#6391	NEW    cov: 1323 ft: 3762 corp: 399/591Kb lim: 12901 exec/s: 1597 rss: 64Mb L: 438/12901 MS: 3 EraseBytes-ChangeBinInt-EraseBytes-
#6404	NEW    cov: 1323 ft: 3764 corp: 400/592Kb lim: 12901 exec/s: 1601 rss: 64Mb L: 1026/12901 MS: 3 ChangeByte-PersAutoDict-CrossOver- DE: "\000\000\000\000\000\000\000\303"-
#6456	NEW    cov: 1324 ft: 3765 corp: 401/592Kb lim: 12901 exec/s: 1614 rss: 64Mb L: 587/12901 MS: 2 ShuffleBytes-ChangeBinInt-
#6548	REDUCE cov: 1324 ft: 3765 corp: 401/592Kb lim: 12901 exec/s: 1637 rss: 64Mb L: 1954/12901 MS: 2 ShuffleBytes-EraseBytes-
#6555	NEW    cov: 1330 ft: 3771 corp: 402/596Kb lim: 12901 exec/s: 1638 rss: 64Mb L: 4164/12901 MS: 2 ChangeBit-PersAutoDict- DE: "iCCP"-
#6574	NEW    cov: 1331 ft: 3773 corp: 403/596Kb lim: 12901 exec/s: 1643 rss: 64Mb L: 748/12901 MS: 4 ShuffleBytes-ChangeBinInt-CMP-CMP- DE: "\377\377\377Y"-"bKGD"-
#6575	REDUCE cov: 1331 ft: 3773 corp: 403/596Kb lim: 12901 exec/s: 1643 rss: 64Mb L: 138/12901 MS: 1 EraseBytes-
#6593	NEW    cov: 1332 ft: 3774 corp: 404/597Kb lim: 12901 exec/s: 1648 rss: 64Mb L: 288/12901 MS: 3 ShuffleBytes-ChangeByte-CopyPart-
#6616	NEW    cov: 1332 ft: 3775 corp: 405/597Kb lim: 12901 exec/s: 1654 rss: 64Mb L: 327/12901 MS: 3 ChangeBinInt-ChangeBinInt-ChangeBinInt-
#6627	NEW    cov: 1332 ft: 3776 corp: 406/599Kb lim: 12901 exec/s: 1656 rss: 64Mb L: 2624/12901 MS: 1 CopyPart-
#6648	REDUCE cov: 1332 ft: 3776 corp: 406/599Kb lim: 12901 exec/s: 1662 rss: 64Mb L: 111/12901 MS: 1 EraseBytes-
#6652	REDUCE cov: 1332 ft: 3776 corp: 406/599Kb lim: 12901 exec/s: 1663 rss: 64Mb L: 391/12901 MS: 4 ChangeBit-InsertByte-CrossOver-EraseBytes-
#6654	NEW    cov: 1332 ft: 3777 corp: 407/600Kb lim: 12901 exec/s: 1663 rss: 64Mb L: 299/12901 MS: 2 ChangeBit-ShuffleBytes-
#6687	REDUCE cov: 1332 ft: 3777 corp: 407/599Kb lim: 12901 exec/s: 1671 rss: 64Mb L: 291/12901 MS: 3 CopyPart-InsertByte-EraseBytes-
#6688	REDUCE cov: 1332 ft: 3777 corp: 407/599Kb lim: 12901 exec/s: 1672 rss: 64Mb L: 452/12901 MS: 1 EraseBytes-
#6693	NEW    cov: 1333 ft: 3778 corp: 408/600Kb lim: 12901 exec/s: 1673 rss: 64Mb L: 271/12901 MS: 5 InsertByte-PersAutoDict-CopyPart-EraseBytes-PersAutoDict- DE: "\016\000\000\000"-"eXIf"-
#6784	NEW    cov: 1333 ft: 3779 corp: 409/601Kb lim: 12901 exec/s: 1696 rss: 64Mb L: 1016/12901 MS: 1 PersAutoDict- DE: "\023\000\000\000"-
#6785	REDUCE cov: 1333 ft: 3779 corp: 409/600Kb lim: 12901 exec/s: 1696 rss: 64Mb L: 116/12901 MS: 1 EraseBytes-
#6799	REDUCE cov: 1333 ft: 3779 corp: 409/600Kb lim: 12901 exec/s: 1699 rss: 64Mb L: 356/12901 MS: 4 InsertByte-ChangeASCIIInt-InsertByte-EraseBytes-
#6884	NEW    cov: 1338 ft: 3785 corp: 410/609Kb lim: 12901 exec/s: 1721 rss: 64Mb L: 8678/12901 MS: 5 ShuffleBytes-ShuffleBytes-PersAutoDict-ChangeBinInt-CopyPart- DE: "\001\000\000\000\000\000\0000"-
#6920	NEW    cov: 1338 ft: 3786 corp: 411/609Kb lim: 12901 exec/s: 1730 rss: 64Mb L: 130/12901 MS: 1 CMP- DE: "oFFs"-
#6958	REDUCE cov: 1338 ft: 3786 corp: 411/609Kb lim: 12901 exec/s: 1739 rss: 64Mb L: 543/12901 MS: 3 ChangeASCIIInt-ShuffleBytes-EraseBytes-
#6967	NEW    cov: 1339 ft: 3788 corp: 412/618Kb lim: 12901 exec/s: 1741 rss: 64Mb L: 9224/12901 MS: 4 PersAutoDict-ShuffleBytes-CopyPart-PersAutoDict- DE: "iCCP"-"\007\000\000\000"-
#6973	NEW    cov: 1339 ft: 3789 corp: 413/618Kb lim: 12901 exec/s: 1743 rss: 64Mb L: 216/12901 MS: 1 PersAutoDict- DE: "DNEI"-
#6998	NEW    cov: 1339 ft: 3791 corp: 414/619Kb lim: 12901 exec/s: 1749 rss: 64Mb L: 498/12901 MS: 5 CopyPart-EraseBytes-CopyPart-CMP-CopyPart- DE: "oFFs"-
#7018	NEW    cov: 1339 ft: 3792 corp: 415/619Kb lim: 12901 exec/s: 1754 rss: 64Mb L: 395/12901 MS: 5 InsertByte-ChangeBinInt-PersAutoDict-ChangeBit-ChangeASCIIInt- DE: "mDCV"-
#7039	REDUCE cov: 1339 ft: 3792 corp: 415/618Kb lim: 12901 exec/s: 1759 rss: 64Mb L: 7209/12901 MS: 1 EraseBytes-
#7110	REDUCE cov: 1339 ft: 3792 corp: 415/617Kb lim: 12901 exec/s: 1777 rss: 64Mb L: 357/12901 MS: 1 EraseBytes-
#7134	REDUCE cov: 1339 ft: 3792 corp: 415/617Kb lim: 12901 exec/s: 1783 rss: 64Mb L: 5622/12901 MS: 4 ChangeByte-ChangeByte-ShuffleBytes-EraseBytes-
#7205	NEW    cov: 1339 ft: 3793 corp: 416/617Kb lim: 12901 exec/s: 1801 rss: 64Mb L: 201/12901 MS: 1 ChangeByte-
#7218	NEW    cov: 1340 ft: 3794 corp: 417/618Kb lim: 12901 exec/s: 1804 rss: 64Mb L: 811/12901 MS: 3 CopyPart-InsertRepeatedBytes-InsertByte-
#7220	NEW    cov: 1342 ft: 3796 corp: 418/618Kb lim: 12901 exec/s: 1805 rss: 64Mb L: 309/12901 MS: 2 ChangeByte-ChangeByte-
#7221	NEW    cov: 1342 ft: 3799 corp: 419/618Kb lim: 12901 exec/s: 1805 rss: 64Mb L: 208/12901 MS: 1 PersAutoDict- DE: "iTXt"-
#7552	NEW    cov: 1342 ft: 3801 corp: 420/618Kb lim: 12901 exec/s: 1888 rss: 64Mb L: 142/12901 MS: 1 PersAutoDict- DE: "cICP"-
#7579	NEW    cov: 1342 ft: 3803 corp: 421/618Kb lim: 12901 exec/s: 1894 rss: 64Mb L: 147/12901 MS: 2 ChangeBinInt-InsertByte-
#7622	NEW    cov: 1342 ft: 3804 corp: 422/621Kb lim: 12901 exec/s: 1905 rss: 64Mb L: 2667/12901 MS: 3 CrossOver-CMP-ShuffleBytes- DE: "\000\000\000\000\000\000\000\303"-
#7667	REDUCE cov: 1342 ft: 3804 corp: 422/621Kb lim: 12901 exec/s: 1916 rss: 64Mb L: 49/12901 MS: 5 ChangeBinInt-ShuffleBytes-CrossOver-ChangeBit-EraseBytes-
#7688	REDUCE cov: 1342 ft: 3804 corp: 422/621Kb lim: 12901 exec/s: 1922 rss: 64Mb L: 187/12901 MS: 1 EraseBytes-
#7700	NEW    cov: 1342 ft: 3805 corp: 423/623Kb lim: 12901 exec/s: 1925 rss: 64Mb L: 2408/12901 MS: 2 InsertByte-ChangeByte-
#7801	NEW    cov: 1342 ft: 3806 corp: 424/625Kb lim: 12901 exec/s: 1950 rss: 64Mb L: 1624/12901 MS: 1 ChangeASCIIInt-
#7808	REDUCE cov: 1342 ft: 3806 corp: 424/625Kb lim: 12901 exec/s: 1952 rss: 64Mb L: 159/12901 MS: 2 ChangeBinInt-EraseBytes-
#7855	NEW    cov: 1343 ft: 3807 corp: 425/625Kb lim: 12901 exec/s: 1963 rss: 64Mb L: 401/12901 MS: 2 InsertRepeatedBytes-ChangeBinInt-
#7877	NEW    cov: 1344 ft: 3808 corp: 426/625Kb lim: 12901 exec/s: 1969 rss: 64Mb L: 214/12901 MS: 2 CopyPart-EraseBytes-
#7880	NEW    cov: 1344 ft: 3810 corp: 427/628Kb lim: 12901 exec/s: 1970 rss: 64Mb L: 2407/12901 MS: 3 ChangeBit-CMP-PersAutoDict- DE: "\007\000\000\000\000\000\000\000"-"\023\000\000\000"-
#7882	REDUCE cov: 1344 ft: 3810 corp: 427/628Kb lim: 12901 exec/s: 1970 rss: 64Mb L: 273/12901 MS: 2 ChangeByte-EraseBytes-
#7913	REDUCE cov: 1344 ft: 3810 corp: 427/628Kb lim: 12901 exec/s: 1978 rss: 64Mb L: 202/12901 MS: 1 EraseBytes-
#7989	REDUCE cov: 1344 ft: 3810 corp: 427/627Kb lim: 12901 exec/s: 1997 rss: 64Mb L: 78/12901 MS: 1 EraseBytes-
#8065	REDUCE cov: 1344 ft: 3810 corp: 427/627Kb lim: 12901 exec/s: 2016 rss: 64Mb L: 48/12901 MS: 1 EraseBytes-
#8124	NEW    cov: 1345 ft: 3811 corp: 428/628Kb lim: 12901 exec/s: 2031 rss: 64Mb L: 308/12901 MS: 4 CopyPart-EraseBytes-EraseBytes-CrossOver-
#8150	NEW    cov: 1345 ft: 3812 corp: 429/628Kb lim: 12901 exec/s: 2037 rss: 64Mb L: 499/12901 MS: 1 ShuffleBytes-
#8151	REDUCE cov: 1345 ft: 3812 corp: 429/628Kb lim: 12901 exec/s: 2037 rss: 64Mb L: 3668/12901 MS: 1 EraseBytes-
#8192	pulse  cov: 1345 ft: 3812 corp: 429/628Kb lim: 12901 exec/s: 1638 rss: 64Mb
#8221	NEW    cov: 1345 ft: 3814 corp: 430/629Kb lim: 12901 exec/s: 1644 rss: 64Mb L: 685/12901 MS: 5 CMP-PersAutoDict-ChangeBinInt-ShuffleBytes-CopyPart- DE: "\001\377"-"\001\000\000\000\000\000\000?"-
#8277	NEW    cov: 1345 ft: 3815 corp: 431/629Kb lim: 12901 exec/s: 1655 rss: 64Mb L: 311/12901 MS: 1 CMP- DE: "bKGD"-
#8350	REDUCE cov: 1345 ft: 3815 corp: 431/629Kb lim: 12901 exec/s: 1670 rss: 64Mb L: 652/12901 MS: 3 ChangeBit-ChangeByte-EraseBytes-
#8352	REDUCE cov: 1345 ft: 3815 corp: 431/628Kb lim: 12901 exec/s: 1670 rss: 64Mb L: 853/12901 MS: 2 PersAutoDict-EraseBytes- DE: "\032\000\000\000\000\000\000\000"-
#8361	NEW    cov: 1345 ft: 3816 corp: 432/631Kb lim: 12901 exec/s: 1672 rss: 64Mb L: 2728/12901 MS: 4 ChangeBinInt-ShuffleBytes-ChangeASCIIInt-ChangeByte-
#8383	REDUCE cov: 1345 ft: 3816 corp: 432/631Kb lim: 12901 exec/s: 1676 rss: 64Mb L: 2625/12901 MS: 2 InsertRepeatedBytes-EraseBytes-
#8459	REDUCE cov: 1345 ft: 3816 corp: 432/631Kb lim: 12901 exec/s: 1691 rss: 64Mb L: 749/12901 MS: 1 EraseBytes-
#8477	NEW    cov: 1345 ft: 3817 corp: 433/632Kb lim: 12901 exec/s: 1695 rss: 64Mb L: 1275/12901 MS: 3 ChangeBit-CrossOver-PersAutoDict- DE: "oFFs"-
#8569	REDUCE cov: 1345 ft: 3817 corp: 433/629Kb lim: 12901 exec/s: 1713 rss: 64Mb L: 3827/12901 MS: 2 CopyPart-EraseBytes-
#8606	NEW    cov: 1345 ft: 3818 corp: 434/631Kb lim: 12901 exec/s: 1721 rss: 64Mb L: 2041/12901 MS: 2 ChangeASCIIInt-ChangeBinInt-
#8620	REDUCE cov: 1345 ft: 3818 corp: 434/630Kb lim: 12901 exec/s: 1724 rss: 64Mb L: 1478/12901 MS: 4 ChangeByte-ChangeBit-InsertByte-EraseBytes-
#8626	NEW    cov: 1345 ft: 3819 corp: 435/631Kb lim: 12901 exec/s: 1725 rss: 64Mb L: 777/12901 MS: 1 CopyPart-
#8652	NEW    cov: 1345 ft: 3820 corp: 436/631Kb lim: 12901 exec/s: 1730 rss: 64Mb L: 176/12901 MS: 1 ChangeByte-
#8683	NEW    cov: 1346 ft: 3821 corp: 437/632Kb lim: 12901 exec/s: 1736 rss: 64Mb L: 176/12901 MS: 1 ChangeASCIIInt-
#8721	REDUCE cov: 1346 ft: 3821 corp: 437/631Kb lim: 12901 exec/s: 1744 rss: 64Mb L: 275/12901 MS: 3 PersAutoDict-ShuffleBytes-EraseBytes- DE: "\377\377\377Y"-
#8796	REDUCE cov: 1346 ft: 3821 corp: 437/631Kb lim: 12901 exec/s: 1759 rss: 64Mb L: 598/12901 MS: 5 CopyPart-InsertByte-ShuffleBytes-ChangeASCIIInt-EraseBytes-
#8852	REDUCE cov: 1346 ft: 3821 corp: 437/631Kb lim: 12901 exec/s: 1770 rss: 64Mb L: 1279/12901 MS: 1 EraseBytes-
#8871	NEW    cov: 1346 ft: 3830 corp: 438/632Kb lim: 12901 exec/s: 1774 rss: 64Mb L: 1017/12901 MS: 4 InsertByte-ChangeASCIIInt-InsertRepeatedBytes-CrossOver-
#8949	REDUCE cov: 1346 ft: 3830 corp: 438/632Kb lim: 12901 exec/s: 1789 rss: 64Mb L: 249/12901 MS: 3 ShuffleBytes-CrossOver-EraseBytes-
#8990	REDUCE cov: 1346 ft: 3830 corp: 438/632Kb lim: 12901 exec/s: 1798 rss: 64Mb L: 12547/12901 MS: 1 EraseBytes-
#9002	NEW    cov: 1346 ft: 3831 corp: 439/634Kb lim: 12901 exec/s: 1800 rss: 64Mb L: 2728/12901 MS: 2 ChangeASCIIInt-ChangeBinInt-
#9019	NEW    cov: 1346 ft: 3832 corp: 440/647Kb lim: 12901 exec/s: 1803 rss: 64Mb L: 12901/12901 MS: 2 ShuffleBytes-CopyPart-
#9021	REDUCE cov: 1346 ft: 3832 corp: 440/647Kb lim: 12901 exec/s: 1804 rss: 64Mb L: 127/12901 MS: 2 CMP-EraseBytes- DE: "sBIT"-
#9029	NEW    cov: 1346 ft: 3834 corp: 441/647Kb lim: 12901 exec/s: 1805 rss: 64Mb L: 285/12901 MS: 3 EraseBytes-ShuffleBytes-InsertRepeatedBytes-
#9122	NEW    cov: 1346 ft: 3835 corp: 442/648Kb lim: 12901 exec/s: 1824 rss: 64Mb L: 684/12901 MS: 3 CMP-ChangeASCIIInt-ChangeBit- DE: "sRGB"-
#9212	REDUCE cov: 1346 ft: 3835 corp: 442/646Kb lim: 12901 exec/s: 1842 rss: 64Mb L: 10769/12901 MS: 5 CrossOver-ChangeBinInt-ChangeBit-CrossOver-EraseBytes-
#9213	NEW    cov: 1346 ft: 3836 corp: 443/648Kb lim: 12901 exec/s: 1842 rss: 64Mb L: 2624/12901 MS: 1 ChangeBit-
#9279	NEW    cov: 1346 ft: 3837 corp: 444/649Kb lim: 12901 exec/s: 1855 rss: 64Mb L: 1048/12901 MS: 1 CrossOver-
#9324	REDUCE cov: 1346 ft: 3837 corp: 444/649Kb lim: 12901 exec/s: 1864 rss: 64Mb L: 688/12901 MS: 5 PersAutoDict-ShuffleBytes-CopyPart-InsertRepeatedBytes-EraseBytes- DE: "\010\000\000\000\000\000\000\000"-
#9346	NEW    cov: 1346 ft: 3838 corp: 445/651Kb lim: 12901 exec/s: 1869 rss: 64Mb L: 1624/12901 MS: 2 ChangeASCIIInt-CrossOver-
#9348	REDUCE cov: 1346 ft: 3838 corp: 445/650Kb lim: 12901 exec/s: 1869 rss: 64Mb L: 174/12901 MS: 2 ChangeASCIIInt-EraseBytes-
#9363	REDUCE cov: 1346 ft: 3838 corp: 445/650Kb lim: 12901 exec/s: 1872 rss: 64Mb L: 60/12901 MS: 5 ChangeByte-CrossOver-ChangeASCIIInt-CopyPart-EraseBytes-
#9474	NEW    cov: 1346 ft: 3839 corp: 446/651Kb lim: 12901 exec/s: 1894 rss: 64Mb L: 208/12901 MS: 1 ChangeASCIIInt-
#9510	REDUCE cov: 1346 ft: 3839 corp: 446/651Kb lim: 12901 exec/s: 1902 rss: 64Mb L: 180/12901 MS: 1 EraseBytes-
#9626	NEW    cov: 1346 ft: 3846 corp: 447/651Kb lim: 12901 exec/s: 1925 rss: 64Mb L: 265/12901 MS: 1 CMP- DE: "\377\007"-
#9652	REDUCE cov: 1346 ft: 3846 corp: 447/651Kb lim: 12901 exec/s: 1930 rss: 64Mb L: 85/12901 MS: 1 EraseBytes-
#9655	REDUCE cov: 1346 ft: 3846 corp: 447/651Kb lim: 12901 exec/s: 1931 rss: 64Mb L: 737/12901 MS: 3 PersAutoDict-InsertRepeatedBytes-EraseBytes- DE: "pCAL"-
#9678	NEW    cov: 1346 ft: 3847 corp: 448/654Kb lim: 12901 exec/s: 1935 rss: 64Mb L: 2850/12901 MS: 3 CopyPart-ChangeBinInt-ShuffleBytes-
#9771	REDUCE cov: 1346 ft: 3847 corp: 448/654Kb lim: 12901 exec/s: 1954 rss: 64Mb L: 247/12901 MS: 3 ShuffleBytes-ChangeBit-EraseBytes-
#9796	REDUCE cov: 1346 ft: 3847 corp: 448/654Kb lim: 12901 exec/s: 1959 rss: 64Mb L: 259/12901 MS: 5 ChangeBit-CMP-PersAutoDict-PersAutoDict-EraseBytes- DE: "\377\377\377\377"-"pCAL"-"sRGB"-
#9805	REDUCE cov: 1346 ft: 3847 corp: 448/653Kb lim: 12901 exec/s: 1961 rss: 64Mb L: 3035/12901 MS: 4 InsertByte-ChangeByte-CrossOver-EraseBytes-
#9816	NEW    cov: 1346 ft: 3848 corp: 449/655Kb lim: 12901 exec/s: 1963 rss: 64Mb L: 2624/12901 MS: 1 CMP- DE: "gAMA"-
#9942	NEW    cov: 1346 ft: 3851 corp: 450/655Kb lim: 12901 exec/s: 1988 rss: 64Mb L: 146/12901 MS: 1 InsertByte-
#9943	NEW    cov: 1346 ft: 3853 corp: 451/656Kb lim: 12901 exec/s: 1988 rss: 64Mb L: 138/12901 MS: 1 ChangeBit-
#9946	REDUCE cov: 1346 ft: 3853 corp: 451/656Kb lim: 12901 exec/s: 1989 rss: 64Mb L: 778/12901 MS: 3 ShuffleBytes-CrossOver-EraseBytes-
	NEW_FUNC[1/1]: 0x55b35c095980 in png_inflate_read /src/libpng/pngrutil.c:839
#9995	NEW    cov: 1355 ft: 3862 corp: 452/656Kb lim: 12901 exec/s: 1999 rss: 64Mb L: 908/12901 MS: 4 ChangeBinInt-PersAutoDict-PersAutoDict-PersAutoDict- DE: "cICP"-"\021\000\000\000\000\000\000\000"-"iCCP"-
#10131	REDUCE cov: 1355 ft: 3865 corp: 453/657Kb lim: 12901 exec/s: 2026 rss: 64Mb L: 138/12901 MS: 1 CMP- DE: "\001\000\000\000\000\000\000\000"-
#10163	NEW    cov: 1355 ft: 3866 corp: 454/658Kb lim: 12901 exec/s: 2032 rss: 64Mb L: 1048/12901 MS: 2 PersAutoDict-ChangeBinInt- DE: "\377\007"-
#10175	REDUCE cov: 1355 ft: 3866 corp: 454/657Kb lim: 12901 exec/s: 2035 rss: 64Mb L: 1569/12901 MS: 2 ChangeBit-EraseBytes-
#10211	REDUCE cov: 1355 ft: 3866 corp: 454/657Kb lim: 12901 exec/s: 2042 rss: 64Mb L: 530/12901 MS: 1 EraseBytes-
#10239	REDUCE cov: 1355 ft: 3866 corp: 454/657Kb lim: 12901 exec/s: 2047 rss: 64Mb L: 864/12901 MS: 3 ChangeBit-InsertRepeatedBytes-EraseBytes-
#10300	NEW    cov: 1355 ft: 3867 corp: 455/657Kb lim: 12901 exec/s: 2060 rss: 64Mb L: 216/12901 MS: 1 ChangeByte-
#10345	NEW    cov: 1355 ft: 3869 corp: 456/658Kb lim: 12901 exec/s: 2069 rss: 64Mb L: 744/12901 MS: 5 ChangeByte-ShuffleBytes-ChangeASCIIInt-ChangeByte-ShuffleBytes-
#10354	NEW    cov: 1355 ft: 3870 corp: 457/660Kb lim: 12901 exec/s: 2070 rss: 64Mb L: 2308/12901 MS: 4 ChangeASCIIInt-CopyPart-CMP-ShuffleBytes- DE: "mDCV"-
#10411	REDUCE cov: 1355 ft: 3870 corp: 457/660Kb lim: 12901 exec/s: 2082 rss: 64Mb L: 575/12901 MS: 2 ChangeASCIIInt-EraseBytes-
#10417	NEW    cov: 1355 ft: 3871 corp: 458/663Kb lim: 12901 exec/s: 2083 rss: 64Mb L: 2624/12901 MS: 1 CopyPart-
#10484	NEW    cov: 1356 ft: 3872 corp: 459/663Kb lim: 12901 exec/s: 2096 rss: 64Mb L: 226/12901 MS: 2 ChangeBinInt-CopyPart-
#10507	NEW    cov: 1357 ft: 3873 corp: 460/664Kb lim: 12901 exec/s: 2101 rss: 64Mb L: 940/12901 MS: 3 ChangeBinInt-InsertRepeatedBytes-InsertRepeatedBytes-
#10548	REDUCE cov: 1357 ft: 3873 corp: 460/664Kb lim: 12901 exec/s: 2109 rss: 64Mb L: 157/12901 MS: 1 EraseBytes-
#10600	NEW    cov: 1357 ft: 3875 corp: 461/664Kb lim: 12901 exec/s: 2120 rss: 64Mb L: 309/12901 MS: 2 CrossOver-CMP- DE: "\000\000\000\031"-
#10602	REDUCE cov: 1357 ft: 3875 corp: 461/661Kb lim: 12901 exec/s: 2120 rss: 64Mb L: 1853/12901 MS: 2 CopyPart-CrossOver-
#10800	REDUCE cov: 1357 ft: 3875 corp: 461/660Kb lim: 12901 exec/s: 2160 rss: 64Mb L: 2286/12901 MS: 3 ChangeASCIIInt-ChangeASCIIInt-EraseBytes-
#10801	NEW    cov: 1357 ft: 3876 corp: 462/661Kb lim: 12901 exec/s: 2160 rss: 64Mb L: 146/12901 MS: 1 CrossOver-
#10867	NEW    cov: 1357 ft: 3877 corp: 463/661Kb lim: 12901 exec/s: 2173 rss: 64Mb L: 777/12901 MS: 1 ChangeByte-
#10918	NEW    cov: 1357 ft: 3878 corp: 464/662Kb lim: 12901 exec/s: 2183 rss: 64Mb L: 558/12901 MS: 1 CopyPart-
#10946	REDUCE cov: 1357 ft: 3878 corp: 464/662Kb lim: 12901 exec/s: 2189 rss: 64Mb L: 186/12901 MS: 3 PersAutoDict-InsertByte-EraseBytes- DE: "\000\000\000\000\000\000\000\000"-
#10997	NEW    cov: 1357 ft: 3879 corp: 465/663Kb lim: 12901 exec/s: 2199 rss: 64Mb L: 778/12901 MS: 1 InsertByte-
#11003	NEW    cov: 1357 ft: 3880 corp: 466/663Kb lim: 12901 exec/s: 2200 rss: 64Mb L: 177/12901 MS: 1 InsertByte-
#11085	NEW    cov: 1357 ft: 3881 corp: 467/665Kb lim: 12901 exec/s: 2217 rss: 64Mb L: 2624/12901 MS: 2 ChangeBinInt-CMP- DE: "\304\000\000\000\000\000\000\000"-
#11277	REDUCE cov: 1357 ft: 3881 corp: 467/665Kb lim: 12901 exec/s: 1879 rss: 64Mb L: 615/12901 MS: 2 ChangeBit-EraseBytes-
#11314	REDUCE cov: 1357 ft: 3881 corp: 467/665Kb lim: 12901 exec/s: 1885 rss: 64Mb L: 304/12901 MS: 2 ChangeByte-EraseBytes-
#11320	REDUCE cov: 1357 ft: 3881 corp: 467/665Kb lim: 12901 exec/s: 1886 rss: 64Mb L: 191/12901 MS: 1 EraseBytes-
#11365	REDUCE cov: 1357 ft: 3881 corp: 467/665Kb lim: 12901 exec/s: 1894 rss: 64Mb L: 111/12901 MS: 5 PersAutoDict-ChangeBit-ChangeByte-ChangeByte-EraseBytes- DE: "\001\020"-
#11431	REDUCE cov: 1357 ft: 3881 corp: 467/665Kb lim: 12901 exec/s: 1905 rss: 64Mb L: 208/12901 MS: 1 EraseBytes-
#11556	NEW    cov: 1357 ft: 3883 corp: 468/669Kb lim: 12901 exec/s: 1926 rss: 64Mb L: 4172/12901 MS: 5 CrossOver-ShuffleBytes-PersAutoDict-ChangeBit-CMP- DE: "\023\000\000\000\000\000\000\000"-"\001\000\000\000\000\000\000\026"-
#11652	NEW    cov: 1358 ft: 3884 corp: 469/669Kb lim: 12901 exec/s: 1942 rss: 64Mb L: 267/12901 MS: 1 PersAutoDict- DE: "\000\240"-
#11694	NEW    cov: 1358 ft: 3887 corp: 470/670Kb lim: 12901 exec/s: 1949 rss: 64Mb L: 201/12901 MS: 2 PersAutoDict-CopyPart- DE: "gAMA"-
#11741	REDUCE cov: 1358 ft: 3887 corp: 470/670Kb lim: 12901 exec/s: 1956 rss: 64Mb L: 98/12901 MS: 2 ChangeByte-EraseBytes-
#11765	NEW    cov: 1359 ft: 3888 corp: 471/671Kb lim: 12901 exec/s: 1960 rss: 64Mb L: 1004/12901 MS: 4 ChangeByte-CrossOver-InsertRepeatedBytes-PersAutoDict- DE: "\376\377\377\377\000\000\000\000"-
#11777	NEW    cov: 1361 ft: 3890 corp: 472/671Kb lim: 12901 exec/s: 1962 rss: 64Mb L: 325/12901 MS: 2 ShuffleBytes-ChangeBit-
#11844	REDUCE cov: 1361 ft: 3890 corp: 472/671Kb lim: 12901 exec/s: 1974 rss: 64Mb L: 172/12901 MS: 2 ChangeASCIIInt-EraseBytes-
#11866	REDUCE cov: 1361 ft: 3890 corp: 472/671Kb lim: 12901 exec/s: 1977 rss: 64Mb L: 1086/12901 MS: 2 ChangeASCIIInt-EraseBytes-
#11950	REDUCE cov: 1361 ft: 3890 corp: 472/670Kb lim: 12901 exec/s: 1991 rss: 64Mb L: 397/12901 MS: 4 InsertByte-ChangeASCIIInt-ChangeBit-EraseBytes-
#11987	REDUCE cov: 1361 ft: 3890 corp: 472/670Kb lim: 12901 exec/s: 1997 rss: 64Mb L: 135/12901 MS: 2 ChangeASCIIInt-EraseBytes-
#12026	REDUCE cov: 1361 ft: 3890 corp: 472/670Kb lim: 12901 exec/s: 2004 rss: 64Mb L: 3719/12901 MS: 4 CMP-CMP-ChangeBit-EraseBytes- DE: "\377\377\377\377\377\377\0009"-"\304\000\000\000\000\000\000\000"-
#12115	NEW    cov: 1362 ft: 3891 corp: 473/672Kb lim: 12901 exec/s: 2019 rss: 64Mb L: 2135/12901 MS: 4 ChangeBinInt-ShuffleBytes-InsertRepeatedBytes-CMP- DE: "\035\000"-
#12253	REDUCE cov: 1362 ft: 3891 corp: 473/672Kb lim: 12901 exec/s: 2042 rss: 64Mb L: 895/12901 MS: 3 ChangeBit-ChangeByte-EraseBytes-
#12272	REDUCE cov: 1362 ft: 3891 corp: 473/670Kb lim: 12901 exec/s: 2045 rss: 64Mb L: 1258/12901 MS: 4 ChangeByte-InsertRepeatedBytes-InsertByte-EraseBytes-
#12513	NEW    cov: 1362 ft: 3892 corp: 474/679Kb lim: 12901 exec/s: 2085 rss: 64Mb L: 8836/12901 MS: 1 PersAutoDict- DE: "\007\000\000\000"-
#12558	REDUCE cov: 1362 ft: 3892 corp: 474/679Kb lim: 12901 exec/s: 2093 rss: 64Mb L: 9989/12901 MS: 5 ChangeASCIIInt-ChangeBinInt-PersAutoDict-ChangeByte-EraseBytes- DE: "eXIf"-
#12590	REDUCE cov: 1362 ft: 3892 corp: 474/678Kb lim: 12901 exec/s: 2098 rss: 64Mb L: 11873/12901 MS: 2 ChangeByte-CrossOver-
#12636	NEW    cov: 1362 ft: 3894 corp: 475/678Kb lim: 12901 exec/s: 2106 rss: 64Mb L: 282/12901 MS: 1 ShuffleBytes-
#12684	REDUCE cov: 1362 ft: 3894 corp: 475/678Kb lim: 12901 exec/s: 2114 rss: 64Mb L: 2725/12901 MS: 3 ChangeBit-ChangeBit-EraseBytes-
#12705	NEW    cov: 1362 ft: 3896 corp: 476/680Kb lim: 12901 exec/s: 2117 rss: 64Mb L: 2080/12901 MS: 1 CrossOver-
#12756	REDUCE cov: 1362 ft: 3896 corp: 476/680Kb lim: 12901 exec/s: 2126 rss: 64Mb L: 330/12901 MS: 1 EraseBytes-
#12882	NEW    cov: 1362 ft: 3897 corp: 477/681Kb lim: 12901 exec/s: 2147 rss: 64Mb L: 1624/12901 MS: 1 CrossOver-
#12883	REDUCE cov: 1362 ft: 3897 corp: 477/681Kb lim: 12901 exec/s: 2147 rss: 64Mb L: 114/12901 MS: 1 EraseBytes-
#12907	REDUCE cov: 1362 ft: 3897 corp: 477/681Kb lim: 12901 exec/s: 2151 rss: 64Mb L: 144/12901 MS: 4 ChangeByte-PersAutoDict-ChangeBinInt-EraseBytes- DE: "\000\000\000\031"-
#12984	REDUCE cov: 1362 ft: 3897 corp: 477/681Kb lim: 12901 exec/s: 2164 rss: 64Mb L: 3070/12901 MS: 2 CopyPart-EraseBytes-
#12986	REDUCE cov: 1363 ft: 3898 corp: 478/688Kb lim: 12901 exec/s: 2164 rss: 64Mb L: 7665/12901 MS: 2 EraseBytes-ShuffleBytes-
#12999	NEW    cov: 1364 ft: 3899 corp: 479/688Kb lim: 12901 exec/s: 2166 rss: 64Mb L: 142/12901 MS: 3 ChangeASCIIInt-ChangeASCIIInt-ChangeBinInt-
#13131	NEW    cov: 1364 ft: 3900 corp: 480/701Kb lim: 12901 exec/s: 2188 rss: 64Mb L: 12901/12901 MS: 2 ChangeASCIIInt-CopyPart-
#13157	REDUCE cov: 1364 ft: 3900 corp: 480/701Kb lim: 12901 exec/s: 2192 rss: 64Mb L: 88/12901 MS: 1 EraseBytes-
#13184	REDUCE cov: 1364 ft: 3900 corp: 480/701Kb lim: 12901 exec/s: 2197 rss: 64Mb L: 226/12901 MS: 2 ChangeBit-EraseBytes-
#13260	REDUCE cov: 1364 ft: 3900 corp: 480/700Kb lim: 12901 exec/s: 2210 rss: 64Mb L: 2350/12901 MS: 1 EraseBytes-
#13351	NEW    cov: 1364 ft: 3901 corp: 481/703Kb lim: 12901 exec/s: 2225 rss: 64Mb L: 3092/12901 MS: 1 CrossOver-
#13457	REDUCE cov: 1364 ft: 3901 corp: 481/703Kb lim: 12901 exec/s: 2242 rss: 64Mb L: 885/12901 MS: 1 EraseBytes-
#13475	REDUCE cov: 1364 ft: 3901 corp: 481/703Kb lim: 12901 exec/s: 2245 rss: 64Mb L: 98/12901 MS: 3 PersAutoDict-ChangeByte-EraseBytes- DE: "\000\000\000\031"-
#13489	REDUCE cov: 1364 ft: 3901 corp: 481/702Kb lim: 12901 exec/s: 2248 rss: 64Mb L: 8738/12901 MS: 4 CrossOver-PersAutoDict-InsertByte-EraseBytes- DE: "\035\000"-
#13543	REDUCE cov: 1364 ft: 3901 corp: 481/702Kb lim: 12901 exec/s: 2257 rss: 64Mb L: 115/12901 MS: 4 ChangeByte-ShuffleBytes-ShuffleBytes-EraseBytes-
#13564	NEW    cov: 1364 ft: 3902 corp: 482/705Kb lim: 12901 exec/s: 2260 rss: 64Mb L: 3435/12901 MS: 1 ChangeBinInt-
#13626	REDUCE cov: 1364 ft: 3902 corp: 482/705Kb lim: 12901 exec/s: 2271 rss: 64Mb L: 283/12901 MS: 2 ChangeASCIIInt-EraseBytes-
#13650	REDUCE cov: 1364 ft: 3902 corp: 482/705Kb lim: 12901 exec/s: 2275 rss: 64Mb L: 597/12901 MS: 4 CrossOver-ChangeASCIIInt-ChangeBit-EraseBytes-
#13714	REDUCE cov: 1364 ft: 3902 corp: 482/705Kb lim: 12901 exec/s: 2285 rss: 64Mb L: 629/12901 MS: 4 ChangeBinInt-CopyPart-ShuffleBytes-EraseBytes-
#13761	NEW    cov: 1364 ft: 3903 corp: 483/705Kb lim: 12901 exec/s: 2293 rss: 64Mb L: 138/12901 MS: 2 CopyPart-ChangeASCIIInt-
#13866	REDUCE cov: 1365 ft: 3904 corp: 484/705Kb lim: 12901 exec/s: 2311 rss: 64Mb L: 197/12901 MS: 5 CMP-InsertRepeatedBytes-ChangeBinInt-ChangeBit-CMP- DE: "\377\377\377\377\377\377\377\006"-"IDAT"-
#13918	REDUCE cov: 1365 ft: 3904 corp: 484/705Kb lim: 12901 exec/s: 2319 rss: 64Mb L: 443/12901 MS: 2 PersAutoDict-EraseBytes- DE: "\032\000\000\000\000\000\000\000"-
#13955	REDUCE cov: 1365 ft: 3904 corp: 484/705Kb lim: 12901 exec/s: 2325 rss: 64Mb L: 1171/12901 MS: 2 CMP-EraseBytes- DE: "sTER"-
#14016	REDUCE cov: 1365 ft: 3904 corp: 484/705Kb lim: 12901 exec/s: 2336 rss: 64Mb L: 8683/12901 MS: 1 EraseBytes-
#14077	NEW    cov: 1365 ft: 3905 corp: 485/707Kb lim: 12901 exec/s: 2346 rss: 64Mb L: 2728/12901 MS: 1 ChangeBit-
#14095	REDUCE cov: 1365 ft: 3905 corp: 485/707Kb lim: 12901 exec/s: 2349 rss: 64Mb L: 1138/12901 MS: 3 InsertRepeatedBytes-InsertByte-EraseBytes-
#14123	REDUCE cov: 1365 ft: 3905 corp: 485/707Kb lim: 12901 exec/s: 2353 rss: 64Mb L: 376/12901 MS: 3 ChangeByte-ChangeByte-EraseBytes-
#14139	NEW    cov: 1365 ft: 3907 corp: 486/710Kb lim: 12901 exec/s: 2356 rss: 64Mb L: 2624/12901 MS: 1 ChangeBinInt-
#14182	REDUCE cov: 1365 ft: 3907 corp: 486/707Kb lim: 12901 exec/s: 2363 rss: 64Mb L: 5862/12901 MS: 3 PersAutoDict-ChangeBinInt-CrossOver- DE: "\010\000\000\000\000\000\000\000"-
#14191	REDUCE cov: 1365 ft: 3907 corp: 486/707Kb lim: 12901 exec/s: 2365 rss: 64Mb L: 264/12901 MS: 4 CMP-CopyPart-CopyPart-EraseBytes- DE: "mDCV"-
#14260	REDUCE cov: 1365 ft: 3907 corp: 486/707Kb lim: 12901 exec/s: 2376 rss: 64Mb L: 44/12901 MS: 4 ShuffleBytes-InsertByte-InsertByte-EraseBytes-
#14272	REDUCE cov: 1365 ft: 3907 corp: 486/707Kb lim: 12901 exec/s: 2378 rss: 64Mb L: 105/12901 MS: 2 CMP-EraseBytes- DE: "iTXt"-
#14275	REDUCE cov: 1365 ft: 3907 corp: 486/707Kb lim: 12901 exec/s: 2379 rss: 64Mb L: 635/12901 MS: 3 ChangeBinInt-InsertByte-EraseBytes-
#14326	REDUCE cov: 1365 ft: 3907 corp: 486/706Kb lim: 12901 exec/s: 2387 rss: 64Mb L: 9929/12901 MS: 1 EraseBytes-
#14327	NEW    cov: 1365 ft: 3908 corp: 487/706Kb lim: 12901 exec/s: 2387 rss: 64Mb L: 216/12901 MS: 1 CopyPart-
#14335	REDUCE cov: 1365 ft: 3908 corp: 487/706Kb lim: 12901 exec/s: 2389 rss: 64Mb L: 106/12901 MS: 3 ChangeByte-InsertByte-EraseBytes-
#14368	REDUCE cov: 1365 ft: 3908 corp: 487/706Kb lim: 12901 exec/s: 2394 rss: 64Mb L: 145/12901 MS: 3 ChangeByte-ChangeByte-EraseBytes-
#14455	NEW    cov: 1365 ft: 3909 corp: 488/708Kb lim: 12901 exec/s: 2409 rss: 64Mb L: 2624/12901 MS: 2 ShuffleBytes-ChangeBinInt-
#14471	NEW    cov: 1365 ft: 3910 corp: 489/709Kb lim: 12901 exec/s: 2411 rss: 64Mb L: 145/12901 MS: 1 ChangeBinInt-
#14602	REDUCE cov: 1365 ft: 3910 corp: 489/708Kb lim: 12901 exec/s: 2433 rss: 64Mb L: 2238/12901 MS: 1 EraseBytes-
#14604	NEW    cov: 1367 ft: 3912 corp: 490/709Kb lim: 12901 exec/s: 2434 rss: 64Mb L: 777/12901 MS: 2 ChangeBinInt-CrossOver-
#14771	REDUCE cov: 1367 ft: 3912 corp: 490/708Kb lim: 12901 exec/s: 2461 rss: 64Mb L: 7011/12901 MS: 2 CopyPart-CrossOver-
#14824	NEW    cov: 1367 ft: 3913 corp: 491/709Kb lim: 12901 exec/s: 2470 rss: 64Mb L: 1375/12901 MS: 3 ChangeASCIIInt-ChangeBinInt-InsertRepeatedBytes-
#14845	REDUCE cov: 1367 ft: 3913 corp: 491/709Kb lim: 12901 exec/s: 2474 rss: 64Mb L: 649/12901 MS: 1 EraseBytes-
#14951	REDUCE cov: 1367 ft: 3913 corp: 491/706Kb lim: 12901 exec/s: 2135 rss: 64Mb L: 3364/12901 MS: 1 EraseBytes-
#15010	REDUCE cov: 1367 ft: 3913 corp: 491/706Kb lim: 12901 exec/s: 2144 rss: 64Mb L: 237/12901 MS: 4 ChangeByte-ChangeASCIIInt-ChangeASCIIInt-EraseBytes-
#15031	REDUCE cov: 1367 ft: 3913 corp: 491/706Kb lim: 12901 exec/s: 2147 rss: 64Mb L: 2453/12901 MS: 1 EraseBytes-
#15032	REDUCE cov: 1367 ft: 3913 corp: 491/706Kb lim: 12901 exec/s: 2147 rss: 64Mb L: 351/12901 MS: 1 EraseBytes-
#15034	NEW    cov: 1368 ft: 3915 corp: 492/707Kb lim: 12901 exec/s: 2147 rss: 64Mb L: 701/12901 MS: 2 PersAutoDict-CopyPart- DE: "\000\000"-
#15083	NEW    cov: 1368 ft: 3916 corp: 493/707Kb lim: 12901 exec/s: 2154 rss: 64Mb L: 271/12901 MS: 4 ChangeByte-ChangeBinInt-EraseBytes-InsertRepeatedBytes-
#15155	NEW    cov: 1368 ft: 3918 corp: 494/707Kb lim: 12901 exec/s: 2165 rss: 64Mb L: 245/12901 MS: 2 PersAutoDict-CrossOver- DE: "\377\377\377\377\377\377\377\006"-
#15199	REDUCE cov: 1368 ft: 3918 corp: 494/706Kb lim: 12901 exec/s: 2171 rss: 64Mb L: 1827/12901 MS: 4 ChangeASCIIInt-PersAutoDict-CMP-EraseBytes- DE: "\016\000\000\000\000\000\000\000"-"\000\000\000\000\000\000\000\303"-
#15238	NEW    cov: 1370 ft: 3932 corp: 495/714Kb lim: 12901 exec/s: 2176 rss: 64Mb L: 7983/12901 MS: 4 EraseBytes-ChangeBinInt-ShuffleBytes-CMP- DE: "\377\377\377\001"-
#15282	NEW    cov: 1370 ft: 3936 corp: 496/718Kb lim: 12901 exec/s: 2183 rss: 64Mb L: 3667/12901 MS: 4 CMP-InsertByte-ChangeBinInt-CrossOver- DE: "\000\000\000\000\000\000\000\016"-
#15338	REDUCE cov: 1370 ft: 3936 corp: 496/718Kb lim: 12901 exec/s: 2191 rss: 64Mb L: 205/12901 MS: 1 EraseBytes-
#15372	REDUCE cov: 1370 ft: 3936 corp: 496/718Kb lim: 12901 exec/s: 2196 rss: 64Mb L: 358/12901 MS: 4 InsertByte-InsertByte-ChangeBit-EraseBytes-
#15416	NEW    cov: 1371 ft: 3939 corp: 497/718Kb lim: 12901 exec/s: 2202 rss: 64Mb L: 669/12901 MS: 4 InsertByte-ChangeByte-PersAutoDict-EraseBytes- DE: "iTXt"-
#15451	NEW    cov: 1371 ft: 3940 corp: 498/720Kb lim: 12901 exec/s: 2207 rss: 64Mb L: 1713/12901 MS: 5 CopyPart-ChangeASCIIInt-ChangeBit-CopyPart-PersAutoDict- DE: "\377\377\377\377\377\377\377\006"-
#15475	REDUCE cov: 1371 ft: 3941 corp: 499/729Kb lim: 12901 exec/s: 2210 rss: 64Mb L: 8767/12901 MS: 4 InsertRepeatedBytes-PersAutoDict-InsertRepeatedBytes-ChangeASCIIInt- DE: "\007\000\000\000"-
#15577	NEW    cov: 1371 ft: 3943 corp: 500/729Kb lim: 12901 exec/s: 2225 rss: 64Mb L: 201/12901 MS: 2 ChangeByte-CopyPart-
#15638	NEW    cov: 1371 ft: 3944 corp: 501/729Kb lim: 12901 exec/s: 2234 rss: 64Mb L: 363/12901 MS: 1 PersAutoDict- DE: "sPLT"-
#15891	REDUCE cov: 1371 ft: 3944 corp: 501/727Kb lim: 12901 exec/s: 2270 rss: 64Mb L: 6188/12901 MS: 3 CrossOver-CrossOver-EraseBytes-
#15994	REDUCE cov: 1371 ft: 3944 corp: 501/727Kb lim: 12901 exec/s: 2284 rss: 64Mb L: 898/12901 MS: 3 ShuffleBytes-ChangeByte-EraseBytes-
#16070	REDUCE cov: 1371 ft: 3944 corp: 501/727Kb lim: 12901 exec/s: 2295 rss: 64Mb L: 1209/12901 MS: 1 EraseBytes-
#16096	REDUCE cov: 1371 ft: 3944 corp: 501/727Kb lim: 12901 exec/s: 2299 rss: 64Mb L: 136/12901 MS: 1 EraseBytes-
#16107	NEW    cov: 1371 ft: 3945 corp: 502/727Kb lim: 12901 exec/s: 2301 rss: 64Mb L: 340/12901 MS: 1 ShuffleBytes-
#16154	REDUCE cov: 1371 ft: 3945 corp: 502/727Kb lim: 12901 exec/s: 2307 rss: 64Mb L: 360/12901 MS: 2 ChangeBit-EraseBytes-
#16183	NEW    cov: 1371 ft: 3946 corp: 503/730Kb lim: 12901 exec/s: 2311 rss: 64Mb L: 2624/12901 MS: 4 ChangeByte-ChangeBit-ShuffleBytes-ChangeBinInt-
#16202	NEW    cov: 1372 ft: 3947 corp: 504/730Kb lim: 12901 exec/s: 2314 rss: 64Mb L: 270/12901 MS: 4 ChangeBinInt-PersAutoDict-InsertByte-PersAutoDict- DE: "gAMA"-"bKGD"-
#16236	REDUCE cov: 1372 ft: 3947 corp: 504/729Kb lim: 12901 exec/s: 2319 rss: 64Mb L: 5265/12901 MS: 4 InsertRepeatedBytes-CrossOver-ChangeASCIIInt-EraseBytes-
#16259	REDUCE cov: 1372 ft: 3947 corp: 504/729Kb lim: 12901 exec/s: 2322 rss: 64Mb L: 2119/12901 MS: 3 CopyPart-ChangeBinInt-EraseBytes-
#16277	REDUCE cov: 1372 ft: 3947 corp: 504/729Kb lim: 12901 exec/s: 2325 rss: 64Mb L: 2201/12901 MS: 3 PersAutoDict-EraseBytes-InsertRepeatedBytes- DE: "\012\000\000\000\000\000\000\000"-
#16384	pulse  cov: 1372 ft: 3947 corp: 504/729Kb lim: 12901 exec/s: 2340 rss: 64Mb
#16427	REDUCE cov: 1372 ft: 3947 corp: 504/729Kb lim: 12901 exec/s: 2346 rss: 64Mb L: 2407/12901 MS: 5 ChangeBinInt-ChangeBinInt-InsertByte-ChangeBit-EraseBytes-
#16593	REDUCE cov: 1372 ft: 3947 corp: 504/729Kb lim: 12901 exec/s: 2370 rss: 64Mb L: 131/12901 MS: 1 EraseBytes-
#16602	NEW    cov: 1372 ft: 3951 corp: 505/730Kb lim: 12901 exec/s: 2371 rss: 64Mb L: 1454/12901 MS: 4 CMP-InsertByte-ChangeBit-CrossOver- DE: "sTER"-
#16826	REDUCE cov: 1372 ft: 3951 corp: 505/730Kb lim: 12901 exec/s: 2403 rss: 64Mb L: 110/12901 MS: 4 ChangeBit-ChangeByte-ChangeASCIIInt-EraseBytes-
#16854	REDUCE cov: 1372 ft: 3951 corp: 505/730Kb lim: 12901 exec/s: 2407 rss: 64Mb L: 332/12901 MS: 3 CopyPart-CrossOver-EraseBytes-
#16861	REDUCE cov: 1372 ft: 3951 corp: 505/730Kb lim: 12901 exec/s: 2408 rss: 64Mb L: 889/12901 MS: 2 CopyPart-EraseBytes-
#16897	REDUCE cov: 1372 ft: 3951 corp: 505/729Kb lim: 12901 exec/s: 2413 rss: 64Mb L: 901/12901 MS: 1 EraseBytes-
#16968	NEW    cov: 1372 ft: 3954 corp: 506/730Kb lim: 12901 exec/s: 2424 rss: 64Mb L: 210/12901 MS: 1 InsertRepeatedBytes-
#17020	REDUCE cov: 1372 ft: 3954 corp: 506/727Kb lim: 12901 exec/s: 2431 rss: 64Mb L: 3883/12901 MS: 2 ChangeBit-EraseBytes-
#17037	NEW    cov: 1372 ft: 3960 corp: 507/735Kb lim: 12901 exec/s: 2433 rss: 64Mb L: 7673/12901 MS: 2 CMP-CMP- DE: "8\001\000\000\000\000\000\000"-"\001\000"-
#17048	NEW    cov: 1373 ft: 3961 corp: 508/735Kb lim: 12901 exec/s: 2435 rss: 64Mb L: 142/12901 MS: 1 ShuffleBytes-
#17126	REDUCE cov: 1373 ft: 3961 corp: 508/734Kb lim: 12901 exec/s: 2446 rss: 64Mb L: 2921/12901 MS: 3 CMP-EraseBytes-ChangeBinInt- DE: "QDHI"-
#17195	REDUCE cov: 1373 ft: 3961 corp: 508/734Kb lim: 12901 exec/s: 2456 rss: 64Mb L: 407/12901 MS: 4 InsertByte-CopyPart-CopyPart-EraseBytes-
#17227	REDUCE cov: 1373 ft: 3961 corp: 508/733Kb lim: 12901 exec/s: 2461 rss: 64Mb L: 210/12901 MS: 2 ChangeASCIIInt-EraseBytes-
#17315	REDUCE cov: 1373 ft: 3961 corp: 508/733Kb lim: 12901 exec/s: 2473 rss: 64Mb L: 3325/12901 MS: 3 ChangeByte-ChangeByte-EraseBytes-
#17359	NEW    cov: 1373 ft: 3962 corp: 509/734Kb lim: 12901 exec/s: 2479 rss: 64Mb L: 1333/12901 MS: 4 CrossOver-ShuffleBytes-ChangeByte-CMP- DE: "\000\000\000f"-
#17423	REDUCE cov: 1373 ft: 3962 corp: 509/734Kb lim: 12901 exec/s: 2489 rss: 64Mb L: 336/12901 MS: 4 ChangeBit-ChangeByte-ChangeBinInt-EraseBytes-
#17433	REDUCE cov: 1373 ft: 3962 corp: 509/732Kb lim: 12901 exec/s: 2490 rss: 64Mb L: 3964/12901 MS: 5 ChangeBinInt-ChangeByte-ChangeASCIIInt-ChangeByte-CrossOver-
#17456	REDUCE cov: 1373 ft: 3962 corp: 509/732Kb lim: 12901 exec/s: 2493 rss: 64Mb L: 12665/12901 MS: 3 ChangeBit-ChangeBinInt-EraseBytes-
#17579	NEW    cov: 1373 ft: 3963 corp: 510/734Kb lim: 12901 exec/s: 2511 rss: 64Mb L: 1641/12901 MS: 3 ShuffleBytes-ChangeBinInt-PersAutoDict- DE: "\023\000\000\000"-
#17586	REDUCE cov: 1373 ft: 3963 corp: 510/733Kb lim: 12901 exec/s: 2512 rss: 64Mb L: 2195/12901 MS: 2 CrossOver-EraseBytes-
#17629	REDUCE cov: 1373 ft: 3963 corp: 510/732Kb lim: 12901 exec/s: 2518 rss: 64Mb L: 10967/12901 MS: 3 CMP-ChangeBinInt-EraseBytes- DE: "cHRM"-
#17635	REDUCE cov: 1373 ft: 3963 corp: 510/731Kb lim: 12901 exec/s: 2519 rss: 64Mb L: 2227/12901 MS: 1 EraseBytes-
#17668	NEW    cov: 1373 ft: 3965 corp: 511/740Kb lim: 12901 exec/s: 2524 rss: 64Mb L: 8686/12901 MS: 3 ChangeBinInt-CMP-ChangeBinInt- DE: "\377\377\377\377\377\377\377\027"-
#17726	REDUCE cov: 1373 ft: 3965 corp: 511/740Kb lim: 12901 exec/s: 2532 rss: 64Mb L: 152/12901 MS: 3 ShuffleBytes-ChangeASCIIInt-EraseBytes-
#17730	REDUCE cov: 1373 ft: 3965 corp: 511/740Kb lim: 12901 exec/s: 2532 rss: 64Mb L: 2182/12901 MS: 4 ChangeByte-ChangeBinInt-ChangeBinInt-EraseBytes-
#17741	REDUCE cov: 1373 ft: 3965 corp: 511/739Kb lim: 12901 exec/s: 2534 rss: 64Mb L: 4875/12901 MS: 1 EraseBytes-
#17843	REDUCE cov: 1373 ft: 3965 corp: 511/739Kb lim: 12901 exec/s: 2549 rss: 64Mb L: 221/12901 MS: 2 ChangeASCIIInt-EraseBytes-
#17879	REDUCE cov: 1373 ft: 3965 corp: 511/739Kb lim: 12901 exec/s: 2554 rss: 64Mb L: 794/12901 MS: 1 EraseBytes-
#17894	REDUCE cov: 1373 ft: 3965 corp: 511/739Kb lim: 12901 exec/s: 2556 rss: 64Mb L: 187/12901 MS: 5 CMP-ChangeByte-CrossOver-ChangeBit-EraseBytes- DE: "\015\000\000\000"-
#18035	NEW    cov: 1373 ft: 3966 corp: 512/742Kb lim: 12901 exec/s: 2576 rss: 64Mb L: 2874/12901 MS: 1 CrossOver-
#18203	NEW    cov: 1374 ft: 3967 corp: 513/742Kb lim: 12901 exec/s: 2600 rss: 64Mb L: 216/12901 MS: 3 ChangeBit-ChangeASCIIInt-CMP- DE: "\377\377\377C"-
#18209	NEW    cov: 1374 ft: 3968 corp: 514/742Kb lim: 12901 exec/s: 2601 rss: 64Mb L: 499/12901 MS: 1 ChangeASCIIInt-
#18385	REDUCE cov: 1374 ft: 3968 corp: 514/741Kb lim: 12901 exec/s: 2626 rss: 64Mb L: 2629/12901 MS: 1 EraseBytes-
#18387	REDUCE cov: 1374 ft: 3968 corp: 514/741Kb lim: 12901 exec/s: 2626 rss: 64Mb L: 7404/12901 MS: 2 InsertByte-EraseBytes-
#18513	NEW    cov: 1374 ft: 3969 corp: 515/742Kb lim: 12901 exec/s: 2314 rss: 64Mb L: 701/12901 MS: 1 ChangeByte-
#18541	REDUCE cov: 1374 ft: 3969 corp: 515/742Kb lim: 12901 exec/s: 2317 rss: 64Mb L: 42/12901 MS: 3 ChangeByte-ChangeBinInt-EraseBytes-
#18604	REDUCE cov: 1374 ft: 3969 corp: 515/742Kb lim: 12901 exec/s: 2325 rss: 64Mb L: 2025/12901 MS: 3 CMP-CrossOver-EraseBytes- DE: "\004\000\000\000"-
#18701	REDUCE cov: 1374 ft: 3969 corp: 515/741Kb lim: 12901 exec/s: 2337 rss: 64Mb L: 3084/12901 MS: 2 InsertRepeatedBytes-EraseBytes-
#18713	REDUCE cov: 1374 ft: 3969 corp: 515/741Kb lim: 12901 exec/s: 2339 rss: 64Mb L: 355/12901 MS: 2 ChangeBinInt-EraseBytes-
#18720	NEW    cov: 1374 ft: 3970 corp: 516/745Kb lim: 12901 exec/s: 2340 rss: 64Mb L: 4181/12901 MS: 2 PersAutoDict-CrossOver- DE: "\023\000\000\000"-
#18749	NEW    cov: 1375 ft: 3971 corp: 517/745Kb lim: 12901 exec/s: 2343 rss: 64Mb L: 745/12901 MS: 4 InsertByte-ShuffleBytes-PersAutoDict-CMP- DE: "gAMA"-"eXIf"-
#18856	REDUCE cov: 1375 ft: 3971 corp: 517/745Kb lim: 12901 exec/s: 2357 rss: 64Mb L: 173/12901 MS: 2 PersAutoDict-EraseBytes- DE: "\000\000\000\031"-
#18917	REDUCE cov: 1375 ft: 3971 corp: 517/744Kb lim: 12901 exec/s: 2364 rss: 64Mb L: 1794/12901 MS: 1 EraseBytes-
#18919	REDUCE cov: 1375 ft: 3971 corp: 517/742Kb lim: 12901 exec/s: 2364 rss: 64Mb L: 4341/12901 MS: 2 ChangeBit-EraseBytes-
#18966	NEW    cov: 1375 ft: 3972 corp: 518/750Kb lim: 12901 exec/s: 2370 rss: 64Mb L: 8716/12901 MS: 2 InsertRepeatedBytes-PersAutoDict- DE: "\016\000\000\000"-
#18993	REDUCE cov: 1375 ft: 3972 corp: 518/750Kb lim: 12901 exec/s: 2374 rss: 64Mb L: 521/12901 MS: 2 ShuffleBytes-EraseBytes-
#18996	NEW    cov: 1376 ft: 3975 corp: 519/750Kb lim: 12901 exec/s: 2374 rss: 64Mb L: 329/12901 MS: 3 InsertRepeatedBytes-ChangeByte-CMP- DE: "pCAL"-
#19034	REDUCE cov: 1376 ft: 3975 corp: 519/750Kb lim: 12901 exec/s: 2379 rss: 64Mb L: 471/12901 MS: 3 ChangeByte-ChangeBinInt-EraseBytes-
#19045	REDUCE cov: 1376 ft: 3975 corp: 519/750Kb lim: 12901 exec/s: 2380 rss: 64Mb L: 96/12901 MS: 1 EraseBytes-
#19091	NEW    cov: 1376 ft: 3976 corp: 520/750Kb lim: 12901 exec/s: 2386 rss: 64Mb L: 246/12901 MS: 1 InsertByte-
#19099	REDUCE cov: 1376 ft: 3976 corp: 520/750Kb lim: 12901 exec/s: 2387 rss: 64Mb L: 981/12901 MS: 3 InsertRepeatedBytes-ChangeASCIIInt-EraseBytes-
#19221	REDUCE cov: 1376 ft: 3976 corp: 520/750Kb lim: 12901 exec/s: 2402 rss: 64Mb L: 341/12901 MS: 2 ChangeByte-EraseBytes-
#19232	REDUCE cov: 1376 ft: 3976 corp: 520/750Kb lim: 12901 exec/s: 2404 rss: 64Mb L: 458/12901 MS: 1 EraseBytes-
#19403	REDUCE cov: 1376 ft: 3976 corp: 520/750Kb lim: 12901 exec/s: 2425 rss: 64Mb L: 2/12901 MS: 1 EraseBytes-
#19615	NEW    cov: 1376 ft: 3977 corp: 521/751Kb lim: 12901 exec/s: 2451 rss: 64Mb L: 1375/12901 MS: 2 CopyPart-CMP- DE: "\000\000\000\000\000\000\000\004"-
#19738	REDUCE cov: 1376 ft: 3977 corp: 521/751Kb lim: 12901 exec/s: 2467 rss: 64Mb L: 57/12901 MS: 3 PersAutoDict-ChangeByte-EraseBytes- DE: "8\001\000\000\000\000\000\000"-
#19749	REDUCE cov: 1376 ft: 3977 corp: 521/749Kb lim: 12901 exec/s: 2468 rss: 64Mb L: 5713/12901 MS: 1 EraseBytes-
#19811	REDUCE cov: 1376 ft: 3977 corp: 521/749Kb lim: 12901 exec/s: 2476 rss: 64Mb L: 519/12901 MS: 2 CrossOver-EraseBytes-
#19815	REDUCE cov: 1376 ft: 3977 corp: 521/749Kb lim: 12901 exec/s: 2476 rss: 64Mb L: 123/12901 MS: 4 ShuffleBytes-ChangeByte-InsertByte-EraseBytes-
#19852	NEW    cov: 1376 ft: 3978 corp: 522/751Kb lim: 12901 exec/s: 2481 rss: 64Mb L: 2042/12901 MS: 2 InsertByte-ChangeByte-
#19853	REDUCE cov: 1376 ft: 3978 corp: 522/751Kb lim: 12901 exec/s: 2481 rss: 64Mb L: 425/12901 MS: 1 EraseBytes-
#19874	REDUCE cov: 1376 ft: 3978 corp: 522/751Kb lim: 12901 exec/s: 2484 rss: 64Mb L: 128/12901 MS: 1 EraseBytes-
#19875	REDUCE cov: 1376 ft: 3978 corp: 522/750Kb lim: 12901 exec/s: 2484 rss: 64Mb L: 2833/12901 MS: 1 EraseBytes-
#19943	REDUCE cov: 1376 ft: 3978 corp: 522/750Kb lim: 12901 exec/s: 2492 rss: 64Mb L: 472/12901 MS: 3 PersAutoDict-ShuffleBytes-EraseBytes- DE: "\376\377\377\377\000\000\000\000"-
#19947	REDUCE cov: 1376 ft: 3978 corp: 522/750Kb lim: 12901 exec/s: 2493 rss: 64Mb L: 2638/12901 MS: 4 CopyPart-PersAutoDict-CrossOver-EraseBytes- DE: "hIST"-
#20068	REDUCE cov: 1376 ft: 3978 corp: 522/750Kb lim: 12901 exec/s: 2508 rss: 64Mb L: 996/12901 MS: 1 EraseBytes-
#20110	NEW    cov: 1376 ft: 3979 corp: 523/750Kb lim: 12901 exec/s: 2513 rss: 64Mb L: 391/12901 MS: 2 ChangeASCIIInt-EraseBytes-
#20136	REDUCE cov: 1376 ft: 3979 corp: 523/750Kb lim: 12901 exec/s: 2517 rss: 64Mb L: 370/12901 MS: 1 EraseBytes-
#20151	REDUCE cov: 1376 ft: 3979 corp: 523/750Kb lim: 12901 exec/s: 2518 rss: 64Mb L: 149/12901 MS: 5 PersAutoDict-CopyPart-CopyPart-EraseBytes-EraseBytes- DE: "\304\000\000\000\000\000\000\000"-
#20167	REDUCE cov: 1376 ft: 3980 corp: 524/753Kb lim: 12901 exec/s: 2520 rss: 64Mb L: 2638/12901 MS: 1 ChangeBit-
#20261	REDUCE cov: 1376 ft: 3980 corp: 524/752Kb lim: 12901 exec/s: 2532 rss: 64Mb L: 338/12901 MS: 4 CrossOver-CrossOver-ChangeByte-EraseBytes-
#20272	REDUCE cov: 1377 ft: 3981 corp: 525/753Kb lim: 12901 exec/s: 2534 rss: 64Mb L: 458/12901 MS: 1 ShuffleBytes-
#20331	REDUCE cov: 1377 ft: 3981 corp: 525/753Kb lim: 12901 exec/s: 2541 rss: 64Mb L: 491/12901 MS: 4 ChangeBit-ChangeByte-PersAutoDict-EraseBytes- DE: "\376\377\377\377\000\000\000\000"-
#20352	REDUCE cov: 1377 ft: 3981 corp: 525/753Kb lim: 12901 exec/s: 2544 rss: 64Mb L: 200/12901 MS: 1 EraseBytes-
#20430	REDUCE cov: 1377 ft: 3981 corp: 525/753Kb lim: 12901 exec/s: 2553 rss: 64Mb L: 248/12901 MS: 3 InsertByte-ChangeByte-EraseBytes-
#20462	REDUCE cov: 1377 ft: 3981 corp: 525/753Kb lim: 12901 exec/s: 2557 rss: 64Mb L: 831/12901 MS: 2 CMP-EraseBytes- DE: "\377D"-
#20763	NEW    cov: 1377 ft: 3984 corp: 526/753Kb lim: 12901 exec/s: 2595 rss: 64Mb L: 198/12901 MS: 1 ChangeASCIIInt-
#20771	NEW    cov: 1377 ft: 3985 corp: 527/755Kb lim: 12901 exec/s: 2596 rss: 64Mb L: 2624/12901 MS: 3 ShuffleBytes-ChangeBinInt-ChangeBit-
#20855	REDUCE cov: 1377 ft: 3985 corp: 527/755Kb lim: 12901 exec/s: 2606 rss: 64Mb L: 297/12901 MS: 4 CrossOver-ChangeByte-CMP-EraseBytes- DE: "[\000\000\000"-
#20856	REDUCE cov: 1377 ft: 3985 corp: 527/755Kb lim: 12901 exec/s: 2607 rss: 64Mb L: 169/12901 MS: 1 EraseBytes-
#21012	NEW    cov: 1378 ft: 3986 corp: 528/755Kb lim: 12901 exec/s: 2626 rss: 64Mb L: 220/12901 MS: 1 PersAutoDict- DE: "bKGD"-
#21303	REDUCE cov: 1378 ft: 3986 corp: 528/751Kb lim: 12901 exec/s: 2662 rss: 64Mb L: 2857/12901 MS: 1 CrossOver-
#21305	REDUCE cov: 1378 ft: 3986 corp: 528/751Kb lim: 12901 exec/s: 2663 rss: 64Mb L: 151/12901 MS: 2 ChangeBinInt-EraseBytes-
#21356	NEW    cov: 1378 ft: 3987 corp: 529/751Kb lim: 12901 exec/s: 2669 rss: 64Mb L: 275/12901 MS: 1 ChangeByte-
#21546	REDUCE cov: 1378 ft: 3987 corp: 529/751Kb lim: 12901 exec/s: 2693 rss: 64Mb L: 158/12901 MS: 5 ChangeASCIIInt-CMP-ChangeBinInt-InsertRepeatedBytes-EraseBytes- DE: "\000\000\000Z"-
#21594	REDUCE cov: 1378 ft: 3987 corp: 529/751Kb lim: 12901 exec/s: 2699 rss: 64Mb L: 275/12901 MS: 3 InsertByte-PersAutoDict-EraseBytes- DE: "\012\000\000\000\000\000\000\000"-
#21659	REDUCE cov: 1378 ft: 3987 corp: 529/750Kb lim: 12901 exec/s: 2707 rss: 64Mb L: 2314/12901 MS: 5 InsertByte-CrossOver-ShuffleBytes-ChangeBit-CrossOver-
#21817	REDUCE cov: 1378 ft: 3987 corp: 529/750Kb lim: 12901 exec/s: 2424 rss: 64Mb L: 206/12901 MS: 3 PersAutoDict-InsertRepeatedBytes-EraseBytes- DE: "\000\000"-
#21865	REDUCE cov: 1378 ft: 3987 corp: 529/750Kb lim: 12901 exec/s: 2429 rss: 64Mb L: 185/12901 MS: 3 CMP-InsertRepeatedBytes-EraseBytes- DE: "\001z"-
#21932	REDUCE cov: 1378 ft: 3987 corp: 529/750Kb lim: 12901 exec/s: 2436 rss: 64Mb L: 122/12901 MS: 2 ShuffleBytes-EraseBytes-
#21933	REDUCE cov: 1378 ft: 3987 corp: 529/750Kb lim: 12901 exec/s: 2437 rss: 64Mb L: 1223/12901 MS: 1 EraseBytes-
#21945	REDUCE cov: 1378 ft: 3987 corp: 529/750Kb lim: 12901 exec/s: 2438 rss: 64Mb L: 144/12901 MS: 2 ChangeByte-EraseBytes-
#22133	REDUCE cov: 1378 ft: 3987 corp: 529/750Kb lim: 12901 exec/s: 2459 rss: 64Mb L: 313/12901 MS: 3 ShuffleBytes-ChangeASCIIInt-EraseBytes-
#22206	NEW    cov: 1378 ft: 3988 corp: 530/759Kb lim: 12901 exec/s: 2467 rss: 64Mb L: 8835/12901 MS: 3 ChangeBinInt-ChangeBit-CMP- DE: "\351\377\377\377"-
#22273	NEW    cov: 1379 ft: 3989 corp: 531/759Kb lim: 12901 exec/s: 2474 rss: 64Mb L: 197/12901 MS: 2 EraseBytes-EraseBytes-
#22324	REDUCE cov: 1379 ft: 3989 corp: 531/759Kb lim: 12901 exec/s: 2480 rss: 64Mb L: 261/12901 MS: 1 EraseBytes-
#22372	REDUCE cov: 1379 ft: 3989 corp: 531/759Kb lim: 12901 exec/s: 2485 rss: 64Mb L: 166/12901 MS: 3 ChangeBit-ShuffleBytes-EraseBytes-
#22598	REDUCE cov: 1379 ft: 3989 corp: 531/759Kb lim: 12901 exec/s: 2510 rss: 64Mb L: 166/12901 MS: 1 EraseBytes-
#22602	REDUCE cov: 1379 ft: 3989 corp: 531/759Kb lim: 12901 exec/s: 2511 rss: 64Mb L: 58/12901 MS: 4 ChangeBinInt-ChangeBinInt-InsertByte-EraseBytes-
#22650	NEW    cov: 1379 ft: 3990 corp: 532/759Kb lim: 12901 exec/s: 2516 rss: 64Mb L: 500/12901 MS: 3 ChangeASCIIInt-CrossOver-InsertRepeatedBytes-
#22678	NEW    cov: 1380 ft: 3991 corp: 533/759Kb lim: 12901 exec/s: 2519 rss: 64Mb L: 166/12901 MS: 3 ChangeByte-ChangeByte-ChangeBit-
#22698	NEW    cov: 1382 ft: 3995 corp: 534/760Kb lim: 12901 exec/s: 2522 rss: 64Mb L: 591/12901 MS: 5 ChangeASCIIInt-ChangeASCIIInt-ChangeASCIIInt-ShuffleBytes-CrossOver-
#22711	REDUCE cov: 1382 ft: 3995 corp: 534/757Kb lim: 12901 exec/s: 2523 rss: 64Mb L: 5530/12901 MS: 3 ChangeBinInt-PersAutoDict-EraseBytes- DE: "\377\377\377\377\377\377\377\006"-
#22767	NEW    cov: 1382 ft: 3997 corp: 535/759Kb lim: 12901 exec/s: 2529 rss: 64Mb L: 2842/12901 MS: 1 InsertRepeatedBytes-
#22813	REDUCE cov: 1382 ft: 3997 corp: 535/759Kb lim: 12901 exec/s: 2534 rss: 64Mb L: 315/12901 MS: 1 EraseBytes-
#22875	REDUCE cov: 1382 ft: 3997 corp: 535/759Kb lim: 12901 exec/s: 2541 rss: 64Mb L: 339/12901 MS: 2 InsertRepeatedBytes-EraseBytes-
#22907	REDUCE cov: 1382 ft: 3997 corp: 535/759Kb lim: 12901 exec/s: 2545 rss: 64Mb L: 238/12901 MS: 2 CrossOver-EraseBytes-
#23011	REDUCE cov: 1382 ft: 3997 corp: 535/759Kb lim: 12901 exec/s: 2556 rss: 64Mb L: 4941/12901 MS: 4 ChangeASCIIInt-ShuffleBytes-InsertRepeatedBytes-EraseBytes-
#23135	NEW    cov: 1385 ft: 4000 corp: 536/760Kb lim: 12901 exec/s: 2570 rss: 64Mb L: 916/12901 MS: 4 ChangeBit-CopyPart-ChangeBit-PersAutoDict- DE: "iCCP"-
#23292	REDUCE cov: 1385 ft: 4000 corp: 536/759Kb lim: 12901 exec/s: 2588 rss: 64Mb L: 584/12901 MS: 2 InsertRepeatedBytes-EraseBytes-
#23539	REDUCE cov: 1385 ft: 4000 corp: 536/758Kb lim: 12901 exec/s: 2615 rss: 64Mb L: 1630/12901 MS: 2 CMP-EraseBytes- DE: "J\377\377\377"-
#23543	NEW    cov: 1388 ft: 4003 corp: 537/758Kb lim: 12901 exec/s: 2615 rss: 64Mb L: 112/12901 MS: 4 ChangeASCIIInt-ChangeByte-ChangeASCIIInt-CMP- DE: "\303\000\000\000\000\000\000\000"-
	NEW_FUNC[1/1]: 0x55b35c08f9d0 in png_handle_hIST /src/libpng/pngrutil.c:2060
#23560	NEW    cov: 1391 ft: 4006 corp: 538/767Kb lim: 12901 exec/s: 2617 rss: 64Mb L: 8720/12901 MS: 2 ChangeASCIIInt-CMP- DE: "hIST"-
#23590	REDUCE cov: 1391 ft: 4006 corp: 538/767Kb lim: 12901 exec/s: 2621 rss: 64Mb L: 1423/12901 MS: 5 ChangeASCIIInt-ShuffleBytes-InsertRepeatedBytes-ChangeASCIIInt-EraseBytes-
#23672	NEW    cov: 1391 ft: 4012 corp: 539/767Kb lim: 12901 exec/s: 2630 rss: 64Mb L: 591/12901 MS: 2 ChangeBit-CMP- DE: "bKGD"-
#23699	REDUCE cov: 1391 ft: 4012 corp: 539/767Kb lim: 12901 exec/s: 2633 rss: 64Mb L: 171/12901 MS: 2 InsertRepeatedBytes-EraseBytes-
#23815	REDUCE cov: 1391 ft: 4012 corp: 539/767Kb lim: 12901 exec/s: 2646 rss: 64Mb L: 70/12901 MS: 1 EraseBytes-
#23895	NEW    cov: 1391 ft: 4016 corp: 540/768Kb lim: 12901 exec/s: 2655 rss: 64Mb L: 685/12901 MS: 5 ChangeByte-InsertRepeatedBytes-ChangeASCIIInt-InsertRepeatedBytes-CMP- DE: "\025\000\000\000"-
#23968	REDUCE cov: 1391 ft: 4016 corp: 540/768Kb lim: 12901 exec/s: 2663 rss: 64Mb L: 476/12901 MS: 3 ShuffleBytes-InsertByte-EraseBytes-
#24099	REDUCE cov: 1391 ft: 4016 corp: 540/767Kb lim: 12901 exec/s: 2677 rss: 64Mb L: 2218/12901 MS: 1 EraseBytes-
#24196	NEW    cov: 1391 ft: 4017 corp: 541/768Kb lim: 12901 exec/s: 2688 rss: 64Mb L: 176/12901 MS: 2 ChangeBinInt-ChangeBinInt-
#24313	NEW    cov: 1392 ft: 4018 corp: 542/768Kb lim: 12901 exec/s: 2701 rss: 64Mb L: 432/12901 MS: 2 ChangeBit-PersAutoDict- DE: "iCCP"-
#24535	REDUCE cov: 1392 ft: 4018 corp: 542/768Kb lim: 12901 exec/s: 2726 rss: 64Mb L: 1119/12901 MS: 2 ChangeBit-EraseBytes-
#24543	REDUCE cov: 1392 ft: 4018 corp: 542/768Kb lim: 12901 exec/s: 2727 rss: 64Mb L: 752/12901 MS: 3 PersAutoDict-InsertByte-EraseBytes- DE: "\000\240"-
#24631	REDUCE cov: 1392 ft: 4018 corp: 542/768Kb lim: 12901 exec/s: 2736 rss: 64Mb L: 132/12901 MS: 3 ChangeBit-PersAutoDict-EraseBytes- DE: "sBIT"-
#24687	REDUCE cov: 1392 ft: 4018 corp: 542/768Kb lim: 12901 exec/s: 2743 rss: 64Mb L: 276/12901 MS: 1 EraseBytes-
#24908	REDUCE cov: 1392 ft: 4018 corp: 542/768Kb lim: 12901 exec/s: 2767 rss: 64Mb L: 699/12901 MS: 1 EraseBytes-
#24964	REDUCE cov: 1392 ft: 4018 corp: 542/768Kb lim: 12901 exec/s: 2496 rss: 64Mb L: 120/12901 MS: 1 EraseBytes-
#25096	NEW    cov: 1392 ft: 4019 corp: 543/770Kb lim: 12901 exec/s: 2509 rss: 64Mb L: 2839/12901 MS: 2 CrossOver-ChangeASCIIInt-
#25282	REDUCE cov: 1392 ft: 4019 corp: 543/770Kb lim: 12901 exec/s: 2528 rss: 64Mb L: 653/12901 MS: 1 EraseBytes-
#25324	REDUCE cov: 1392 ft: 4019 corp: 543/770Kb lim: 12901 exec/s: 2532 rss: 64Mb L: 777/12901 MS: 2 ShuffleBytes-EraseBytes-
#25425	REDUCE cov: 1392 ft: 4019 corp: 543/770Kb lim: 12901 exec/s: 2542 rss: 64Mb L: 577/12901 MS: 1 EraseBytes-
#25456	NEW    cov: 1393 ft: 4020 corp: 544/770Kb lim: 12901 exec/s: 2545 rss: 64Mb L: 208/12901 MS: 1 ChangeByte-
#25469	REDUCE cov: 1393 ft: 4020 corp: 544/769Kb lim: 12901 exec/s: 2546 rss: 64Mb L: 1515/12901 MS: 3 ChangeByte-ChangeBinInt-EraseBytes-
#25600	REDUCE cov: 1393 ft: 4020 corp: 544/769Kb lim: 12901 exec/s: 2560 rss: 64Mb L: 524/12901 MS: 1 EraseBytes-
#25651	REDUCE cov: 1393 ft: 4020 corp: 544/769Kb lim: 12901 exec/s: 2565 rss: 64Mb L: 112/12901 MS: 1 EraseBytes-
#25690	REDUCE cov: 1393 ft: 4020 corp: 544/769Kb lim: 12901 exec/s: 2569 rss: 64Mb L: 575/12901 MS: 4 ChangeBit-ChangeByte-CrossOver-EraseBytes-
#25740	REDUCE cov: 1393 ft: 4020 corp: 544/769Kb lim: 12901 exec/s: 2574 rss: 64Mb L: 542/12901 MS: 5 ChangeBinInt-CMP-ChangeByte-InsertByte-EraseBytes- DE: "oFFs"-
#25913	REDUCE cov: 1393 ft: 4020 corp: 544/765Kb lim: 12901 exec/s: 2591 rss: 64Mb L: 1119/12901 MS: 3 CrossOver-CMP-CrossOver- DE: "\006\000"-
#26009	REDUCE cov: 1393 ft: 4020 corp: 544/765Kb lim: 12901 exec/s: 2600 rss: 64Mb L: 458/12901 MS: 1 EraseBytes-
#26145	REDUCE cov: 1393 ft: 4021 corp: 545/770Kb lim: 12901 exec/s: 2614 rss: 64Mb L: 5153/12901 MS: 1 CopyPart-
#26197	NEW    cov: 1394 ft: 4022 corp: 546/770Kb lim: 12901 exec/s: 2619 rss: 64Mb L: 197/12901 MS: 2 ChangeBit-ChangeBinInt-
#26199	REDUCE cov: 1394 ft: 4022 corp: 546/770Kb lim: 12901 exec/s: 2619 rss: 64Mb L: 203/12901 MS: 2 ChangeASCIIInt-EraseBytes-
#26232	REDUCE cov: 1394 ft: 4022 corp: 546/770Kb lim: 12901 exec/s: 2623 rss: 64Mb L: 398/12901 MS: 3 InsertByte-InsertByte-EraseBytes-
#26313	REDUCE cov: 1394 ft: 4022 corp: 546/770Kb lim: 12901 exec/s: 2631 rss: 64Mb L: 204/12901 MS: 1 EraseBytes-
#26340	REDUCE cov: 1394 ft: 4022 corp: 546/770Kb lim: 12901 exec/s: 2634 rss: 64Mb L: 198/12901 MS: 2 ChangeBit-EraseBytes-
#26350	REDUCE cov: 1394 ft: 4022 corp: 546/770Kb lim: 12901 exec/s: 2635 rss: 64Mb L: 92/12901 MS: 5 ChangeBinInt-CMP-CMP-InsertByte-EraseBytes- DE: "\000\000\000\000\000\000\000\027"-"\377\377\377\377"-
#26407	REDUCE cov: 1394 ft: 4022 corp: 546/769Kb lim: 12901 exec/s: 2640 rss: 64Mb L: 7483/12901 MS: 2 ChangeByte-CrossOver-
#26488	REDUCE cov: 1394 ft: 4022 corp: 546/769Kb lim: 12901 exec/s: 2648 rss: 64Mb L: 211/12901 MS: 1 EraseBytes-
#26549	NEW    cov: 1394 ft: 4023 corp: 547/781Kb lim: 12901 exec/s: 2654 rss: 64Mb L: 12901/12901 MS: 1 PersAutoDict- DE: "bKGD"-
#26575	REDUCE cov: 1394 ft: 4023 corp: 547/781Kb lim: 12901 exec/s: 2657 rss: 64Mb L: 2001/12901 MS: 1 EraseBytes-
#26623	REDUCE cov: 1394 ft: 4023 corp: 547/781Kb lim: 12901 exec/s: 2662 rss: 64Mb L: 482/12901 MS: 3 ChangeASCIIInt-CrossOver-EraseBytes-
#26693	REDUCE cov: 1394 ft: 4024 corp: 548/782Kb lim: 12901 exec/s: 2669 rss: 64Mb L: 1680/12901 MS: 5 ChangeBinInt-CopyPart-InsertRepeatedBytes-CrossOver-PersAutoDict- DE: "pCAL"-
#26749	REDUCE cov: 1394 ft: 4024 corp: 548/782Kb lim: 12901 exec/s: 2674 rss: 64Mb L: 428/12901 MS: 1 EraseBytes-
#26856	REDUCE cov: 1394 ft: 4024 corp: 548/782Kb lim: 12901 exec/s: 2685 rss: 64Mb L: 94/12901 MS: 2 ChangeASCIIInt-EraseBytes-
#27095	REDUCE cov: 1394 ft: 4024 corp: 548/782Kb lim: 12901 exec/s: 2709 rss: 64Mb L: 1855/12901 MS: 4 CrossOver-ChangeBit-ChangeBit-EraseBytes-
#27121	REDUCE cov: 1394 ft: 4024 corp: 548/782Kb lim: 12901 exec/s: 2712 rss: 64Mb L: 955/12901 MS: 1 EraseBytes-
#27212	REDUCE cov: 1394 ft: 4024 corp: 548/780Kb lim: 12901 exec/s: 2721 rss: 64Mb L: 6917/12901 MS: 1 EraseBytes-
#27235	REDUCE cov: 1394 ft: 4024 corp: 548/780Kb lim: 12901 exec/s: 2723 rss: 64Mb L: 165/12901 MS: 3 CopyPart-CrossOver-EraseBytes-
#27284	REDUCE cov: 1394 ft: 4024 corp: 548/780Kb lim: 12901 exec/s: 2728 rss: 64Mb L: 116/12901 MS: 4 CopyPart-InsertRepeatedBytes-ChangeASCIIInt-EraseBytes-
#27315	REDUCE cov: 1394 ft: 4024 corp: 548/779Kb lim: 12901 exec/s: 2731 rss: 64Mb L: 1784/12901 MS: 1 EraseBytes-
#27336	REDUCE cov: 1394 ft: 4024 corp: 548/779Kb lim: 12901 exec/s: 2733 rss: 64Mb L: 130/12901 MS: 1 EraseBytes-
#27393	REDUCE cov: 1394 ft: 4024 corp: 548/779Kb lim: 12901 exec/s: 2739 rss: 64Mb L: 901/12901 MS: 2 ShuffleBytes-EraseBytes-
#27454	REDUCE cov: 1394 ft: 4024 corp: 548/779Kb lim: 12901 exec/s: 2745 rss: 64Mb L: 523/12901 MS: 1 EraseBytes-
#27630	REDUCE cov: 1394 ft: 4024 corp: 548/779Kb lim: 12901 exec/s: 2763 rss: 64Mb L: 951/12901 MS: 1 EraseBytes-
#27756	REDUCE cov: 1394 ft: 4024 corp: 548/778Kb lim: 12901 exec/s: 2775 rss: 68Mb L: 2411/12901 MS: 1 EraseBytes-
#27783	REDUCE cov: 1395 ft: 4025 corp: 549/781Kb lim: 12901 exec/s: 2778 rss: 75Mb L: 2567/12901 MS: 2 ChangeBit-ChangeBinInt-
#27906	REDUCE cov: 1395 ft: 4025 corp: 549/778Kb lim: 12901 exec/s: 2790 rss: 75Mb L: 4773/12901 MS: 3 ChangeASCIIInt-ChangeByte-EraseBytes-
#27972	REDUCE cov: 1395 ft: 4025 corp: 549/778Kb lim: 12901 exec/s: 2797 rss: 75Mb L: 149/12901 MS: 1 EraseBytes-
#28275	REDUCE cov: 1395 ft: 4025 corp: 549/778Kb lim: 12901 exec/s: 2827 rss: 75Mb L: 439/12901 MS: 3 InsertRepeatedBytes-InsertByte-EraseBytes-
#28311	NEW    cov: 1395 ft: 4026 corp: 550/780Kb lim: 12901 exec/s: 2831 rss: 75Mb L: 1641/12901 MS: 1 CopyPart-
#28393	REDUCE cov: 1395 ft: 4026 corp: 550/779Kb lim: 12901 exec/s: 2581 rss: 75Mb L: 857/12901 MS: 2 ChangeByte-EraseBytes-
#28434	REDUCE cov: 1395 ft: 4026 corp: 550/778Kb lim: 12901 exec/s: 2584 rss: 75Mb L: 2886/12901 MS: 1 EraseBytes-
#28485	REDUCE cov: 1395 ft: 4026 corp: 550/778Kb lim: 12901 exec/s: 2589 rss: 75Mb L: 110/12901 MS: 1 EraseBytes-
#28531	REDUCE cov: 1395 ft: 4026 corp: 550/777Kb lim: 12901 exec/s: 2593 rss: 75Mb L: 2434/12901 MS: 1 EraseBytes-
#28582	REDUCE cov: 1395 ft: 4026 corp: 550/777Kb lim: 12901 exec/s: 2598 rss: 75Mb L: 354/12901 MS: 1 EraseBytes-
#28616	REDUCE cov: 1395 ft: 4026 corp: 550/777Kb lim: 12901 exec/s: 2601 rss: 75Mb L: 455/12901 MS: 4 ShuffleBytes-ChangeASCIIInt-InsertByte-EraseBytes-
#28630	REDUCE cov: 1395 ft: 4026 corp: 550/777Kb lim: 12901 exec/s: 2602 rss: 75Mb L: 193/12901 MS: 4 InsertByte-InsertByte-PersAutoDict-EraseBytes- DE: "\000\000\000\000\000\000\000\000"-
#28671	REDUCE cov: 1395 ft: 4026 corp: 550/777Kb lim: 12901 exec/s: 2606 rss: 75Mb L: 124/12901 MS: 1 EraseBytes-
#28769	REDUCE cov: 1395 ft: 4026 corp: 550/777Kb lim: 12901 exec/s: 2615 rss: 75Mb L: 165/12901 MS: 3 ChangeASCIIInt-InsertByte-EraseBytes-
#28930	REDUCE cov: 1395 ft: 4026 corp: 550/777Kb lim: 12901 exec/s: 2630 rss: 75Mb L: 122/12901 MS: 1 EraseBytes-
#29027	REDUCE cov: 1395 ft: 4026 corp: 550/777Kb lim: 12901 exec/s: 2638 rss: 75Mb L: 124/12901 MS: 2 InsertByte-EraseBytes-
#29238	REDUCE cov: 1395 ft: 4026 corp: 550/777Kb lim: 12901 exec/s: 2658 rss: 75Mb L: 791/12901 MS: 1 EraseBytes-
#29330	REDUCE cov: 1395 ft: 4026 corp: 550/777Kb lim: 12901 exec/s: 2666 rss: 75Mb L: 2812/12901 MS: 2 PersAutoDict-EraseBytes- DE: "\000\000\000\000\000\000\000\000"-
#29332	REDUCE cov: 1395 ft: 4026 corp: 550/777Kb lim: 12901 exec/s: 2666 rss: 75Mb L: 141/12901 MS: 2 InsertByte-EraseBytes-
#29413	REDUCE cov: 1395 ft: 4026 corp: 550/776Kb lim: 12901 exec/s: 2673 rss: 75Mb L: 354/12901 MS: 1 EraseBytes-
#29465	REDUCE cov: 1395 ft: 4026 corp: 550/776Kb lim: 12901 exec/s: 2678 rss: 75Mb L: 2012/12901 MS: 2 ChangeByte-EraseBytes-
#29538	REDUCE cov: 1395 ft: 4026 corp: 550/776Kb lim: 12901 exec/s: 2685 rss: 75Mb L: 1089/12901 MS: 3 InsertRepeatedBytes-ChangeASCIIInt-EraseBytes-
#29654	REDUCE cov: 1395 ft: 4026 corp: 550/776Kb lim: 12901 exec/s: 2695 rss: 75Mb L: 127/12901 MS: 1 EraseBytes-
#29727	REDUCE cov: 1395 ft: 4026 corp: 550/776Kb lim: 12901 exec/s: 2702 rss: 75Mb L: 1150/12901 MS: 3 ChangeBit-CopyPart-EraseBytes-
#29798	REDUCE cov: 1395 ft: 4026 corp: 550/776Kb lim: 12901 exec/s: 2708 rss: 75Mb L: 906/12901 MS: 1 EraseBytes-
#29799	REDUCE cov: 1395 ft: 4026 corp: 550/775Kb lim: 12901 exec/s: 2709 rss: 75Mb L: 1874/12901 MS: 1 EraseBytes-
#29817	REDUCE cov: 1395 ft: 4026 corp: 550/775Kb lim: 12901 exec/s: 2710 rss: 75Mb L: 2358/12901 MS: 3 CMP-ChangeASCIIInt-EraseBytes- DE: "pHYs"-
#29830	REDUCE cov: 1395 ft: 4026 corp: 550/774Kb lim: 12901 exec/s: 2711 rss: 75Mb L: 3305/12901 MS: 3 InsertByte-ChangeBinInt-EraseBytes-
#29945	REDUCE cov: 1395 ft: 4027 corp: 551/775Kb lim: 12901 exec/s: 2722 rss: 75Mb L: 1120/12901 MS: 5 ChangeASCIIInt-PersAutoDict-CopyPart-InsertByte-ChangeBinInt- DE: "\000\240"-
#30056	REDUCE cov: 1395 ft: 4027 corp: 551/775Kb lim: 12901 exec/s: 2732 rss: 75Mb L: 198/12901 MS: 1 EraseBytes-
#30272	REDUCE cov: 1395 ft: 4027 corp: 551/775Kb lim: 12901 exec/s: 2752 rss: 75Mb L: 1/12901 MS: 1 EraseBytes-
#30334	REDUCE cov: 1395 ft: 4027 corp: 551/774Kb lim: 12901 exec/s: 2757 rss: 75Mb L: 228/12901 MS: 2 CopyPart-CrossOver-
#30410	REDUCE cov: 1395 ft: 4027 corp: 551/773Kb lim: 12901 exec/s: 2764 rss: 75Mb L: 1220/12901 MS: 1 EraseBytes-
#30567	REDUCE cov: 1395 ft: 4027 corp: 551/773Kb lim: 12901 exec/s: 2778 rss: 75Mb L: 470/12901 MS: 2 ShuffleBytes-EraseBytes-
#30583	REDUCE cov: 1395 ft: 4027 corp: 551/773Kb lim: 12901 exec/s: 2780 rss: 75Mb L: 431/12901 MS: 1 EraseBytes-
#30589	NEW    cov: 1396 ft: 4028 corp: 552/774Kb lim: 12901 exec/s: 2780 rss: 75Mb L: 499/12901 MS: 1 ChangeBinInt-
#30674	REDUCE cov: 1396 ft: 4028 corp: 552/772Kb lim: 12901 exec/s: 2788 rss: 75Mb L: 5385/12901 MS: 5 ShuffleBytes-InsertByte-PersAutoDict-CrossOver-EraseBytes- DE: "8\001\000\000\000\000\000\000"-
#30767	REDUCE cov: 1396 ft: 4028 corp: 552/772Kb lim: 12901 exec/s: 2797 rss: 75Mb L: 335/12901 MS: 3 ChangeBit-InsertByte-EraseBytes-
#30788	REDUCE cov: 1396 ft: 4028 corp: 552/771Kb lim: 12901 exec/s: 2798 rss: 75Mb L: 1827/12901 MS: 1 EraseBytes-
#30841	REDUCE cov: 1396 ft: 4028 corp: 552/771Kb lim: 12901 exec/s: 2803 rss: 75Mb L: 2507/12901 MS: 3 ChangeASCIIInt-ChangeASCIIInt-EraseBytes-
#30855	NEW    cov: 1396 ft: 4032 corp: 553/771Kb lim: 12901 exec/s: 2805 rss: 75Mb L: 323/12901 MS: 4 InsertByte-CrossOver-ChangeBinInt-InsertRepeatedBytes-
#31006	NEW    cov: 1396 ft: 4033 corp: 554/771Kb lim: 12901 exec/s: 2818 rss: 75Mb L: 363/12901 MS: 1 ChangeASCIIInt-
#31008	REDUCE cov: 1396 ft: 4033 corp: 554/771Kb lim: 12901 exec/s: 2818 rss: 75Mb L: 436/12901 MS: 2 PersAutoDict-EraseBytes- DE: "gAMA"-
#31046	REDUCE cov: 1396 ft: 4033 corp: 554/771Kb lim: 12901 exec/s: 2822 rss: 75Mb L: 515/12901 MS: 3 PersAutoDict-ChangeByte-EraseBytes- DE: "cHRM"-
#31164	REDUCE cov: 1396 ft: 4033 corp: 554/771Kb lim: 12901 exec/s: 2833 rss: 75Mb L: 179/12901 MS: 3 InsertRepeatedBytes-ChangeASCIIInt-EraseBytes-
#31185	NEW    cov: 1396 ft: 4034 corp: 555/772Kb lim: 12901 exec/s: 2835 rss: 75Mb L: 237/12901 MS: 1 ChangeByte-
#31445	REDUCE cov: 1396 ft: 4034 corp: 555/771Kb lim: 12901 exec/s: 2858 rss: 75Mb L: 366/12901 MS: 5 ChangeASCIIInt-ChangeByte-ChangeByte-ChangeBinInt-EraseBytes-
#31523	REDUCE cov: 1396 ft: 4034 corp: 555/771Kb lim: 12901 exec/s: 2865 rss: 75Mb L: 1261/12901 MS: 3 PersAutoDict-ChangeASCIIInt-EraseBytes- DE: "IDAT"-
#31589	REDUCE cov: 1396 ft: 4034 corp: 555/771Kb lim: 12901 exec/s: 2871 rss: 75Mb L: 774/12901 MS: 1 EraseBytes-
#31620	REDUCE cov: 1396 ft: 4034 corp: 555/769Kb lim: 12901 exec/s: 2874 rss: 75Mb L: 3891/12901 MS: 1 EraseBytes-
#31628	REDUCE cov: 1396 ft: 4034 corp: 555/769Kb lim: 12901 exec/s: 2875 rss: 75Mb L: 71/12901 MS: 3 InsertRepeatedBytes-ChangeASCIIInt-EraseBytes-
#31635	REDUCE cov: 1396 ft: 4034 corp: 555/769Kb lim: 12901 exec/s: 2875 rss: 75Mb L: 147/12901 MS: 2 ChangeByte-EraseBytes-
#32006	NEW    cov: 1396 ft: 4036 corp: 556/771Kb lim: 12901 exec/s: 2909 rss: 75Mb L: 1448/12901 MS: 1 CMP- DE: "\020\000"-
#32139	NEW    cov: 1396 ft: 4037 corp: 557/775Kb lim: 12901 exec/s: 2678 rss: 75Mb L: 4182/12901 MS: 3 InsertRepeatedBytes-ChangeBit-PersAutoDict- DE: "\010\000\000\000\000\000\000\000"-
#32339	REDUCE cov: 1396 ft: 4037 corp: 557/775Kb lim: 12901 exec/s: 2694 rss: 75Mb L: 953/12901 MS: 5 ChangeASCIIInt-PersAutoDict-ShuffleBytes-ChangeBinInt-EraseBytes- DE: "cHRM"-
#32428	REDUCE cov: 1396 ft: 4037 corp: 557/775Kb lim: 12901 exec/s: 2702 rss: 75Mb L: 232/12901 MS: 4 ShuffleBytes-ChangeBinInt-ChangeBit-EraseBytes-
#32509	REDUCE cov: 1396 ft: 4037 corp: 557/774Kb lim: 12901 exec/s: 2709 rss: 75Mb L: 341/12901 MS: 1 EraseBytes-
#32545	REDUCE cov: 1396 ft: 4037 corp: 557/772Kb lim: 12901 exec/s: 2712 rss: 75Mb L: 3126/12901 MS: 1 EraseBytes-
#32698	REDUCE cov: 1396 ft: 4037 corp: 557/772Kb lim: 12901 exec/s: 2724 rss: 75Mb L: 653/12901 MS: 3 PersAutoDict-CrossOver-EraseBytes- DE: "\000\000\000\000\001\000\000\000"-
#32768	pulse  cov: 1396 ft: 4037 corp: 557/772Kb lim: 12901 exec/s: 2730 rss: 75Mb
#32814	REDUCE cov: 1396 ft: 4037 corp: 557/771Kb lim: 12901 exec/s: 2734 rss: 75Mb L: 1461/12901 MS: 1 EraseBytes-
#32866	NEW    cov: 1396 ft: 4038 corp: 558/774Kb lim: 12901 exec/s: 2738 rss: 75Mb L: 2624/12901 MS: 2 ChangeASCIIInt-ChangeBit-
#32879	NEW    cov: 1396 ft: 4040 corp: 559/774Kb lim: 12901 exec/s: 2739 rss: 75Mb L: 395/12901 MS: 3 PersAutoDict-ChangeBinInt-InsertRepeatedBytes- DE: "\025\000"-
#32890	REDUCE cov: 1396 ft: 4040 corp: 559/773Kb lim: 12901 exec/s: 2740 rss: 75Mb L: 2749/12901 MS: 1 EraseBytes-
#32918	REDUCE cov: 1396 ft: 4040 corp: 559/773Kb lim: 12901 exec/s: 2743 rss: 75Mb L: 2557/12901 MS: 3 ShuffleBytes-CrossOver-EraseBytes-
#32993	REDUCE cov: 1396 ft: 4040 corp: 559/773Kb lim: 12901 exec/s: 2749 rss: 75Mb L: 140/12901 MS: 5 CopyPart-ShuffleBytes-ShuffleBytes-InsertByte-EraseBytes-
#33080	REDUCE cov: 1396 ft: 4040 corp: 559/773Kb lim: 12901 exec/s: 2756 rss: 75Mb L: 70/12901 MS: 2 InsertByte-EraseBytes-
#33091	NEW    cov: 1396 ft: 4041 corp: 560/773Kb lim: 12901 exec/s: 2757 rss: 75Mb L: 302/12901 MS: 1 ChangeBinInt-
#33100	REDUCE cov: 1396 ft: 4041 corp: 560/773Kb lim: 12901 exec/s: 2758 rss: 75Mb L: 180/12901 MS: 4 CrossOver-CopyPart-CrossOver-EraseBytes-
#33261	REDUCE cov: 1396 ft: 4041 corp: 560/773Kb lim: 12901 exec/s: 2771 rss: 75Mb L: 294/12901 MS: 1 EraseBytes-
#33318	REDUCE cov: 1396 ft: 4042 corp: 561/785Kb lim: 12901 exec/s: 2776 rss: 75Mb L: 12426/12901 MS: 2 InsertByte-CopyPart-
#33389	REDUCE cov: 1396 ft: 4042 corp: 561/785Kb lim: 12901 exec/s: 2782 rss: 75Mb L: 374/12901 MS: 1 EraseBytes-
#33427	REDUCE cov: 1396 ft: 4042 corp: 561/784Kb lim: 12901 exec/s: 2785 rss: 75Mb L: 2622/12901 MS: 3 InsertByte-ShuffleBytes-EraseBytes-
#33679	REDUCE cov: 1396 ft: 4042 corp: 561/784Kb lim: 12901 exec/s: 2806 rss: 75Mb L: 1139/12901 MS: 2 ChangeASCIIInt-EraseBytes-
#33836	REDUCE cov: 1396 ft: 4042 corp: 561/784Kb lim: 12901 exec/s: 2819 rss: 75Mb L: 1792/12901 MS: 2 ChangeBit-EraseBytes-
#34074	REDUCE cov: 1396 ft: 4042 corp: 561/784Kb lim: 12901 exec/s: 2839 rss: 75Mb L: 2672/12901 MS: 3 EraseBytes-ChangeBit-CopyPart-
#34091	REDUCE cov: 1396 ft: 4042 corp: 561/784Kb lim: 12901 exec/s: 2840 rss: 75Mb L: 114/12901 MS: 2 PersAutoDict-EraseBytes- DE: "gAMA"-
#34208	REDUCE cov: 1396 ft: 4042 corp: 561/783Kb lim: 12901 exec/s: 2850 rss: 75Mb L: 1966/12901 MS: 2 ChangeASCIIInt-EraseBytes-
#34308	REDUCE cov: 1396 ft: 4042 corp: 561/782Kb lim: 12901 exec/s: 2859 rss: 75Mb L: 1988/12901 MS: 5 ChangeBinInt-InsertByte-InsertRepeatedBytes-ShuffleBytes-EraseBytes-
#34458	REDUCE cov: 1396 ft: 4042 corp: 561/782Kb lim: 12901 exec/s: 2871 rss: 75Mb L: 336/12901 MS: 5 ChangeByte-CrossOver-CopyPart-EraseBytes-EraseBytes-
#34467	NEW    cov: 1397 ft: 4043 corp: 562/783Kb lim: 12901 exec/s: 2872 rss: 75Mb L: 219/12901 MS: 4 CopyPart-ChangeByte-InsertRepeatedBytes-PersAutoDict- DE: "eXIf"-
#34543	REDUCE cov: 1397 ft: 4043 corp: 562/782Kb lim: 12901 exec/s: 2878 rss: 75Mb L: 1971/12901 MS: 1 EraseBytes-
#34551	REDUCE cov: 1397 ft: 4043 corp: 562/782Kb lim: 12901 exec/s: 2879 rss: 75Mb L: 133/12901 MS: 3 ShuffleBytes-ChangeASCIIInt-EraseBytes-
#34609	REDUCE cov: 1397 ft: 4043 corp: 562/781Kb lim: 12901 exec/s: 2884 rss: 75Mb L: 956/12901 MS: 3 InsertRepeatedBytes-CopyPart-CrossOver-
#34645	NEW    cov: 1397 ft: 4044 corp: 563/790Kb lim: 12901 exec/s: 2887 rss: 75Mb L: 8833/12901 MS: 1 InsertByte-
#34798	REDUCE cov: 1397 ft: 4044 corp: 563/789Kb lim: 12901 exec/s: 2899 rss: 75Mb L: 1818/12901 MS: 3 InsertRepeatedBytes-ChangeBit-EraseBytes-
#34839	REDUCE cov: 1397 ft: 4044 corp: 563/789Kb lim: 12901 exec/s: 2903 rss: 75Mb L: 306/12901 MS: 1 EraseBytes-
#34955	REDUCE cov: 1397 ft: 4044 corp: 563/789Kb lim: 12901 exec/s: 2912 rss: 75Mb L: 55/12901 MS: 1 EraseBytes-
#35029	REDUCE cov: 1397 ft: 4044 corp: 563/789Kb lim: 12901 exec/s: 2694 rss: 75Mb L: 1515/12901 MS: 4 ShuffleBytes-ChangeASCIIInt-CopyPart-CrossOver-
#35031	NEW    cov: 1398 ft: 4049 corp: 564/792Kb lim: 12901 exec/s: 2694 rss: 75Mb L: 3330/12901 MS: 2 EraseBytes-EraseBytes-
#35134	NEW    cov: 1398 ft: 4050 corp: 565/795Kb lim: 12901 exec/s: 2702 rss: 75Mb L: 2839/12901 MS: 3 ChangeASCIIInt-CMP-ChangeASCIIInt- DE: "\377\377\377\377\377\377\377\003"-
#35156	REDUCE cov: 1398 ft: 4050 corp: 565/795Kb lim: 12901 exec/s: 2704 rss: 75Mb L: 617/12901 MS: 2 ChangeBit-EraseBytes-
#35166	REDUCE cov: 1398 ft: 4050 corp: 565/792Kb lim: 12901 exec/s: 2705 rss: 75Mb L: 2864/12901 MS: 5 ChangeBit-InsertRepeatedBytes-PersAutoDict-CrossOver-EraseBytes- DE: "\377\007"-
#35214	REDUCE cov: 1398 ft: 4050 corp: 565/792Kb lim: 12901 exec/s: 2708 rss: 75Mb L: 316/12901 MS: 3 ChangeByte-ChangeByte-EraseBytes-
#35230	REDUCE cov: 1398 ft: 4050 corp: 565/792Kb lim: 12901 exec/s: 2710 rss: 75Mb L: 296/12901 MS: 1 EraseBytes-
#35285	REDUCE cov: 1398 ft: 4050 corp: 565/792Kb lim: 12901 exec/s: 2714 rss: 75Mb L: 1721/12901 MS: 5 ChangeBinInt-InsertByte-InsertByte-ChangeBinInt-EraseBytes-
#35361	REDUCE cov: 1398 ft: 4050 corp: 565/792Kb lim: 12901 exec/s: 2720 rss: 75Mb L: 176/12901 MS: 1 EraseBytes-
#35433	REDUCE cov: 1398 ft: 4050 corp: 565/791Kb lim: 12901 exec/s: 2725 rss: 75Mb L: 1689/12901 MS: 2 InsertByte-EraseBytes-
#35459	REDUCE cov: 1398 ft: 4050 corp: 565/791Kb lim: 12901 exec/s: 2727 rss: 75Mb L: 162/12901 MS: 1 EraseBytes-
#35512	REDUCE cov: 1398 ft: 4050 corp: 565/791Kb lim: 12901 exec/s: 2731 rss: 75Mb L: 193/12901 MS: 3 ChangeASCIIInt-CMP-EraseBytes- DE: "\376\377\377\377"-
#35713	NEW    cov: 1398 ft: 4051 corp: 566/799Kb lim: 12901 exec/s: 2747 rss: 75Mb L: 8831/12901 MS: 1 CopyPart-
#35914	REDUCE cov: 1398 ft: 4051 corp: 566/797Kb lim: 12901 exec/s: 2762 rss: 75Mb L: 3587/12901 MS: 1 EraseBytes-
#36230	NEW    cov: 1398 ft: 4052 corp: 567/797Kb lim: 12901 exec/s: 2786 rss: 75Mb L: 337/12901 MS: 1 CMP- DE: "\007\000\000\000\000\000\000\000"-
#36302	REDUCE cov: 1398 ft: 4052 corp: 567/794Kb lim: 12901 exec/s: 2792 rss: 75Mb L: 4251/12901 MS: 2 CopyPart-EraseBytes-
#36369	REDUCE cov: 1398 ft: 4052 corp: 567/794Kb lim: 12901 exec/s: 2797 rss: 75Mb L: 254/12901 MS: 2 ChangeByte-EraseBytes-
#36650	REDUCE cov: 1398 ft: 4053 corp: 568/794Kb lim: 12901 exec/s: 2819 rss: 75Mb L: 114/12901 MS: 1 CopyPart-
#36751	REDUCE cov: 1399 ft: 4054 corp: 569/794Kb lim: 12901 exec/s: 2827 rss: 75Mb L: 162/12901 MS: 1 ShuffleBytes-
#36778	REDUCE cov: 1399 ft: 4054 corp: 569/794Kb lim: 12901 exec/s: 2829 rss: 75Mb L: 73/12901 MS: 2 ChangeBinInt-EraseBytes-
#36851	REDUCE cov: 1399 ft: 4054 corp: 569/794Kb lim: 12901 exec/s: 2834 rss: 75Mb L: 165/12901 MS: 3 ChangeByte-PersAutoDict-EraseBytes- DE: "[\000\000\000"-
#36898	REDUCE cov: 1399 ft: 4054 corp: 569/794Kb lim: 12901 exec/s: 2838 rss: 75Mb L: 358/12901 MS: 2 ChangeBit-EraseBytes-
#36913	REDUCE cov: 1399 ft: 4054 corp: 569/794Kb lim: 12901 exec/s: 2839 rss: 75Mb L: 1281/12901 MS: 5 CrossOver-CrossOver-InsertByte-ShuffleBytes-EraseBytes-
#37201	REDUCE cov: 1399 ft: 4054 corp: 569/793Kb lim: 12901 exec/s: 2861 rss: 75Mb L: 2041/12901 MS: 3 ShuffleBytes-InsertByte-EraseBytes-
#37280	REDUCE cov: 1399 ft: 4054 corp: 569/793Kb lim: 12901 exec/s: 2867 rss: 75Mb L: 188/12901 MS: 4 ChangeByte-CopyPart-InsertByte-EraseBytes-
#37384	REDUCE cov: 1399 ft: 4054 corp: 569/792Kb lim: 12901 exec/s: 2875 rss: 75Mb L: 3762/12901 MS: 4 InsertRepeatedBytes-ChangeBit-ChangeByte-EraseBytes-
#37475	REDUCE cov: 1399 ft: 4054 corp: 569/792Kb lim: 12901 exec/s: 2882 rss: 75Mb L: 215/12901 MS: 1 EraseBytes-
#38022	NEW    cov: 1399 ft: 4057 corp: 570/793Kb lim: 12901 exec/s: 2924 rss: 75Mb L: 719/12901 MS: 2 ChangeByte-InsertRepeatedBytes-
#38271	REDUCE cov: 1399 ft: 4057 corp: 570/793Kb lim: 12901 exec/s: 2943 rss: 75Mb L: 249/12901 MS: 4 CopyPart-InsertRepeatedBytes-CMP-EraseBytes- DE: "\005\000"-
#38317	REDUCE cov: 1399 ft: 4057 corp: 570/793Kb lim: 12901 exec/s: 2947 rss: 75Mb L: 47/12901 MS: 1 EraseBytes-
#38468	REDUCE cov: 1399 ft: 4057 corp: 570/792Kb lim: 12901 exec/s: 2959 rss: 75Mb L: 2498/12901 MS: 1 EraseBytes-
#38484	REDUCE cov: 1399 ft: 4057 corp: 570/792Kb lim: 12901 exec/s: 2960 rss: 75Mb L: 195/12901 MS: 1 EraseBytes-
#38523	REDUCE cov: 1399 ft: 4057 corp: 570/792Kb lim: 12901 exec/s: 2751 rss: 75Mb L: 145/12901 MS: 4 CMP-ChangeByte-ChangeBit-EraseBytes- DE: "sPLT"-
#38579	NEW    cov: 1399 ft: 4058 corp: 571/793Kb lim: 12901 exec/s: 2755 rss: 75Mb L: 595/12901 MS: 1 CopyPart-
#38612	REDUCE cov: 1399 ft: 4058 corp: 571/793Kb lim: 12901 exec/s: 2758 rss: 75Mb L: 125/12901 MS: 3 InsertByte-InsertByte-EraseBytes-
#38613	REDUCE cov: 1399 ft: 4058 corp: 571/793Kb lim: 12901 exec/s: 2758 rss: 75Mb L: 161/12901 MS: 1 EraseBytes-
#38650	REDUCE cov: 1399 ft: 4058 corp: 571/793Kb lim: 12901 exec/s: 2760 rss: 75Mb L: 161/12901 MS: 2 InsertByte-EraseBytes-
#38676	REDUCE cov: 1399 ft: 4058 corp: 571/793Kb lim: 12901 exec/s: 2762 rss: 75Mb L: 196/12901 MS: 1 EraseBytes-
#38884	REDUCE cov: 1399 ft: 4058 corp: 571/793Kb lim: 12901 exec/s: 2777 rss: 75Mb L: 320/12901 MS: 3 InsertByte-ChangeBit-EraseBytes-
#38965	REDUCE cov: 1399 ft: 4058 corp: 571/793Kb lim: 12901 exec/s: 2783 rss: 75Mb L: 723/12901 MS: 1 EraseBytes-
#38988	REDUCE cov: 1399 ft: 4058 corp: 571/792Kb lim: 12901 exec/s: 2784 rss: 75Mb L: 481/12901 MS: 3 CrossOver-CrossOver-EraseBytes-
#39172	REDUCE cov: 1399 ft: 4058 corp: 571/792Kb lim: 12901 exec/s: 2798 rss: 75Mb L: 1924/12901 MS: 4 ChangeBinInt-ShuffleBytes-ChangeASCIIInt-EraseBytes-
#39235	REDUCE cov: 1399 ft: 4058 corp: 571/792Kb lim: 12901 exec/s: 2802 rss: 75Mb L: 119/12901 MS: 3 ChangeBinInt-InsertByte-EraseBytes-
#39282	REDUCE cov: 1399 ft: 4058 corp: 571/792Kb lim: 12901 exec/s: 2805 rss: 75Mb L: 59/12901 MS: 2 ChangeByte-EraseBytes-
#39483	NEW    cov: 1399 ft: 4060 corp: 572/793Kb lim: 12901 exec/s: 2820 rss: 75Mb L: 264/12901 MS: 1 PersAutoDict- DE: "\015\000\000\000"-
#39615	REDUCE cov: 1399 ft: 4060 corp: 572/792Kb lim: 12901 exec/s: 2829 rss: 75Mb L: 3517/12901 MS: 2 ChangeByte-EraseBytes-
#39643	REDUCE cov: 1399 ft: 4060 corp: 572/792Kb lim: 12901 exec/s: 2831 rss: 75Mb L: 1041/12901 MS: 3 CopyPart-ShuffleBytes-EraseBytes-
#39772	NEW    cov: 1399 ft: 4061 corp: 573/800Kb lim: 12901 exec/s: 2840 rss: 75Mb L: 8678/12901 MS: 4 ChangeBinInt-ChangeBinInt-ChangeASCIIInt-ChangeBit-
#39956	REDUCE cov: 1399 ft: 4061 corp: 573/800Kb lim: 12901 exec/s: 2854 rss: 75Mb L: 512/12901 MS: 4 ChangeASCIIInt-CMP-ShuffleBytes-EraseBytes- DE: "\025\000\000\000\000\000\000\000"-
#40108	NEW    cov: 1399 ft: 4062 corp: 574/803Kb lim: 12901 exec/s: 2864 rss: 75Mb L: 2628/12901 MS: 2 ChangeByte-PersAutoDict- DE: "sBIT"-
#40196	NEW    cov: 1399 ft: 4063 corp: 575/803Kb lim: 12901 exec/s: 2871 rss: 75Mb L: 258/12901 MS: 3 CrossOver-ChangeBinInt-CopyPart-
#40208	REDUCE cov: 1399 ft: 4063 corp: 575/803Kb lim: 12901 exec/s: 2872 rss: 75Mb L: 274/12901 MS: 2 ChangeBit-EraseBytes-
#40280	REDUCE cov: 1399 ft: 4063 corp: 575/803Kb lim: 12901 exec/s: 2877 rss: 75Mb L: 2518/12901 MS: 2 ChangeBinInt-EraseBytes-
#40448	REDUCE cov: 1402 ft: 4066 corp: 576/806Kb lim: 12901 exec/s: 2889 rss: 75Mb L: 3061/12901 MS: 3 CMP-ShuffleBytes-CrossOver- DE: "sPLT"-
#40599	REDUCE cov: 1402 ft: 4066 corp: 576/805Kb lim: 12901 exec/s: 2899 rss: 75Mb L: 1590/12901 MS: 1 EraseBytes-
#40640	REDUCE cov: 1402 ft: 4066 corp: 576/805Kb lim: 12901 exec/s: 2902 rss: 75Mb L: 2412/12901 MS: 1 EraseBytes-
#40717	REDUCE cov: 1402 ft: 4066 corp: 576/805Kb lim: 12901 exec/s: 2908 rss: 75Mb L: 187/12901 MS: 2 ChangeBit-EraseBytes-
#40719	REDUCE cov: 1402 ft: 4066 corp: 576/805Kb lim: 12901 exec/s: 2908 rss: 75Mb L: 2740/12901 MS: 2 CopyPart-EraseBytes-
#40790	REDUCE cov: 1402 ft: 4066 corp: 576/805Kb lim: 12901 exec/s: 2913 rss: 75Mb L: 91/12901 MS: 1 EraseBytes-
#41047	REDUCE cov: 1402 ft: 4066 corp: 576/804Kb lim: 12901 exec/s: 2931 rss: 75Mb L: 1728/12901 MS: 2 CopyPart-EraseBytes-
#41056	REDUCE cov: 1402 ft: 4066 corp: 576/804Kb lim: 12901 exec/s: 2932 rss: 75Mb L: 453/12901 MS: 4 CMP-PersAutoDict-ChangeByte-EraseBytes- DE: "sRGB"-"\021\000\000\000\000\000\000\000"-
#41152	REDUCE cov: 1402 ft: 4066 corp: 576/804Kb lim: 12901 exec/s: 2939 rss: 75Mb L: 127/12901 MS: 1 EraseBytes-
#41530	REDUCE cov: 1402 ft: 4066 corp: 576/801Kb lim: 12901 exec/s: 2966 rss: 75Mb L: 9345/12901 MS: 3 ShuffleBytes-CMP-EraseBytes- DE: "\000\000\000\000"-
#41593	REDUCE cov: 1402 ft: 4066 corp: 576/801Kb lim: 12901 exec/s: 2970 rss: 75Mb L: 118/12901 MS: 3 ChangeByte-ShuffleBytes-EraseBytes-
#41755	REDUCE cov: 1402 ft: 4066 corp: 576/801Kb lim: 12901 exec/s: 2982 rss: 75Mb L: 429/12901 MS: 2 CopyPart-EraseBytes-
#41796	REDUCE cov: 1402 ft: 4066 corp: 576/800Kb lim: 12901 exec/s: 2985 rss: 75Mb L: 2204/12901 MS: 1 EraseBytes-
#41960	REDUCE cov: 1402 ft: 4066 corp: 576/800Kb lim: 12901 exec/s: 2997 rss: 75Mb L: 221/12901 MS: 4 ChangeBit-ChangeASCIIInt-ChangeBit-EraseBytes-
#42099	REDUCE cov: 1402 ft: 4066 corp: 576/800Kb lim: 12901 exec/s: 2806 rss: 75Mb L: 285/12901 MS: 4 CMP-ShuffleBytes-InsertRepeatedBytes-EraseBytes- DE: "\001\000\000\000\000\000\000\011"-
#42138	REDUCE cov: 1402 ft: 4066 corp: 576/800Kb lim: 12901 exec/s: 2809 rss: 75Mb L: 1072/12901 MS: 4 ChangeByte-ChangeASCIIInt-ChangeBinInt-EraseBytes-
#42139	REDUCE cov: 1402 ft: 4066 corp: 576/800Kb lim: 12901 exec/s: 2809 rss: 75Mb L: 273/12901 MS: 1 EraseBytes-
#42146	REDUCE cov: 1402 ft: 4066 corp: 576/799Kb lim: 12901 exec/s: 2809 rss: 75Mb L: 2527/12901 MS: 2 ShuffleBytes-EraseBytes-
#42233	REDUCE cov: 1402 ft: 4066 corp: 576/799Kb lim: 12901 exec/s: 2815 rss: 75Mb L: 870/12901 MS: 2 ShuffleBytes-EraseBytes-
#42541	REDUCE cov: 1402 ft: 4066 corp: 576/799Kb lim: 12901 exec/s: 2836 rss: 75Mb L: 1370/12901 MS: 3 ChangeByte-ChangeByte-EraseBytes-
#42728	REDUCE cov: 1402 ft: 4066 corp: 576/798Kb lim: 12901 exec/s: 2848 rss: 75Mb L: 1949/12901 MS: 2 ChangeASCIIInt-EraseBytes-
#43021	REDUCE cov: 1402 ft: 4066 corp: 576/798Kb lim: 12901 exec/s: 2868 rss: 75Mb L: 275/12901 MS: 3 ChangeBinInt-InsertRepeatedBytes-EraseBytes-
#43238	REDUCE cov: 1402 ft: 4066 corp: 576/797Kb lim: 12901 exec/s: 2882 rss: 75Mb L: 8653/12901 MS: 2 InsertByte-CrossOver-
#43333	REDUCE cov: 1402 ft: 4066 corp: 576/797Kb lim: 12901 exec/s: 2888 rss: 75Mb L: 2113/12901 MS: 5 PersAutoDict-ChangeBit-InsertRepeatedBytes-PersAutoDict-EraseBytes- DE: "\001\020"-"IDAT"-
#43654	REDUCE cov: 1402 ft: 4066 corp: 576/797Kb lim: 12901 exec/s: 2910 rss: 75Mb L: 172/12901 MS: 1 EraseBytes-
#43711	REDUCE cov: 1402 ft: 4066 corp: 576/797Kb lim: 12901 exec/s: 2914 rss: 75Mb L: 109/12901 MS: 2 ChangeASCIIInt-EraseBytes-
#43725	NEW    cov: 1402 ft: 4069 corp: 577/806Kb lim: 12901 exec/s: 2915 rss: 75Mb L: 8728/12901 MS: 4 CrossOver-CopyPart-ChangeByte-CMP- DE: "\000\015"-
#43832	REDUCE cov: 1403 ft: 4070 corp: 578/811Kb lim: 12901 exec/s: 2922 rss: 75Mb L: 5371/12901 MS: 2 ChangeBinInt-InsertRepeatedBytes-
#43892	REDUCE cov: 1403 ft: 4070 corp: 578/811Kb lim: 12901 exec/s: 2926 rss: 75Mb L: 689/12901 MS: 5 ChangeBit-ChangeASCIIInt-PersAutoDict-CrossOver-EraseBytes- DE: "eXIf"-
#43946	REDUCE cov: 1403 ft: 4070 corp: 578/811Kb lim: 12901 exec/s: 2929 rss: 75Mb L: 175/12901 MS: 4 ChangeBit-PersAutoDict-PersAutoDict-EraseBytes- DE: "\000\000"-"\377\377\377\377\377\377\377\003"-
#44137	REDUCE cov: 1403 ft: 4070 corp: 578/811Kb lim: 12901 exec/s: 2942 rss: 75Mb L: 3422/12901 MS: 1 EraseBytes-
#44153	REDUCE cov: 1403 ft: 4070 corp: 578/811Kb lim: 12901 exec/s: 2943 rss: 75Mb L: 103/12901 MS: 1 EraseBytes-
#44250	REDUCE cov: 1403 ft: 4072 corp: 579/822Kb lim: 12901 exec/s: 2950 rss: 75Mb L: 11964/12901 MS: 2 InsertRepeatedBytes-PersAutoDict- DE: "sTER"-
#44561	REDUCE cov: 1403 ft: 4072 corp: 579/822Kb lim: 12901 exec/s: 2970 rss: 75Mb L: 53/12901 MS: 1 EraseBytes-
#44729	NEW    cov: 1405 ft: 4074 corp: 580/827Kb lim: 12901 exec/s: 2981 rss: 75Mb L: 5372/12901 MS: 3 ChangeByte-ChangeBit-InsertByte-
#44831	NEW    cov: 1405 ft: 4075 corp: 581/829Kb lim: 12901 exec/s: 2988 rss: 75Mb L: 1093/12901 MS: 2 ChangeBinInt-PersAutoDict- DE: "iCCP"-
#44932	REDUCE cov: 1405 ft: 4075 corp: 581/828Kb lim: 12901 exec/s: 2995 rss: 75Mb L: 69/12901 MS: 1 EraseBytes-
#45132	REDUCE cov: 1405 ft: 4075 corp: 581/828Kb lim: 12901 exec/s: 3008 rss: 75Mb L: 1052/12901 MS: 5 CMP-CrossOver-ChangeByte-ChangeBit-EraseBytes- DE: "LTca"-
#45188	NEW    cov: 1405 ft: 4078 corp: 582/829Kb lim: 12901 exec/s: 3012 rss: 75Mb L: 777/12901 MS: 1 CopyPart-
#45229	REDUCE cov: 1405 ft: 4078 corp: 582/829Kb lim: 12901 exec/s: 3015 rss: 75Mb L: 241/12901 MS: 1 EraseBytes-
#45259	REDUCE cov: 1405 ft: 4078 corp: 582/829Kb lim: 12901 exec/s: 3017 rss: 75Mb L: 218/12901 MS: 5 ChangeASCIIInt-PersAutoDict-CopyPart-ChangeBit-EraseBytes- DE: "\000\000\000\000\000\000\000\004"-
#45296	REDUCE cov: 1405 ft: 4078 corp: 582/829Kb lim: 12901 exec/s: 3019 rss: 75Mb L: 628/12901 MS: 2 InsertRepeatedBytes-EraseBytes-
#45333	REDUCE cov: 1405 ft: 4078 corp: 582/829Kb lim: 12901 exec/s: 3022 rss: 75Mb L: 106/12901 MS: 2 ChangeBinInt-EraseBytes-
#45372	REDUCE cov: 1405 ft: 4078 corp: 582/829Kb lim: 12901 exec/s: 3024 rss: 75Mb L: 149/12901 MS: 4 ChangeByte-ChangeASCIIInt-ShuffleBytes-EraseBytes-
#45387	NEW    cov: 1405 ft: 4079 corp: 583/831Kb lim: 12901 exec/s: 3025 rss: 75Mb L: 2624/12901 MS: 5 ChangeByte-CopyPart-ChangeBit-CrossOver-PersAutoDict- DE: "eXIf"-
#45398	REDUCE cov: 1405 ft: 4079 corp: 583/831Kb lim: 12901 exec/s: 3026 rss: 75Mb L: 317/12901 MS: 1 EraseBytes-
#45434	REDUCE cov: 1405 ft: 4079 corp: 583/831Kb lim: 12901 exec/s: 3028 rss: 75Mb L: 1323/12901 MS: 1 EraseBytes-
#45600	REDUCE cov: 1405 ft: 4079 corp: 583/830Kb lim: 12901 exec/s: 3040 rss: 75Mb L: 273/12901 MS: 1 EraseBytes-
#45951	REDUCE cov: 1406 ft: 4081 corp: 584/832Kb lim: 12901 exec/s: 2871 rss: 75Mb L: 1461/12901 MS: 1 ChangeByte-
#45952	REDUCE cov: 1406 ft: 4081 corp: 584/832Kb lim: 12901 exec/s: 2872 rss: 75Mb L: 316/12901 MS: 1 EraseBytes-
#46023	REDUCE cov: 1406 ft: 4081 corp: 584/831Kb lim: 12901 exec/s: 2876 rss: 75Mb L: 4028/12901 MS: 1 EraseBytes-
#46147	REDUCE cov: 1406 ft: 4081 corp: 584/830Kb lim: 12901 exec/s: 2884 rss: 75Mb L: 1213/12901 MS: 4 ShuffleBytes-PersAutoDict-ChangeASCIIInt-EraseBytes- DE: "sRGB"-
#46194	NEW    cov: 1406 ft: 4082 corp: 585/832Kb lim: 12901 exec/s: 2887 rss: 75Mb L: 1448/12901 MS: 2 ShuffleBytes-ChangeByte-
#46228	REDUCE cov: 1406 ft: 4082 corp: 585/832Kb lim: 12901 exec/s: 2889 rss: 75Mb L: 1148/12901 MS: 4 ChangeByte-CopyPart-ChangeBinInt-EraseBytes-
#46240	REDUCE cov: 1406 ft: 4082 corp: 585/832Kb lim: 12901 exec/s: 2890 rss: 75Mb L: 131/12901 MS: 2 InsertByte-EraseBytes-
#46282	REDUCE cov: 1406 ft: 4082 corp: 585/831Kb lim: 12901 exec/s: 2892 rss: 75Mb L: 971/12901 MS: 2 ChangeBit-EraseBytes-
#46310	REDUCE cov: 1406 ft: 4082 corp: 585/831Kb lim: 12901 exec/s: 2894 rss: 75Mb L: 869/12901 MS: 3 ChangeASCIIInt-CrossOver-EraseBytes-
#46346	REDUCE cov: 1406 ft: 4083 corp: 586/833Kb lim: 12901 exec/s: 2896 rss: 75Mb L: 2017/12901 MS: 1 CopyPart-
#46478	NEW    cov: 1406 ft: 4084 corp: 587/834Kb lim: 12901 exec/s: 2904 rss: 75Mb L: 337/12901 MS: 2 ChangeBinInt-ChangeBinInt-
#46500	REDUCE cov: 1406 ft: 4084 corp: 587/834Kb lim: 12901 exec/s: 2906 rss: 75Mb L: 1718/12901 MS: 2 CMP-EraseBytes- DE: "sTER"-
#46526	NEW    cov: 1407 ft: 4085 corp: 588/834Kb lim: 12901 exec/s: 2907 rss: 75Mb L: 395/12901 MS: 1 ChangeBit-
#46707	REDUCE cov: 1407 ft: 4085 corp: 588/834Kb lim: 12901 exec/s: 2919 rss: 75Mb L: 344/12901 MS: 1 EraseBytes-
#46855	REDUCE cov: 1407 ft: 4085 corp: 588/833Kb lim: 12901 exec/s: 2928 rss: 75Mb L: 2144/12901 MS: 3 ChangeASCIIInt-ShuffleBytes-EraseBytes-
#47042	NEW    cov: 1407 ft: 4087 corp: 589/834Kb lim: 12901 exec/s: 2940 rss: 75Mb L: 637/12901 MS: 2 ChangeASCIIInt-CopyPart-
#47163	REDUCE cov: 1407 ft: 4087 corp: 589/833Kb lim: 12901 exec/s: 2947 rss: 75Mb L: 492/12901 MS: 1 EraseBytes-
#47255	NEW    cov: 1408 ft: 4088 corp: 590/834Kb lim: 12901 exec/s: 2953 rss: 75Mb L: 515/12901 MS: 2 CrossOver-ChangeBit-
#47663	REDUCE cov: 1408 ft: 4088 corp: 590/834Kb lim: 12901 exec/s: 2978 rss: 75Mb L: 101/12901 MS: 3 ChangeByte-ChangeBinInt-EraseBytes-
#47754	REDUCE cov: 1408 ft: 4088 corp: 590/833Kb lim: 12901 exec/s: 2984 rss: 75Mb L: 518/12901 MS: 1 EraseBytes-
#47848	REDUCE cov: 1408 ft: 4088 corp: 590/833Kb lim: 12901 exec/s: 2990 rss: 75Mb L: 2647/12901 MS: 4 EraseBytes-ChangeBinInt-PersAutoDict-InsertRepeatedBytes- DE: "\001\000\000\000\000\000\000?"-
#47861	REDUCE cov: 1408 ft: 4088 corp: 590/831Kb lim: 12901 exec/s: 2991 rss: 75Mb L: 3277/12901 MS: 3 InsertRepeatedBytes-ShuffleBytes-EraseBytes-
#48049	REDUCE cov: 1408 ft: 4088 corp: 590/831Kb lim: 12901 exec/s: 3003 rss: 75Mb L: 664/12901 MS: 3 ShuffleBytes-ChangeByte-EraseBytes-
#48140	REDUCE cov: 1408 ft: 4088 corp: 590/831Kb lim: 12901 exec/s: 3008 rss: 75Mb L: 119/12901 MS: 1 EraseBytes-
#48175	REDUCE cov: 1408 ft: 4088 corp: 590/831Kb lim: 12901 exec/s: 3010 rss: 75Mb L: 420/12901 MS: 5 InsertRepeatedBytes-ChangeByte-CopyPart-ShuffleBytes-EraseBytes-
#48306	REDUCE cov: 1408 ft: 4088 corp: 590/831Kb lim: 12901 exec/s: 3019 rss: 75Mb L: 127/12901 MS: 1 EraseBytes-
#48379	REDUCE cov: 1408 ft: 4088 corp: 590/831Kb lim: 12901 exec/s: 3023 rss: 75Mb L: 189/12901 MS: 3 ChangeByte-ChangeBit-EraseBytes-
#48428	REDUCE cov: 1408 ft: 4088 corp: 590/830Kb lim: 12901 exec/s: 3026 rss: 75Mb L: 1553/12901 MS: 4 InsertByte-ChangeByte-ChangeBit-EraseBytes-
#48449	REDUCE cov: 1408 ft: 4088 corp: 590/830Kb lim: 12901 exec/s: 3028 rss: 75Mb L: 120/12901 MS: 1 EraseBytes-
#48457	REDUCE cov: 1408 ft: 4088 corp: 590/830Kb lim: 12901 exec/s: 3028 rss: 75Mb L: 74/12901 MS: 3 CMP-ShuffleBytes-EraseBytes- DE: "\377\377\377Y"-
#48473	REDUCE cov: 1408 ft: 4088 corp: 590/830Kb lim: 12901 exec/s: 3029 rss: 75Mb L: 328/12901 MS: 1 EraseBytes-
#48521	REDUCE cov: 1408 ft: 4088 corp: 590/830Kb lim: 12901 exec/s: 3032 rss: 75Mb L: 304/12901 MS: 3 CopyPart-InsertRepeatedBytes-EraseBytes-
#48602	REDUCE cov: 1408 ft: 4088 corp: 590/829Kb lim: 12901 exec/s: 3037 rss: 75Mb L: 2075/12901 MS: 1 EraseBytes-
#48619	REDUCE cov: 1408 ft: 4088 corp: 590/829Kb lim: 12901 exec/s: 3038 rss: 75Mb L: 986/12901 MS: 2 ChangeByte-EraseBytes-
#48624	REDUCE cov: 1408 ft: 4088 corp: 590/829Kb lim: 12901 exec/s: 3039 rss: 75Mb L: 604/12901 MS: 5 ShuffleBytes-InsertByte-ChangeBit-CMP-EraseBytes- DE: "mDCV"-
#48810	REDUCE cov: 1408 ft: 4088 corp: 590/829Kb lim: 12901 exec/s: 3050 rss: 75Mb L: 167/12901 MS: 1 EraseBytes-
#48841	REDUCE cov: 1408 ft: 4088 corp: 590/829Kb lim: 12901 exec/s: 3052 rss: 75Mb L: 199/12901 MS: 1 EraseBytes-
#48857	REDUCE cov: 1408 ft: 4089 corp: 591/830Kb lim: 12901 exec/s: 3053 rss: 75Mb L: 1102/12901 MS: 1 EraseBytes-
#48907	REDUCE cov: 1408 ft: 4089 corp: 591/830Kb lim: 12901 exec/s: 3056 rss: 75Mb L: 156/12901 MS: 5 ChangeASCIIInt-ChangeByte-InsertByte-ChangeBinInt-EraseBytes-
#49254	REDUCE cov: 1408 ft: 4089 corp: 591/829Kb lim: 12901 exec/s: 3078 rss: 75Mb L: 1097/12901 MS: 2 InsertRepeatedBytes-EraseBytes-
#49322	REDUCE cov: 1408 ft: 4089 corp: 591/829Kb lim: 12901 exec/s: 3082 rss: 75Mb L: 111/12901 MS: 3 ChangeASCIIInt-ChangeByte-EraseBytes-
#49353	REDUCE cov: 1408 ft: 4089 corp: 591/829Kb lim: 12901 exec/s: 3084 rss: 75Mb L: 2401/12901 MS: 1 CrossOver-
#49449	REDUCE cov: 1408 ft: 4089 corp: 591/829Kb lim: 12901 exec/s: 3090 rss: 75Mb L: 650/12901 MS: 1 EraseBytes-
#49450	NEW    cov: 1408 ft: 4091 corp: 592/837Kb lim: 12901 exec/s: 3090 rss: 75Mb L: 8831/12901 MS: 1 ChangeBinInt-
#49589	REDUCE cov: 1408 ft: 4091 corp: 592/837Kb lim: 12901 exec/s: 3099 rss: 75Mb L: 726/12901 MS: 4 ChangeBit-ChangeBit-ChangeASCIIInt-EraseBytes-
#49748	REDUCE cov: 1408 ft: 4091 corp: 592/837Kb lim: 12901 exec/s: 3109 rss: 75Mb L: 112/12901 MS: 4 CopyPart-InsertByte-ChangeBinInt-EraseBytes-
#49754	REDUCE cov: 1408 ft: 4091 corp: 592/837Kb lim: 12901 exec/s: 3109 rss: 75Mb L: 579/12901 MS: 1 EraseBytes-
#49774	REDUCE cov: 1408 ft: 4091 corp: 592/837Kb lim: 12901 exec/s: 3110 rss: 75Mb L: 193/12901 MS: 5 InsertRepeatedBytes-PersAutoDict-InsertByte-ChangeBit-EraseBytes- DE: "\376\377\377\377\000\000\000\000"-
#49800	REDUCE cov: 1408 ft: 4091 corp: 592/837Kb lim: 12901 exec/s: 3112 rss: 75Mb L: 802/12901 MS: 1 EraseBytes-
#49926	REDUCE cov: 1408 ft: 4091 corp: 592/837Kb lim: 12901 exec/s: 3120 rss: 75Mb L: 8558/12901 MS: 1 CrossOver-
#50007	REDUCE cov: 1408 ft: 4091 corp: 592/837Kb lim: 12901 exec/s: 3125 rss: 75Mb L: 122/12901 MS: 1 EraseBytes-
#50043	REDUCE cov: 1408 ft: 4091 corp: 592/836Kb lim: 12901 exec/s: 3127 rss: 75Mb L: 182/12901 MS: 1 EraseBytes-
#50052	REDUCE cov: 1408 ft: 4091 corp: 592/836Kb lim: 12901 exec/s: 3128 rss: 75Mb L: 2044/12901 MS: 4 InsertByte-InsertByte-CrossOver-EraseBytes-
#50069	REDUCE cov: 1408 ft: 4091 corp: 592/836Kb lim: 12901 exec/s: 3129 rss: 75Mb L: 1207/12901 MS: 2 EraseBytes-CopyPart-
#50086	REDUCE cov: 1408 ft: 4091 corp: 592/836Kb lim: 12901 exec/s: 3130 rss: 75Mb L: 2844/12901 MS: 2 InsertRepeatedBytes-EraseBytes-
#50091	REDUCE cov: 1408 ft: 4091 corp: 592/835Kb lim: 12901 exec/s: 3130 rss: 75Mb L: 675/12901 MS: 5 ShuffleBytes-CMP-ChangeBinInt-ChangeByte-EraseBytes- DE: "mDCV"-
#50204	REDUCE cov: 1408 ft: 4091 corp: 592/835Kb lim: 12901 exec/s: 3137 rss: 75Mb L: 251/12901 MS: 3 ChangeByte-ChangeBit-EraseBytes-
#50291	REDUCE cov: 1408 ft: 4091 corp: 592/835Kb lim: 12901 exec/s: 2958 rss: 75Mb L: 1347/12901 MS: 2 InsertByte-EraseBytes-
#50517	REDUCE cov: 1408 ft: 4091 corp: 592/835Kb lim: 12901 exec/s: 2971 rss: 75Mb L: 32/12901 MS: 1 EraseBytes-
#50538	REDUCE cov: 1408 ft: 4091 corp: 592/835Kb lim: 12901 exec/s: 2972 rss: 75Mb L: 56/12901 MS: 1 EraseBytes-
#50634	REDUCE cov: 1409 ft: 4092 corp: 593/835Kb lim: 12901 exec/s: 2978 rss: 75Mb L: 187/12901 MS: 1 ChangeBinInt-
#50676	NEW    cov: 1409 ft: 4093 corp: 594/839Kb lim: 12901 exec/s: 2980 rss: 75Mb L: 3515/12901 MS: 2 InsertByte-InsertRepeatedBytes-
#50743	REDUCE cov: 1409 ft: 4094 corp: 595/839Kb lim: 12901 exec/s: 2984 rss: 75Mb L: 223/12901 MS: 2 CMP-ChangeByte- DE: "\377\377\377\377\377\377\377\302"-
#50919	REDUCE cov: 1409 ft: 4094 corp: 595/838Kb lim: 12901 exec/s: 2995 rss: 75Mb L: 1622/12901 MS: 1 EraseBytes-
#50945	REDUCE cov: 1409 ft: 4094 corp: 595/838Kb lim: 12901 exec/s: 2996 rss: 75Mb L: 168/12901 MS: 1 EraseBytes-
#50974	REDUCE cov: 1409 ft: 4094 corp: 595/838Kb lim: 12901 exec/s: 2998 rss: 75Mb L: 1384/12901 MS: 4 InsertByte-ChangeBit-PersAutoDict-EraseBytes- DE: "\377\377\377\377\377\377\0009"-
#50997	NEW    cov: 1409 ft: 4095 corp: 596/839Kb lim: 12901 exec/s: 2999 rss: 75Mb L: 320/12901 MS: 3 CopyPart-ChangeBinInt-EraseBytes-
#51239	REDUCE cov: 1409 ft: 4095 corp: 596/838Kb lim: 12901 exec/s: 3014 rss: 75Mb L: 2720/12901 MS: 2 ChangeASCIIInt-EraseBytes-
#51268	REDUCE cov: 1409 ft: 4095 corp: 596/838Kb lim: 12901 exec/s: 3015 rss: 75Mb L: 8683/12901 MS: 4 ChangeBit-CMP-ShuffleBytes-EraseBytes- DE: "\000E"-
#51395	REDUCE cov: 1409 ft: 4095 corp: 596/838Kb lim: 12901 exec/s: 3023 rss: 75Mb L: 485/12901 MS: 2 CMP-EraseBytes- DE: "mDCV"-
#51413	REDUCE cov: 1409 ft: 4095 corp: 596/838Kb lim: 12901 exec/s: 3024 rss: 75Mb L: 185/12901 MS: 3 InsertByte-ShuffleBytes-EraseBytes-
#51576	REDUCE cov: 1409 ft: 4095 corp: 596/838Kb lim: 12901 exec/s: 3033 rss: 75Mb L: 374/12901 MS: 3 CrossOver-ChangeBinInt-EraseBytes-
#51613	REDUCE cov: 1409 ft: 4095 corp: 596/837Kb lim: 12901 exec/s: 3036 rss: 75Mb L: 1039/12901 MS: 2 CopyPart-EraseBytes-
#51674	REDUCE cov: 1409 ft: 4095 corp: 596/837Kb lim: 12901 exec/s: 3039 rss: 75Mb L: 2313/12901 MS: 1 EraseBytes-
#51770	REDUCE cov: 1409 ft: 4095 corp: 596/837Kb lim: 12901 exec/s: 3045 rss: 75Mb L: 114/12901 MS: 1 EraseBytes-
#51811	NEW    cov: 1410 ft: 4097 corp: 597/838Kb lim: 12901 exec/s: 3047 rss: 75Mb L: 274/12901 MS: 1 ChangeBinInt-
#52064	REDUCE cov: 1410 ft: 4097 corp: 597/837Kb lim: 12901 exec/s: 3062 rss: 75Mb L: 339/12901 MS: 3 ChangeASCIIInt-InsertByte-EraseBytes-
#52309	REDUCE cov: 1410 ft: 4097 corp: 597/837Kb lim: 12901 exec/s: 3077 rss: 75Mb L: 70/12901 MS: 5 ShuffleBytes-PersAutoDict-ShuffleBytes-PersAutoDict-EraseBytes- DE: "\010\000\000\000\000\000\000\000"-";\000\000\000"-
#52340	REDUCE cov: 1410 ft: 4097 corp: 597/837Kb lim: 12901 exec/s: 3078 rss: 75Mb L: 197/12901 MS: 1 EraseBytes-
#52510	REDUCE cov: 1410 ft: 4097 corp: 597/837Kb lim: 12901 exec/s: 3088 rss: 75Mb L: 216/12901 MS: 5 ChangeBit-CopyPart-InsertRepeatedBytes-EraseBytes-EraseBytes-
#52623	REDUCE cov: 1410 ft: 4097 corp: 597/837Kb lim: 12901 exec/s: 3095 rss: 75Mb L: 39/12901 MS: 3 ChangeBit-CopyPart-EraseBytes-
#52690	REDUCE cov: 1410 ft: 4097 corp: 597/837Kb lim: 12901 exec/s: 3099 rss: 75Mb L: 1149/12901 MS: 2 ChangeByte-EraseBytes-
#52731	REDUCE cov: 1410 ft: 4097 corp: 597/837Kb lim: 12901 exec/s: 3101 rss: 75Mb L: 3491/12901 MS: 1 CrossOver-
#52743	REDUCE cov: 1410 ft: 4097 corp: 597/837Kb lim: 12901 exec/s: 3102 rss: 75Mb L: 365/12901 MS: 2 CMP-EraseBytes- DE: "\021\000\000\000\000\000\000\000"-
#52860	REDUCE cov: 1410 ft: 4097 corp: 597/836Kb lim: 12901 exec/s: 3109 rss: 75Mb L: 291/12901 MS: 2 ChangeASCIIInt-EraseBytes-
#52960	REDUCE cov: 1410 ft: 4097 corp: 597/836Kb lim: 12901 exec/s: 3115 rss: 75Mb L: 3120/12901 MS: 5 ChangeBinInt-CopyPart-CrossOver-InsertByte-EraseBytes-
#53167	NEW    cov: 1410 ft: 4101 corp: 598/836Kb lim: 12901 exec/s: 3127 rss: 75Mb L: 313/12901 MS: 2 ChangeBit-ChangeBit-
#53188	REDUCE cov: 1410 ft: 4101 corp: 598/836Kb lim: 12901 exec/s: 3128 rss: 75Mb L: 1104/12901 MS: 1 EraseBytes-
#53194	REDUCE cov: 1410 ft: 4101 corp: 598/836Kb lim: 12901 exec/s: 3129 rss: 75Mb L: 1849/12901 MS: 1 EraseBytes-
#53253	REDUCE cov: 1410 ft: 4101 corp: 598/836Kb lim: 12901 exec/s: 3132 rss: 75Mb L: 263/12901 MS: 4 ChangeASCIIInt-ShuffleBytes-CopyPart-EraseBytes-
#53285	REDUCE cov: 1410 ft: 4101 corp: 598/836Kb lim: 12901 exec/s: 3134 rss: 75Mb L: 305/12901 MS: 2 InsertByte-EraseBytes-
#53318	REDUCE cov: 1410 ft: 4101 corp: 598/836Kb lim: 12901 exec/s: 3136 rss: 75Mb L: 115/12901 MS: 3 ChangeBinInt-CMP-EraseBytes- DE: "pHYs"-
#53326	REDUCE cov: 1410 ft: 4101 corp: 598/836Kb lim: 12901 exec/s: 3136 rss: 75Mb L: 231/12901 MS: 3 ChangeASCIIInt-ChangeByte-EraseBytes-
#53338	REDUCE cov: 1410 ft: 4101 corp: 598/836Kb lim: 12901 exec/s: 3137 rss: 75Mb L: 606/12901 MS: 2 ChangeASCIIInt-EraseBytes-
#53455	REDUCE cov: 1410 ft: 4101 corp: 598/836Kb lim: 12901 exec/s: 3144 rss: 75Mb L: 609/12901 MS: 2 ChangeASCIIInt-EraseBytes-
#53459	REDUCE cov: 1410 ft: 4101 corp: 598/836Kb lim: 12901 exec/s: 3144 rss: 75Mb L: 52/12901 MS: 4 InsertByte-CopyPart-ChangeBinInt-EraseBytes-
#53470	REDUCE cov: 1410 ft: 4101 corp: 598/836Kb lim: 12901 exec/s: 3145 rss: 75Mb L: 47/12901 MS: 1 EraseBytes-
#53616	NEW    cov: 1410 ft: 4102 corp: 599/837Kb lim: 12901 exec/s: 3153 rss: 75Mb L: 1448/12901 MS: 1 ChangeASCIIInt-
#53733	NEW    cov: 1411 ft: 4103 corp: 600/846Kb lim: 12901 exec/s: 3160 rss: 75Mb L: 8840/12901 MS: 2 PersAutoDict-InsertByte- DE: "\001\000\000\000\000\000\000\011"-
#53869	REDUCE cov: 1411 ft: 4103 corp: 600/846Kb lim: 12901 exec/s: 3168 rss: 75Mb L: 276/12901 MS: 1 EraseBytes-
#53990	REDUCE cov: 1411 ft: 4103 corp: 600/845Kb lim: 12901 exec/s: 3175 rss: 75Mb L: 1352/12901 MS: 1 EraseBytes-
#54012	REDUCE cov: 1411 ft: 4103 corp: 600/845Kb lim: 12901 exec/s: 3177 rss: 75Mb L: 4992/12901 MS: 2 PersAutoDict-EraseBytes- DE: "gAMA"-
#54023	REDUCE cov: 1411 ft: 4103 corp: 600/843Kb lim: 12901 exec/s: 3177 rss: 75Mb L: 1374/12901 MS: 1 EraseBytes-
#54089	REDUCE cov: 1411 ft: 4103 corp: 600/843Kb lim: 12901 exec/s: 3181 rss: 75Mb L: 12149/12901 MS: 1 CrossOver-
#54266	REDUCE cov: 1411 ft: 4103 corp: 600/843Kb lim: 12901 exec/s: 3192 rss: 75Mb L: 78/12901 MS: 2 ShuffleBytes-EraseBytes-
#54302	REDUCE cov: 1411 ft: 4103 corp: 600/842Kb lim: 12901 exec/s: 3194 rss: 75Mb L: 821/12901 MS: 1 EraseBytes-
#54308	REDUCE cov: 1411 ft: 4103 corp: 600/842Kb lim: 12901 exec/s: 3194 rss: 75Mb L: 130/12901 MS: 1 EraseBytes-
#54324	REDUCE cov: 1411 ft: 4103 corp: 600/842Kb lim: 12901 exec/s: 3195 rss: 75Mb L: 1381/12901 MS: 1 EraseBytes-
#54347	REDUCE cov: 1411 ft: 4103 corp: 600/842Kb lim: 12901 exec/s: 3196 rss: 75Mb L: 1446/12901 MS: 3 ChangeASCIIInt-PersAutoDict-EraseBytes- DE: "\032\000\000\000\000\000\000\000"-
#54479	REDUCE cov: 1411 ft: 4103 corp: 600/842Kb lim: 12901 exec/s: 3204 rss: 75Mb L: 283/12901 MS: 2 ChangeASCIIInt-EraseBytes-
#54483	REDUCE cov: 1411 ft: 4103 corp: 600/841Kb lim: 12901 exec/s: 3204 rss: 75Mb L: 1776/12901 MS: 4 CrossOver-PersAutoDict-ChangeBit-EraseBytes- DE: "LTca"-
#54578	REDUCE cov: 1411 ft: 4103 corp: 600/841Kb lim: 12901 exec/s: 3032 rss: 75Mb L: 1189/12901 MS: 5 CrossOver-CrossOver-InsertByte-ChangeBit-EraseBytes-
#54594	REDUCE cov: 1411 ft: 4103 corp: 600/841Kb lim: 12901 exec/s: 3033 rss: 75Mb L: 123/12901 MS: 1 EraseBytes-
#54600	NEW    cov: 1411 ft: 4105 corp: 601/850Kb lim: 12901 exec/s: 3033 rss: 75Mb L: 9131/12901 MS: 1 CrossOver-
#54668	REDUCE cov: 1411 ft: 4105 corp: 601/850Kb lim: 12901 exec/s: 3037 rss: 75Mb L: 927/12901 MS: 3 InsertByte-CopyPart-EraseBytes-
#54821	REDUCE cov: 1411 ft: 4105 corp: 601/850Kb lim: 12901 exec/s: 3045 rss: 75Mb L: 895/12901 MS: 3 InsertRepeatedBytes-CopyPart-EraseBytes-
#55142	REDUCE cov: 1411 ft: 4105 corp: 601/850Kb lim: 12901 exec/s: 3063 rss: 75Mb L: 175/12901 MS: 1 EraseBytes-
#55328	NEW    cov: 1411 ft: 4106 corp: 602/850Kb lim: 12901 exec/s: 3073 rss: 75Mb L: 311/12901 MS: 1 CrossOver-
#55512	REDUCE cov: 1411 ft: 4106 corp: 602/850Kb lim: 12901 exec/s: 3084 rss: 75Mb L: 1576/12901 MS: 4 PersAutoDict-ChangeBit-ChangeBit-EraseBytes- DE: "\377\377\377\377\377\377\0009"-
#55562	REDUCE cov: 1411 ft: 4106 corp: 602/849Kb lim: 12901 exec/s: 3086 rss: 75Mb L: 2312/12901 MS: 5 ChangeASCIIInt-ChangeASCIIInt-PersAutoDict-ChangeASCIIInt-EraseBytes- DE: "\377\377\377\377\377\377\377\006"-
#55719	REDUCE cov: 1411 ft: 4106 corp: 602/849Kb lim: 12901 exec/s: 3095 rss: 75Mb L: 355/12901 MS: 2 InsertByte-EraseBytes-
#55845	REDUCE cov: 1411 ft: 4106 corp: 602/849Kb lim: 12901 exec/s: 3102 rss: 75Mb L: 271/12901 MS: 1 EraseBytes-
#56120	REDUCE cov: 1411 ft: 4106 corp: 602/849Kb lim: 12901 exec/s: 3117 rss: 75Mb L: 1683/12901 MS: 5 CopyPart-ChangeASCIIInt-ChangeASCIIInt-ChangeByte-CrossOver-
#56652	REDUCE cov: 1411 ft: 4106 corp: 602/849Kb lim: 12901 exec/s: 3147 rss: 75Mb L: 109/12901 MS: 2 ChangeBinInt-EraseBytes-
#56659	NEW    cov: 1411 ft: 4107 corp: 603/849Kb lim: 12901 exec/s: 3147 rss: 75Mb L: 268/12901 MS: 2 CMP-EraseBytes- DE: "{\000\000\000"-
#56832	REDUCE cov: 1411 ft: 4107 corp: 603/847Kb lim: 12901 exec/s: 3157 rss: 75Mb L: 2167/12901 MS: 3 ChangeBinInt-InsertRepeatedBytes-EraseBytes-
#56874	REDUCE cov: 1411 ft: 4107 corp: 603/847Kb lim: 12901 exec/s: 3159 rss: 75Mb L: 71/12901 MS: 2 InsertByte-EraseBytes-
#56916	REDUCE cov: 1411 ft: 4107 corp: 603/847Kb lim: 12901 exec/s: 3162 rss: 75Mb L: 875/12901 MS: 2 CopyPart-EraseBytes-
#56917	REDUCE cov: 1411 ft: 4107 corp: 603/847Kb lim: 12901 exec/s: 3162 rss: 75Mb L: 114/12901 MS: 1 EraseBytes-
#56921	REDUCE cov: 1411 ft: 4107 corp: 603/847Kb lim: 12901 exec/s: 3162 rss: 75Mb L: 3338/12901 MS: 4 ShuffleBytes-ChangeBinInt-PersAutoDict-EraseBytes- DE: "\377\377\377C"-
#56969	REDUCE cov: 1411 ft: 4107 corp: 603/847Kb lim: 12901 exec/s: 3164 rss: 75Mb L: 2385/12901 MS: 3 InsertRepeatedBytes-InsertByte-EraseBytes-
#57072	REDUCE cov: 1411 ft: 4107 corp: 603/847Kb lim: 12901 exec/s: 3170 rss: 75Mb L: 42/12901 MS: 3 ChangeByte-InsertByte-EraseBytes-
#57113	NEW    cov: 1411 ft: 4109 corp: 604/847Kb lim: 12901 exec/s: 3172 rss: 75Mb L: 311/12901 MS: 1 CMP- DE: "bKGD"-
#57524	REDUCE cov: 1411 ft: 4109 corp: 604/847Kb lim: 12901 exec/s: 3195 rss: 75Mb L: 168/12901 MS: 1 EraseBytes-
#57542	REDUCE cov: 1411 ft: 4109 corp: 604/846Kb lim: 12901 exec/s: 3196 rss: 75Mb L: 2007/12901 MS: 3 CopyPart-CrossOver-EraseBytes-
#57549	REDUCE cov: 1411 ft: 4109 corp: 604/845Kb lim: 12901 exec/s: 3197 rss: 75Mb L: 1500/12901 MS: 2 InsertRepeatedBytes-EraseBytes-
#57597	REDUCE cov: 1411 ft: 4109 corp: 604/845Kb lim: 12901 exec/s: 3199 rss: 75Mb L: 114/12901 MS: 3 InsertByte-ChangeByte-EraseBytes-
#57947	REDUCE cov: 1411 ft: 4109 corp: 604/845Kb lim: 12901 exec/s: 3219 rss: 75Mb L: 91/12901 MS: 5 ChangeBit-CopyPart-ChangeBinInt-InsertByte-EraseBytes-
#58048	REDUCE cov: 1411 ft: 4109 corp: 604/845Kb lim: 12901 exec/s: 3224 rss: 75Mb L: 326/12901 MS: 1 EraseBytes-
#58180	REDUCE cov: 1411 ft: 4109 corp: 604/844Kb lim: 12901 exec/s: 3062 rss: 75Mb L: 9516/12901 MS: 2 ChangeBinInt-EraseBytes-
#58183	REDUCE cov: 1411 ft: 4109 corp: 604/844Kb lim: 12901 exec/s: 3062 rss: 75Mb L: 578/12901 MS: 3 CMP-ChangeByte-EraseBytes- DE: "eXIf"-
#58184	REDUCE cov: 1411 ft: 4109 corp: 604/844Kb lim: 12901 exec/s: 3062 rss: 75Mb L: 3107/12901 MS: 1 EraseBytes-
#58400	REDUCE cov: 1411 ft: 4109 corp: 604/843Kb lim: 12901 exec/s: 3073 rss: 75Mb L: 857/12901 MS: 1 EraseBytes-
#58490	REDUCE cov: 1411 ft: 4109 corp: 604/843Kb lim: 12901 exec/s: 3078 rss: 75Mb L: 905/12901 MS: 5 ChangeBinInt-ChangeBinInt-ShuffleBytes-ShuffleBytes-EraseBytes-
#58531	REDUCE cov: 1411 ft: 4109 corp: 604/843Kb lim: 12901 exec/s: 3080 rss: 75Mb L: 295/12901 MS: 1 EraseBytes-
#58712	REDUCE cov: 1411 ft: 4109 corp: 604/843Kb lim: 12901 exec/s: 3090 rss: 75Mb L: 95/12901 MS: 1 EraseBytes-
#58733	REDUCE cov: 1411 ft: 4109 corp: 604/843Kb lim: 12901 exec/s: 3091 rss: 75Mb L: 520/12901 MS: 1 EraseBytes-
#58774	REDUCE cov: 1411 ft: 4109 corp: 604/843Kb lim: 12901 exec/s: 3093 rss: 75Mb L: 161/12901 MS: 1 EraseBytes-
#58857	REDUCE cov: 1411 ft: 4109 corp: 604/842Kb lim: 12901 exec/s: 3097 rss: 75Mb L: 539/12901 MS: 3 ChangeByte-PersAutoDict-EraseBytes- DE: "\303\000\000\000\000\000\000\000"-
#58955	REDUCE cov: 1411 ft: 4110 corp: 605/843Kb lim: 12901 exec/s: 3102 rss: 75Mb L: 604/12901 MS: 3 ChangeByte-ChangeByte-ChangeByte-
#59048	REDUCE cov: 1411 ft: 4110 corp: 605/843Kb lim: 12901 exec/s: 3107 rss: 75Mb L: 307/12901 MS: 3 ChangeASCIIInt-ChangeByte-EraseBytes-
#59095	REDUCE cov: 1411 ft: 4110 corp: 605/842Kb lim: 12901 exec/s: 3110 rss: 75Mb L: 605/12901 MS: 2 ChangeByte-EraseBytes-
#59288	NEW    cov: 1411 ft: 4112 corp: 606/843Kb lim: 12901 exec/s: 3120 rss: 76Mb L: 265/12901 MS: 3 PersAutoDict-CrossOver-ChangeBit- DE: "\025\000\000\000"-
#59391	REDUCE cov: 1411 ft: 4112 corp: 606/842Kb lim: 12901 exec/s: 3125 rss: 76Mb L: 2722/12901 MS: 3 InsertByte-CrossOver-EraseBytes-
#59474	REDUCE cov: 1411 ft: 4112 corp: 606/842Kb lim: 12901 exec/s: 3130 rss: 76Mb L: 37/12901 MS: 3 ChangeBit-ChangeByte-EraseBytes-
#59485	REDUCE cov: 1411 ft: 4112 corp: 606/842Kb lim: 12901 exec/s: 3130 rss: 76Mb L: 404/12901 MS: 1 EraseBytes-
#59592	REDUCE cov: 1411 ft: 4112 corp: 606/842Kb lim: 12901 exec/s: 3136 rss: 76Mb L: 565/12901 MS: 2 ChangeByte-EraseBytes-
#59594	REDUCE cov: 1411 ft: 4112 corp: 606/841Kb lim: 12901 exec/s: 3136 rss: 76Mb L: 1534/12901 MS: 2 InsertByte-EraseBytes-
#59641	REDUCE cov: 1411 ft: 4112 corp: 606/841Kb lim: 12901 exec/s: 3139 rss: 76Mb L: 1161/12901 MS: 2 InsertRepeatedBytes-EraseBytes-
#59654	REDUCE cov: 1411 ft: 4112 corp: 606/840Kb lim: 12901 exec/s: 3139 rss: 76Mb L: 723/12901 MS: 3 PersAutoDict-CopyPart-EraseBytes- DE: "\020\000"-
#59658	REDUCE cov: 1411 ft: 4112 corp: 606/840Kb lim: 12901 exec/s: 3139 rss: 76Mb L: 508/12901 MS: 4 ChangeByte-ShuffleBytes-ChangeBit-EraseBytes-
#59699	NEW    cov: 1412 ft: 4113 corp: 607/840Kb lim: 12901 exec/s: 3142 rss: 76Mb L: 282/12901 MS: 1 CMP- DE: "aKGD"-
#59825	NEW    cov: 1412 ft: 4114 corp: 608/841Kb lim: 12901 exec/s: 3148 rss: 76Mb L: 1448/12901 MS: 1 ChangeBinInt-
#59890	REDUCE cov: 1412 ft: 4114 corp: 608/841Kb lim: 12901 exec/s: 3152 rss: 76Mb L: 26/12901 MS: 5 InsertByte-ChangeByte-ChangeBit-ChangeBit-EraseBytes-
#59931	REDUCE cov: 1412 ft: 4114 corp: 608/841Kb lim: 12901 exec/s: 3154 rss: 76Mb L: 275/12901 MS: 1 EraseBytes-
#60521	REDUCE cov: 1412 ft: 4114 corp: 608/841Kb lim: 12901 exec/s: 3185 rss: 76Mb L: 273/12901 MS: 5 ChangeASCIIInt-PersAutoDict-InsertByte-ChangeBinInt-EraseBytes- DE: "mDCV"-
#60540	REDUCE cov: 1412 ft: 4114 corp: 608/841Kb lim: 12901 exec/s: 3186 rss: 76Mb L: 208/12901 MS: 4 CopyPart-ChangeByte-InsertByte-EraseBytes-
#60673	REDUCE cov: 1412 ft: 4114 corp: 608/841Kb lim: 12901 exec/s: 3193 rss: 76Mb L: 139/12901 MS: 3 CrossOver-ShuffleBytes-EraseBytes-
#60715	NEW    cov: 1412 ft: 4115 corp: 609/842Kb lim: 12901 exec/s: 3195 rss: 76Mb L: 701/12901 MS: 2 PersAutoDict-ChangeASCIIInt- DE: "\001\000\000\000\000\000\000?"-
#60796	REDUCE cov: 1412 ft: 4115 corp: 609/840Kb lim: 12901 exec/s: 3199 rss: 76Mb L: 7443/12901 MS: 1 EraseBytes-
#61018	REDUCE cov: 1412 ft: 4115 corp: 609/840Kb lim: 12901 exec/s: 3211 rss: 76Mb L: 833/12901 MS: 2 ShuffleBytes-EraseBytes-
#61096	REDUCE cov: 1412 ft: 4115 corp: 609/840Kb lim: 12901 exec/s: 3215 rss: 76Mb L: 838/12901 MS: 3 EraseBytes-CrossOver-CMP- DE: "\000\000\000\000\000\000\000\000"-
#61327	REDUCE cov: 1412 ft: 4115 corp: 609/840Kb lim: 12901 exec/s: 3227 rss: 76Mb L: 680/12901 MS: 1 EraseBytes-
#61403	REDUCE cov: 1412 ft: 4115 corp: 609/840Kb lim: 12901 exec/s: 3231 rss: 76Mb L: 2214/12901 MS: 1 EraseBytes-
#61569	REDUCE cov: 1412 ft: 4115 corp: 609/840Kb lim: 12901 exec/s: 3240 rss: 76Mb L: 69/12901 MS: 1 EraseBytes-
#61842	REDUCE cov: 1412 ft: 4115 corp: 609/840Kb lim: 12901 exec/s: 3092 rss: 76Mb L: 2118/12901 MS: 3 ChangeASCIIInt-InsertRepeatedBytes-EraseBytes-
#61925	REDUCE cov: 1412 ft: 4115 corp: 609/840Kb lim: 12901 exec/s: 3096 rss: 76Mb L: 2622/12901 MS: 3 CopyPart-EraseBytes-InsertRepeatedBytes-
#62157	REDUCE cov: 1412 ft: 4115 corp: 609/840Kb lim: 12901 exec/s: 3107 rss: 76Mb L: 134/12901 MS: 2 InsertByte-EraseBytes-
#62182	REDUCE cov: 1412 ft: 4115 corp: 609/840Kb lim: 12901 exec/s: 3109 rss: 76Mb L: 145/12901 MS: 5 CrossOver-CopyPart-ChangeASCIIInt-ChangeBinInt-EraseBytes-
#62685	REDUCE cov: 1412 ft: 4115 corp: 609/840Kb lim: 12901 exec/s: 3134 rss: 76Mb L: 91/12901 MS: 3 CMP-ChangeBit-EraseBytes- DE: "\377\377\377\377\377\377\377\302"-
#62913	REDUCE cov: 1412 ft: 4115 corp: 609/840Kb lim: 12901 exec/s: 3145 rss: 76Mb L: 92/12901 MS: 3 InsertRepeatedBytes-EraseBytes-EraseBytes-
#63203	NEW    cov: 1412 ft: 4122 corp: 610/840Kb lim: 12901 exec/s: 3160 rss: 76Mb L: 744/12901 MS: 5 ChangeASCIIInt-ChangeBit-ChangeBit-ChangeBinInt-CMP- DE: "bKGD"-
#63280	REDUCE cov: 1412 ft: 4122 corp: 610/840Kb lim: 12901 exec/s: 3164 rss: 76Mb L: 144/12901 MS: 2 ChangeBit-EraseBytes-
#63393	REDUCE cov: 1412 ft: 4122 corp: 610/840Kb lim: 12901 exec/s: 3169 rss: 76Mb L: 543/12901 MS: 3 ChangeByte-ChangeBit-EraseBytes-
#63494	REDUCE cov: 1412 ft: 4122 corp: 610/840Kb lim: 12901 exec/s: 3174 rss: 76Mb L: 332/12901 MS: 1 EraseBytes-
#63755	REDUCE cov: 1412 ft: 4122 corp: 610/840Kb lim: 12901 exec/s: 3187 rss: 76Mb L: 117/12901 MS: 1 EraseBytes-
#63944	REDUCE cov: 1412 ft: 4122 corp: 610/840Kb lim: 12901 exec/s: 3197 rss: 76Mb L: 1222/12901 MS: 4 ChangeBit-InsertRepeatedBytes-ChangeASCIIInt-EraseBytes-
#64190	REDUCE cov: 1412 ft: 4122 corp: 610/840Kb lim: 12901 exec/s: 3209 rss: 76Mb L: 122/12901 MS: 1 EraseBytes-
#64202	REDUCE cov: 1412 ft: 4122 corp: 610/840Kb lim: 12901 exec/s: 3210 rss: 76Mb L: 515/12901 MS: 2 ShuffleBytes-EraseBytes-
#64390	REDUCE cov: 1412 ft: 4122 corp: 610/840Kb lim: 12901 exec/s: 3219 rss: 76Mb L: 1536/12901 MS: 3 ChangeBinInt-CrossOver-EraseBytes-
#64551	NEW    cov: 1413 ft: 4123 corp: 611/848Kb lim: 12901 exec/s: 3227 rss: 76Mb L: 8990/12901 MS: 1 CrossOver-
#64581	REDUCE cov: 1413 ft: 4123 corp: 611/848Kb lim: 12901 exec/s: 3229 rss: 76Mb L: 1237/12901 MS: 5 InsertRepeatedBytes-CMP-ChangeByte-ShuffleBytes-EraseBytes- DE: "\026\000\000\000\000\000\000\000"-
#64677	REDUCE cov: 1413 ft: 4123 corp: 611/848Kb lim: 12901 exec/s: 3233 rss: 76Mb L: 67/12901 MS: 1 EraseBytes-
#64763	REDUCE cov: 1413 ft: 4123 corp: 611/848Kb lim: 12901 exec/s: 3083 rss: 76Mb L: 1059/12901 MS: 1 EraseBytes-
#64998	REDUCE cov: 1413 ft: 4123 corp: 611/847Kb lim: 12901 exec/s: 3095 rss: 76Mb L: 886/12901 MS: 5 ChangeByte-CMP-CrossOver-ChangeBit-EraseBytes- DE: "\001\000\000\000"-
#65301	REDUCE cov: 1413 ft: 4123 corp: 611/845Kb lim: 12901 exec/s: 3109 rss: 76Mb L: 7138/12901 MS: 3 PersAutoDict-ChangeASCIIInt-EraseBytes- DE: "\005\000"-
#65342	REDUCE cov: 1413 ft: 4123 corp: 611/845Kb lim: 12901 exec/s: 3111 rss: 76Mb L: 610/12901 MS: 1 EraseBytes-
#65348	REDUCE cov: 1413 ft: 4123 corp: 611/845Kb lim: 12901 exec/s: 3111 rss: 76Mb L: 700/12901 MS: 1 EraseBytes-
#65350	REDUCE cov: 1413 ft: 4123 corp: 611/845Kb lim: 12901 exec/s: 3111 rss: 76Mb L: 1253/12901 MS: 2 ChangeBinInt-EraseBytes-
#65457	REDUCE cov: 1413 ft: 4123 corp: 611/845Kb lim: 12901 exec/s: 3117 rss: 76Mb L: 4858/12901 MS: 2 InsertRepeatedBytes-EraseBytes-
#65536	pulse  cov: 1413 ft: 4123 corp: 611/845Kb lim: 12901 exec/s: 3120 rss: 76Mb
#65881	REDUCE cov: 1413 ft: 4123 corp: 611/845Kb lim: 12901 exec/s: 3137 rss: 76Mb L: 679/12901 MS: 4 InsertByte-CrossOver-InsertRepeatedBytes-EraseBytes-
#65898	REDUCE cov: 1413 ft: 4123 corp: 611/845Kb lim: 12901 exec/s: 3138 rss: 76Mb L: 806/12901 MS: 2 ShuffleBytes-EraseBytes-
#65989	REDUCE cov: 1413 ft: 4123 corp: 611/845Kb lim: 12901 exec/s: 3142 rss: 76Mb L: 81/12901 MS: 1 EraseBytes-
#66015	REDUCE cov: 1413 ft: 4123 corp: 611/845Kb lim: 12901 exec/s: 3143 rss: 76Mb L: 110/12901 MS: 1 EraseBytes-
#66042	REDUCE cov: 1413 ft: 4123 corp: 611/844Kb lim: 12901 exec/s: 3144 rss: 76Mb L: 43/12901 MS: 2 ChangeBit-EraseBytes-
#66051	REDUCE cov: 1413 ft: 4123 corp: 611/843Kb lim: 12901 exec/s: 3145 rss: 76Mb L: 1646/12901 MS: 4 InsertByte-ChangeBit-ChangeBinInt-EraseBytes-
#66312	REDUCE cov: 1413 ft: 4123 corp: 611/843Kb lim: 12901 exec/s: 3157 rss: 76Mb L: 113/12901 MS: 1 EraseBytes-
#66354	REDUCE cov: 1413 ft: 4123 corp: 611/843Kb lim: 12901 exec/s: 3159 rss: 76Mb L: 464/12901 MS: 2 ChangeBinInt-EraseBytes-
#66358	REDUCE cov: 1413 ft: 4123 corp: 611/843Kb lim: 12901 exec/s: 3159 rss: 76Mb L: 335/12901 MS: 4 CMP-InsertByte-CopyPart-EraseBytes- DE: "\366\000\000\000\000\000\000\000"-
#66494	NEW    cov: 1413 ft: 4125 corp: 612/844Kb lim: 12901 exec/s: 3166 rss: 76Mb L: 744/12901 MS: 1 ChangeByte-
#66542	REDUCE cov: 1413 ft: 4125 corp: 612/844Kb lim: 12901 exec/s: 3168 rss: 76Mb L: 69/12901 MS: 3 ChangeBit-PersAutoDict-EraseBytes- DE: "\025\000\000\000"-
#66639	REDUCE cov: 1413 ft: 4125 corp: 612/844Kb lim: 12901 exec/s: 3173 rss: 76Mb L: 242/12901 MS: 2 ChangeByte-EraseBytes-
#66715	REDUCE cov: 1413 ft: 4125 corp: 612/844Kb lim: 12901 exec/s: 3176 rss: 76Mb L: 329/12901 MS: 1 EraseBytes-
#67037	REDUCE cov: 1413 ft: 4125 corp: 612/844Kb lim: 12901 exec/s: 3192 rss: 76Mb L: 243/12901 MS: 2 ShuffleBytes-EraseBytes-
#67088	REDUCE cov: 1413 ft: 4125 corp: 612/844Kb lim: 12901 exec/s: 3194 rss: 76Mb L: 319/12901 MS: 1 EraseBytes-
#67257	REDUCE cov: 1413 ft: 4125 corp: 612/844Kb lim: 12901 exec/s: 3202 rss: 76Mb L: 602/12901 MS: 4 InsertRepeatedBytes-ChangeByte-InsertByte-EraseBytes-
#67359	NEW    cov: 1413 ft: 4127 corp: 613/844Kb lim: 12901 exec/s: 3207 rss: 76Mb L: 249/12901 MS: 2 ShuffleBytes-InsertRepeatedBytes-
#67365	REDUCE cov: 1413 ft: 4127 corp: 613/844Kb lim: 12901 exec/s: 3207 rss: 76Mb L: 882/12901 MS: 1 CrossOver-
#67481	REDUCE cov: 1413 ft: 4127 corp: 613/844Kb lim: 12901 exec/s: 3213 rss: 76Mb L: 140/12901 MS: 1 EraseBytes-
#67628	REDUCE cov: 1413 ft: 4127 corp: 613/844Kb lim: 12901 exec/s: 3220 rss: 76Mb L: 350/12901 MS: 2 ChangeASCIIInt-EraseBytes-
#67630	REDUCE cov: 1413 ft: 4127 corp: 613/844Kb lim: 12901 exec/s: 3220 rss: 76Mb L: 202/12901 MS: 2 CrossOver-EraseBytes-
#68116	REDUCE cov: 1413 ft: 4127 corp: 613/844Kb lim: 12901 exec/s: 3096 rss: 76Mb L: 185/12901 MS: 1 EraseBytes-
#68117	REDUCE cov: 1413 ft: 4127 corp: 613/844Kb lim: 12901 exec/s: 3096 rss: 76Mb L: 287/12901 MS: 1 EraseBytes-
#68228	REDUCE cov: 1413 ft: 4127 corp: 613/844Kb lim: 12901 exec/s: 3101 rss: 76Mb L: 222/12901 MS: 1 EraseBytes-
#68304	REDUCE cov: 1413 ft: 4127 corp: 613/844Kb lim: 12901 exec/s: 3104 rss: 76Mb L: 62/12901 MS: 1 EraseBytes-
#68377	REDUCE cov: 1413 ft: 4127 corp: 613/844Kb lim: 12901 exec/s: 3108 rss: 76Mb L: 334/12901 MS: 3 InsertByte-CMP-EraseBytes- DE: "\304\000\000\000\000\000\000\000"-
#68482	REDUCE cov: 1413 ft: 4127 corp: 613/843Kb lim: 12901 exec/s: 3112 rss: 76Mb L: 338/12901 MS: 5 CMP-InsertByte-CrossOver-InsertByte-EraseBytes- DE: "\000\000\000\000\000\000\010r"-
#68528	REDUCE cov: 1413 ft: 4127 corp: 613/843Kb lim: 12901 exec/s: 3114 rss: 76Mb L: 334/12901 MS: 1 EraseBytes-
#68560	NEW    cov: 1413 ft: 4128 corp: 614/844Kb lim: 12901 exec/s: 3116 rss: 76Mb L: 778/12901 MS: 2 PersAutoDict-ChangeByte- DE: "\016\000\000\000"-
#68566	REDUCE cov: 1413 ft: 4128 corp: 614/844Kb lim: 12901 exec/s: 3116 rss: 76Mb L: 61/12901 MS: 1 EraseBytes-
#68730	REDUCE cov: 1413 ft: 4128 corp: 614/844Kb lim: 12901 exec/s: 3124 rss: 76Mb L: 302/12901 MS: 4 InsertByte-PersAutoDict-PersAutoDict-CrossOver- DE: "\012\000\000\000\000\000\000\000"-"\001z"-
#68823	REDUCE cov: 1413 ft: 4128 corp: 614/843Kb lim: 12901 exec/s: 3128 rss: 76Mb L: 1746/12901 MS: 3 ShuffleBytes-CrossOver-EraseBytes-
#68894	REDUCE cov: 1413 ft: 4128 corp: 614/843Kb lim: 12901 exec/s: 3131 rss: 76Mb L: 888/12901 MS: 1 EraseBytes-
#69345	REDUCE cov: 1413 ft: 4128 corp: 614/843Kb lim: 12901 exec/s: 3152 rss: 76Mb L: 86/12901 MS: 1 EraseBytes-
#69596	REDUCE cov: 1413 ft: 4128 corp: 614/843Kb lim: 12901 exec/s: 3163 rss: 76Mb L: 480/12901 MS: 1 EraseBytes-
#69602	REDUCE cov: 1413 ft: 4128 corp: 614/843Kb lim: 12901 exec/s: 3163 rss: 76Mb L: 147/12901 MS: 1 EraseBytes-
#69686	REDUCE cov: 1413 ft: 4128 corp: 614/843Kb lim: 12901 exec/s: 3167 rss: 76Mb L: 139/12901 MS: 4 ChangeBinInt-ChangeBit-ShuffleBytes-EraseBytes-
#69718	REDUCE cov: 1413 ft: 4128 corp: 614/842Kb lim: 12901 exec/s: 3169 rss: 76Mb L: 637/12901 MS: 2 ChangeBit-EraseBytes-
#69804	REDUCE cov: 1413 ft: 4128 corp: 614/842Kb lim: 12901 exec/s: 3172 rss: 76Mb L: 280/12901 MS: 1 EraseBytes-
#69854	REDUCE cov: 1413 ft: 4128 corp: 614/842Kb lim: 12901 exec/s: 3175 rss: 76Mb L: 1694/12901 MS: 5 CMP-ShuffleBytes-ChangeASCIIInt-CrossOver-EraseBytes- DE: "\302\000\000\000\000\000\000\000"-
#69977	REDUCE cov: 1413 ft: 4128 corp: 614/841Kb lim: 12901 exec/s: 3180 rss: 76Mb L: 1538/12901 MS: 3 CopyPart-CMP-EraseBytes- DE: "\000\000\000&"-
#70053	REDUCE cov: 1413 ft: 4128 corp: 614/841Kb lim: 12901 exec/s: 3184 rss: 76Mb L: 125/12901 MS: 1 EraseBytes-
#70104	REDUCE cov: 1413 ft: 4128 corp: 614/841Kb lim: 12901 exec/s: 3186 rss: 76Mb L: 214/12901 MS: 1 EraseBytes-
#70270	NEW    cov: 1413 ft: 4129 corp: 615/843Kb lim: 12901 exec/s: 3194 rss: 76Mb L: 1448/12901 MS: 1 PersAutoDict- DE: "\023\000\000\000"-
#70377	REDUCE cov: 1413 ft: 4129 corp: 615/842Kb lim: 12901 exec/s: 3198 rss: 76Mb L: 1701/12901 MS: 2 PersAutoDict-EraseBytes- DE: "\000\000\000\000"-
#70383	REDUCE cov: 1413 ft: 4129 corp: 615/842Kb lim: 12901 exec/s: 3199 rss: 76Mb L: 255/12901 MS: 1 EraseBytes-
#70414	REDUCE cov: 1413 ft: 4129 corp: 615/842Kb lim: 12901 exec/s: 3200 rss: 76Mb L: 49/12901 MS: 1 EraseBytes-
#70502	REDUCE cov: 1413 ft: 4129 corp: 615/841Kb lim: 12901 exec/s: 3204 rss: 76Mb L: 1870/12901 MS: 3 CopyPart-InsertRepeatedBytes-EraseBytes-
#70518	REDUCE cov: 1413 ft: 4129 corp: 615/841Kb lim: 12901 exec/s: 3205 rss: 76Mb L: 1627/12901 MS: 1 EraseBytes-
#70536	REDUCE cov: 1413 ft: 4129 corp: 615/841Kb lim: 12901 exec/s: 3206 rss: 76Mb L: 1519/12901 MS: 3 InsertRepeatedBytes-ChangeBit-EraseBytes-
#70682	REDUCE cov: 1413 ft: 4129 corp: 615/841Kb lim: 12901 exec/s: 3212 rss: 76Mb L: 896/12901 MS: 1 EraseBytes-
#70727	REDUCE cov: 1413 ft: 4129 corp: 615/841Kb lim: 12901 exec/s: 3214 rss: 76Mb L: 8554/12901 MS: 5 CMP-ChangeByte-ChangeBinInt-EraseBytes-InsertRepeatedBytes- DE: "P\002\000\000\000\000\000\000"-
#70854	REDUCE cov: 1413 ft: 4129 corp: 615/838Kb lim: 12901 exec/s: 3220 rss: 76Mb L: 9365/12901 MS: 2 ChangeByte-EraseBytes-
#70910	REDUCE cov: 1413 ft: 4129 corp: 615/838Kb lim: 12901 exec/s: 3223 rss: 76Mb L: 158/12901 MS: 1 EraseBytes-
#70940	REDUCE cov: 1413 ft: 4129 corp: 615/836Kb lim: 12901 exec/s: 3224 rss: 76Mb L: 5661/12901 MS: 5 CMP-InsertRepeatedBytes-ChangeByte-CopyPart-EraseBytes- DE: "\377\377\377\377\377\377\377\007"-
#71104	REDUCE cov: 1413 ft: 4129 corp: 615/836Kb lim: 12901 exec/s: 3232 rss: 76Mb L: 136/12901 MS: 4 ChangeASCIIInt-ChangeByte-InsertByte-EraseBytes-
#71456	REDUCE cov: 1413 ft: 4129 corp: 615/836Kb lim: 12901 exec/s: 3106 rss: 76Mb L: 2639/12901 MS: 2 ChangeBit-EraseBytes-
#71686	REDUCE cov: 1413 ft: 4131 corp: 616/837Kb lim: 12901 exec/s: 3116 rss: 76Mb L: 302/12901 MS: 5 ChangeBit-ChangeBit-ShuffleBytes-CopyPart-ChangeBinInt-
#71842	REDUCE cov: 1413 ft: 4131 corp: 616/836Kb lim: 12901 exec/s: 3123 rss: 76Mb L: 1107/12901 MS: 1 EraseBytes-
#71943	REDUCE cov: 1413 ft: 4131 corp: 616/836Kb lim: 12901 exec/s: 3127 rss: 76Mb L: 636/12901 MS: 1 CrossOver-
#71999	REDUCE cov: 1413 ft: 4131 corp: 616/836Kb lim: 12901 exec/s: 3130 rss: 76Mb L: 423/12901 MS: 1 EraseBytes-
#72060	REDUCE cov: 1413 ft: 4131 corp: 616/836Kb lim: 12901 exec/s: 3133 rss: 76Mb L: 46/12901 MS: 1 EraseBytes-
#72236	REDUCE cov: 1413 ft: 4131 corp: 616/835Kb lim: 12901 exec/s: 3140 rss: 76Mb L: 196/12901 MS: 1 EraseBytes-
#72482	NEW    cov: 1413 ft: 4132 corp: 617/836Kb lim: 12901 exec/s: 3151 rss: 76Mb L: 180/12901 MS: 1 PersAutoDict- DE: "LTca"-
#72503	REDUCE cov: 1413 ft: 4132 corp: 617/836Kb lim: 12901 exec/s: 3152 rss: 76Mb L: 146/12901 MS: 1 EraseBytes-
#72655	REDUCE cov: 1413 ft: 4132 corp: 617/833Kb lim: 12901 exec/s: 3158 rss: 76Mb L: 9970/12901 MS: 2 ChangeBinInt-EraseBytes-
#72818	REDUCE cov: 1413 ft: 4132 corp: 617/833Kb lim: 12901 exec/s: 3166 rss: 76Mb L: 1788/12901 MS: 3 ChangeASCIIInt-CopyPart-EraseBytes-
#72824	REDUCE cov: 1413 ft: 4132 corp: 617/833Kb lim: 12901 exec/s: 3166 rss: 76Mb L: 540/12901 MS: 1 EraseBytes-
#73095	REDUCE cov: 1413 ft: 4132 corp: 617/833Kb lim: 12901 exec/s: 3178 rss: 76Mb L: 1302/12901 MS: 1 EraseBytes-
#73164	REDUCE cov: 1413 ft: 4132 corp: 617/833Kb lim: 12901 exec/s: 3181 rss: 76Mb L: 102/12901 MS: 4 ChangeBinInt-CrossOver-ChangeASCIIInt-EraseBytes-
#73197	REDUCE cov: 1413 ft: 4132 corp: 617/833Kb lim: 12901 exec/s: 3182 rss: 76Mb L: 245/12901 MS: 3 PersAutoDict-CrossOver-EraseBytes- DE: "\000\000\000\000"-
#73293	REDUCE cov: 1414 ft: 4133 corp: 618/834Kb lim: 12901 exec/s: 3186 rss: 76Mb L: 1222/12901 MS: 1 CMP- DE: "\217\000\000\000"-
#73416	REDUCE cov: 1414 ft: 4133 corp: 618/834Kb lim: 12901 exec/s: 3192 rss: 76Mb L: 57/12901 MS: 3 ChangeByte-ChangeByte-EraseBytes-
#73449	REDUCE cov: 1414 ft: 4133 corp: 618/832Kb lim: 12901 exec/s: 3193 rss: 76Mb L: 6550/12901 MS: 3 ChangeBit-CrossOver-EraseBytes-
#73479	REDUCE cov: 1414 ft: 4133 corp: 618/832Kb lim: 12901 exec/s: 3194 rss: 76Mb L: 8625/12901 MS: 5 PersAutoDict-CopyPart-ChangeBinInt-CrossOver-CrossOver- DE: "\000\000"-
#73595	REDUCE cov: 1414 ft: 4133 corp: 618/832Kb lim: 12901 exec/s: 3199 rss: 76Mb L: 101/12901 MS: 1 EraseBytes-
#73669	REDUCE cov: 1414 ft: 4133 corp: 618/832Kb lim: 12901 exec/s: 3203 rss: 76Mb L: 825/12901 MS: 4 ChangeASCIIInt-ChangeByte-CrossOver-EraseBytes-
#73730	NEW    cov: 1415 ft: 4134 corp: 619/834Kb lim: 12901 exec/s: 3205 rss: 76Mb L: 2160/12901 MS: 1 CrossOver-
#73792	REDUCE cov: 1415 ft: 4134 corp: 619/834Kb lim: 12901 exec/s: 3208 rss: 76Mb L: 8597/12901 MS: 2 ChangeByte-EraseBytes-
#73923	REDUCE cov: 1415 ft: 4134 corp: 619/834Kb lim: 12901 exec/s: 3214 rss: 76Mb L: 151/12901 MS: 1 EraseBytes-
#73944	REDUCE cov: 1415 ft: 4134 corp: 619/834Kb lim: 12901 exec/s: 3214 rss: 76Mb L: 104/12901 MS: 1 EraseBytes-
#74025	REDUCE cov: 1415 ft: 4134 corp: 619/833Kb lim: 12901 exec/s: 3218 rss: 76Mb L: 571/12901 MS: 1 EraseBytes-
#74170	REDUCE cov: 1415 ft: 4134 corp: 619/833Kb lim: 12901 exec/s: 3224 rss: 76Mb L: 4160/12901 MS: 5 CMP-InsertByte-ChangeByte-ChangeBinInt-EraseBytes- DE: "\016\000\000\000\000\000\000\000"-
#74285	REDUCE cov: 1415 ft: 4134 corp: 619/833Kb lim: 12901 exec/s: 3229 rss: 76Mb L: 161/12901 MS: 5 ChangeBinInt-CMP-CMP-CopyPart-EraseBytes- DE: "\013\000\000\000"-"\303\000\000\000\000\000\000\000"-
#74486	REDUCE cov: 1415 ft: 4134 corp: 619/833Kb lim: 12901 exec/s: 3238 rss: 76Mb L: 29/12901 MS: 1 EraseBytes-
#74662	REDUCE cov: 1415 ft: 4134 corp: 619/832Kb lim: 12901 exec/s: 3246 rss: 76Mb L: 4294/12901 MS: 1 EraseBytes-
#74729	REDUCE cov: 1415 ft: 4134 corp: 619/832Kb lim: 12901 exec/s: 3249 rss: 76Mb L: 1516/12901 MS: 2 PersAutoDict-EraseBytes- DE: "\020\000"-
#75127	REDUCE cov: 1415 ft: 4134 corp: 619/832Kb lim: 12901 exec/s: 3266 rss: 76Mb L: 8736/12901 MS: 3 ChangeBit-CMP-EraseBytes- DE: "\000\000\000\000\000\000\000\303"-
#75228	REDUCE cov: 1415 ft: 4134 corp: 619/832Kb lim: 12901 exec/s: 3270 rss: 76Mb L: 117/12901 MS: 1 EraseBytes-
#75429	REDUCE cov: 1415 ft: 4134 corp: 619/832Kb lim: 12901 exec/s: 3279 rss: 76Mb L: 475/12901 MS: 1 EraseBytes-
#75555	REDUCE cov: 1415 ft: 4134 corp: 619/828Kb lim: 12901 exec/s: 3285 rss: 76Mb L: 3891/12901 MS: 1 EraseBytes-
#75677	NEW    cov: 1415 ft: 4135 corp: 620/830Kb lim: 12901 exec/s: 3290 rss: 76Mb L: 1627/12901 MS: 2 InsertRepeatedBytes-InsertRepeatedBytes-
#75728	REDUCE cov: 1415 ft: 4135 corp: 620/830Kb lim: 12901 exec/s: 3292 rss: 76Mb L: 278/12901 MS: 1 EraseBytes-
#75849	REDUCE cov: 1415 ft: 4135 corp: 620/830Kb lim: 12901 exec/s: 3297 rss: 76Mb L: 111/12901 MS: 1 EraseBytes-
#75982	REDUCE cov: 1415 ft: 4135 corp: 620/830Kb lim: 12901 exec/s: 3303 rss: 76Mb L: 128/12901 MS: 3 ChangeBinInt-CMP-EraseBytes- DE: "\000\000\000\000\000\000\000\010"-
#76030	REDUCE cov: 1415 ft: 4135 corp: 620/830Kb lim: 12901 exec/s: 3305 rss: 76Mb L: 658/12901 MS: 3 ChangeByte-InsertByte-EraseBytes-
#76081	NEW    cov: 1415 ft: 4136 corp: 621/830Kb lim: 12901 exec/s: 3170 rss: 76Mb L: 282/12901 MS: 1 CopyPart-
#76183	REDUCE cov: 1415 ft: 4136 corp: 621/830Kb lim: 12901 exec/s: 3174 rss: 76Mb L: 648/12901 MS: 2 ChangeASCIIInt-EraseBytes-
#76243	REDUCE cov: 1415 ft: 4136 corp: 621/830Kb lim: 12901 exec/s: 3176 rss: 76Mb L: 152/12901 MS: 5 ChangeBinInt-CopyPart-ChangeByte-ShuffleBytes-EraseBytes-
#76364	REDUCE cov: 1415 ft: 4136 corp: 621/830Kb lim: 12901 exec/s: 3181 rss: 76Mb L: 249/12901 MS: 1 EraseBytes-
#76520	REDUCE cov: 1415 ft: 4136 corp: 621/829Kb lim: 12901 exec/s: 3188 rss: 76Mb L: 153/12901 MS: 1 EraseBytes-
#76586	REDUCE cov: 1415 ft: 4136 corp: 621/829Kb lim: 12901 exec/s: 3191 rss: 76Mb L: 245/12901 MS: 1 EraseBytes-
#77193	NEW    cov: 1415 ft: 4137 corp: 622/830Kb lim: 12901 exec/s: 3216 rss: 76Mb L: 359/12901 MS: 2 ChangeBinInt-ChangeBit-
#77237	REDUCE cov: 1415 ft: 4137 corp: 622/830Kb lim: 12901 exec/s: 3218 rss: 76Mb L: 529/12901 MS: 4 ChangeByte-ChangeByte-ChangeBinInt-EraseBytes-
#77244	REDUCE cov: 1415 ft: 4137 corp: 622/829Kb lim: 12901 exec/s: 3218 rss: 76Mb L: 2891/12901 MS: 2 ChangeByte-EraseBytes-
#77601	REDUCE cov: 1415 ft: 4137 corp: 622/828Kb lim: 12901 exec/s: 3233 rss: 76Mb L: 333/12901 MS: 2 InsertByte-EraseBytes-
#77662	REDUCE cov: 1415 ft: 4137 corp: 622/828Kb lim: 12901 exec/s: 3235 rss: 76Mb L: 217/12901 MS: 1 EraseBytes-
#77835	NEW    cov: 1415 ft: 4142 corp: 623/829Kb lim: 12901 exec/s: 3243 rss: 76Mb L: 634/12901 MS: 3 ChangeBinInt-PersAutoDict-CopyPart- DE: "\026\000\000\000\000\000\000\000"-
#77902	REDUCE cov: 1415 ft: 4142 corp: 623/828Kb lim: 12901 exec/s: 3245 rss: 76Mb L: 3666/12901 MS: 2 ChangeASCIIInt-EraseBytes-
#78058	REDUCE cov: 1415 ft: 4142 corp: 623/828Kb lim: 12901 exec/s: 3252 rss: 76Mb L: 519/12901 MS: 1 EraseBytes-
#78222	REDUCE cov: 1415 ft: 4142 corp: 623/828Kb lim: 12901 exec/s: 3259 rss: 76Mb L: 129/12901 MS: 4 ChangeByte-InsertByte-ChangeByte-EraseBytes-
#78389	REDUCE cov: 1415 ft: 4142 corp: 623/828Kb lim: 12901 exec/s: 3266 rss: 76Mb L: 294/12901 MS: 2 CMP-EraseBytes- DE: "\000\000\000\000\000\000\000\000"-
#78615	REDUCE cov: 1415 ft: 4142 corp: 623/828Kb lim: 12901 exec/s: 3275 rss: 76Mb L: 42/12901 MS: 1 EraseBytes-
#78751	REDUCE cov: 1415 ft: 4142 corp: 623/828Kb lim: 12901 exec/s: 3281 rss: 76Mb L: 2859/12901 MS: 1 EraseBytes-
#78938	REDUCE cov: 1415 ft: 4142 corp: 623/828Kb lim: 12901 exec/s: 3289 rss: 76Mb L: 84/12901 MS: 2 CMP-EraseBytes- DE: "mDCV"-
#78959	REDUCE cov: 1415 ft: 4142 corp: 623/828Kb lim: 12901 exec/s: 3289 rss: 76Mb L: 1004/12901 MS: 1 EraseBytes-
#79058	REDUCE cov: 1415 ft: 4142 corp: 623/828Kb lim: 12901 exec/s: 3294 rss: 76Mb L: 262/12901 MS: 4 CMP-PersAutoDict-CopyPart-EraseBytes- DE: "\377\377\377\377\377\377\377\017"-"\000\000\000\000\000\000\000\010"-
#79250	REDUCE cov: 1415 ft: 4142 corp: 623/828Kb lim: 12901 exec/s: 3302 rss: 76Mb L: 380/12901 MS: 2 ShuffleBytes-EraseBytes-
#79303	REDUCE cov: 1415 ft: 4142 corp: 623/827Kb lim: 12901 exec/s: 3304 rss: 76Mb L: 403/12901 MS: 3 ChangeASCIIInt-ChangeBit-EraseBytes-
#79379	REDUCE cov: 1415 ft: 4142 corp: 623/827Kb lim: 12901 exec/s: 3175 rss: 76Mb L: 104/12901 MS: 1 EraseBytes-
#79541	REDUCE cov: 1415 ft: 4142 corp: 623/827Kb lim: 12901 exec/s: 3181 rss: 76Mb L: 67/12901 MS: 2 CMP-EraseBytes- DE: "\304\000\000\000\000\000\000\000"-
#79752	REDUCE cov: 1416 ft: 4143 corp: 624/828Kb lim: 12901 exec/s: 3190 rss: 76Mb L: 1143/12901 MS: 1 InsertRepeatedBytes-
#79888	REDUCE cov: 1416 ft: 4143 corp: 624/828Kb lim: 12901 exec/s: 3195 rss: 76Mb L: 961/12901 MS: 1 EraseBytes-
#79948	REDUCE cov: 1416 ft: 4143 corp: 624/827Kb lim: 12901 exec/s: 3197 rss: 76Mb L: 2033/12901 MS: 5 ShuffleBytes-ChangeASCIIInt-ChangeASCIIInt-ChangeByte-EraseBytes-
#80200	REDUCE cov: 1416 ft: 4143 corp: 624/827Kb lim: 12901 exec/s: 3208 rss: 76Mb L: 858/12901 MS: 2 InsertByte-EraseBytes-
#80297	REDUCE cov: 1416 ft: 4143 corp: 624/827Kb lim: 12901 exec/s: 3211 rss: 76Mb L: 162/12901 MS: 2 ChangeByte-EraseBytes-
#80383	REDUCE cov: 1416 ft: 4143 corp: 624/827Kb lim: 12901 exec/s: 3215 rss: 76Mb L: 135/12901 MS: 1 EraseBytes-
#80400	REDUCE cov: 1416 ft: 4143 corp: 624/827Kb lim: 12901 exec/s: 3216 rss: 76Mb L: 1909/12901 MS: 2 ChangeByte-EraseBytes-
#80414	REDUCE cov: 1416 ft: 4143 corp: 624/827Kb lim: 12901 exec/s: 3216 rss: 76Mb L: 2286/12901 MS: 4 ChangeASCIIInt-ChangeASCIIInt-ChangeBinInt-EraseBytes-
#80536	REDUCE cov: 1416 ft: 4143 corp: 624/827Kb lim: 12901 exec/s: 3221 rss: 76Mb L: 201/12901 MS: 2 ChangeByte-EraseBytes-
#80737	REDUCE cov: 1416 ft: 4143 corp: 624/827Kb lim: 12901 exec/s: 3229 rss: 76Mb L: 1622/12901 MS: 1 EraseBytes-
#80771	REDUCE cov: 1416 ft: 4143 corp: 624/827Kb lim: 12901 exec/s: 3230 rss: 76Mb L: 1534/12901 MS: 4 InsertRepeatedBytes-ChangeBinInt-ChangeBinInt-EraseBytes-
#80849	REDUCE cov: 1416 ft: 4143 corp: 624/827Kb lim: 12901 exec/s: 3233 rss: 76Mb L: 100/12901 MS: 3 InsertByte-InsertByte-EraseBytes-
#80935	REDUCE cov: 1416 ft: 4143 corp: 624/827Kb lim: 12901 exec/s: 3237 rss: 76Mb L: 170/12901 MS: 1 EraseBytes-
#81047	REDUCE cov: 1416 ft: 4143 corp: 624/827Kb lim: 12901 exec/s: 3241 rss: 76Mb L: 652/12901 MS: 2 ChangeByte-EraseBytes-
#81104	REDUCE cov: 1416 ft: 4143 corp: 624/826Kb lim: 12901 exec/s: 3244 rss: 76Mb L: 1626/12901 MS: 2 InsertByte-EraseBytes-
#81139	REDUCE cov: 1416 ft: 4143 corp: 624/826Kb lim: 12901 exec/s: 3245 rss: 76Mb L: 168/12901 MS: 5 ChangeBinInt-InsertByte-InsertByte-InsertRepeatedBytes-EraseBytes-
#81185	REDUCE cov: 1416 ft: 4143 corp: 624/826Kb lim: 12901 exec/s: 3247 rss: 76Mb L: 985/12901 MS: 1 EraseBytes-
#81247	NEW    cov: 1416 ft: 4144 corp: 625/829Kb lim: 12901 exec/s: 3249 rss: 76Mb L: 2628/12901 MS: 2 ChangeBinInt-ChangeASCIIInt-
#81263	REDUCE cov: 1416 ft: 4144 corp: 625/829Kb lim: 12901 exec/s: 3250 rss: 76Mb L: 4152/12901 MS: 1 EraseBytes-
#81274	REDUCE cov: 1416 ft: 4144 corp: 625/829Kb lim: 12901 exec/s: 3250 rss: 76Mb L: 291/12901 MS: 1 EraseBytes-
#81385	REDUCE cov: 1416 ft: 4144 corp: 625/829Kb lim: 12901 exec/s: 3255 rss: 76Mb L: 213/12901 MS: 1 EraseBytes-
#81481	REDUCE cov: 1416 ft: 4144 corp: 625/829Kb lim: 12901 exec/s: 3259 rss: 76Mb L: 103/12901 MS: 1 EraseBytes-
#81877	REDUCE cov: 1416 ft: 4144 corp: 625/828Kb lim: 12901 exec/s: 3275 rss: 76Mb L: 461/12901 MS: 1 EraseBytes-
#81936	REDUCE cov: 1416 ft: 4144 corp: 625/828Kb lim: 12901 exec/s: 3277 rss: 76Mb L: 8660/12901 MS: 4 ChangeBinInt-ChangeBit-ChangeByte-EraseBytes-
#82237	REDUCE cov: 1416 ft: 4144 corp: 625/828Kb lim: 12901 exec/s: 3289 rss: 76Mb L: 497/12901 MS: 1 EraseBytes-
#82348	REDUCE cov: 1416 ft: 4144 corp: 625/828Kb lim: 12901 exec/s: 3293 rss: 76Mb L: 107/12901 MS: 1 EraseBytes-
#82505	REDUCE cov: 1416 ft: 4144 corp: 625/828Kb lim: 12901 exec/s: 3300 rss: 76Mb L: 60/12901 MS: 2 ChangeByte-EraseBytes-
#82563	REDUCE cov: 1416 ft: 4144 corp: 625/828Kb lim: 12901 exec/s: 3302 rss: 76Mb L: 500/12901 MS: 3 CopyPart-ChangeByte-EraseBytes-
#82708	REDUCE cov: 1416 ft: 4144 corp: 625/828Kb lim: 12901 exec/s: 3308 rss: 76Mb L: 1461/12901 MS: 5 InsertByte-CopyPart-PersAutoDict-ChangeASCIIInt-EraseBytes- DE: "\377\377\377\377"-
#83060	REDUCE cov: 1416 ft: 4144 corp: 625/828Kb lim: 12901 exec/s: 3194 rss: 76Mb L: 268/12901 MS: 2 PersAutoDict-EraseBytes- DE: "\377\377\377\377\377\377\377\027"-
#83176	REDUCE cov: 1416 ft: 4144 corp: 625/828Kb lim: 12901 exec/s: 3199 rss: 76Mb L: 141/12901 MS: 1 EraseBytes-
#83287	REDUCE cov: 1416 ft: 4144 corp: 625/828Kb lim: 12901 exec/s: 3203 rss: 76Mb L: 69/12901 MS: 1 EraseBytes-
#83850	REDUCE cov: 1416 ft: 4144 corp: 625/827Kb lim: 12901 exec/s: 3225 rss: 76Mb L: 1995/12901 MS: 3 InsertRepeatedBytes-PersAutoDict-EraseBytes- DE: "sPLT"-
#84033	REDUCE cov: 1416 ft: 4144 corp: 625/827Kb lim: 12901 exec/s: 3232 rss: 76Mb L: 1108/12901 MS: 3 PersAutoDict-ChangeBinInt-EraseBytes- DE: "\001\377"-
#84185	NEW    cov: 1416 ft: 4145 corp: 626/827Kb lim: 12901 exec/s: 3237 rss: 76Mb L: 216/12901 MS: 2 CopyPart-CrossOver-
#84337	REDUCE cov: 1416 ft: 4145 corp: 626/827Kb lim: 12901 exec/s: 3243 rss: 76Mb L: 258/12901 MS: 2 ChangeASCIIInt-EraseBytes-
#84357	REDUCE cov: 1416 ft: 4145 corp: 626/827Kb lim: 12901 exec/s: 3244 rss: 76Mb L: 1016/12901 MS: 5 PersAutoDict-ChangeASCIIInt-CrossOver-InsertByte-EraseBytes- DE: "\026\000\000\000\000\000\000\000"-
#84388	REDUCE cov: 1416 ft: 4145 corp: 626/827Kb lim: 12901 exec/s: 3245 rss: 76Mb L: 111/12901 MS: 1 EraseBytes-
#84416	REDUCE cov: 1416 ft: 4145 corp: 626/827Kb lim: 12901 exec/s: 3246 rss: 76Mb L: 1561/12901 MS: 3 CMP-PersAutoDict-EraseBytes- DE: "\000\000\000\000\000\000\000\034"-"\010\000\000\000\000\000\000\000"-
#84422	REDUCE cov: 1416 ft: 4145 corp: 626/826Kb lim: 12901 exec/s: 3247 rss: 76Mb L: 1432/12901 MS: 1 EraseBytes-
#84468	REDUCE cov: 1416 ft: 4145 corp: 626/826Kb lim: 12901 exec/s: 3248 rss: 76Mb L: 269/12901 MS: 1 EraseBytes-
#84843	REDUCE cov: 1416 ft: 4145 corp: 626/826Kb lim: 12901 exec/s: 3263 rss: 76Mb L: 372/12901 MS: 5 ShuffleBytes-InsertRepeatedBytes-ChangeBit-ChangeASCIIInt-EraseBytes-
#84970	REDUCE cov: 1416 ft: 4145 corp: 626/826Kb lim: 12901 exec/s: 3268 rss: 76Mb L: 551/12901 MS: 2 ChangeByte-EraseBytes-
#85144	REDUCE cov: 1416 ft: 4145 corp: 626/826Kb lim: 12901 exec/s: 3274 rss: 76Mb L: 2237/12901 MS: 4 InsertRepeatedBytes-ChangeByte-ChangeBit-EraseBytes-
#85405	REDUCE cov: 1418 ft: 4147 corp: 627/834Kb lim: 12901 exec/s: 3284 rss: 76Mb L: 8558/12901 MS: 1 CopyPart-
#85465	REDUCE cov: 1418 ft: 4147 corp: 627/834Kb lim: 12901 exec/s: 3287 rss: 76Mb L: 398/12901 MS: 5 InsertByte-InsertRepeatedBytes-CMP-CopyPart-EraseBytes- DE: "\001\000\000\000\000\000\002\020"-
#85497	REDUCE cov: 1418 ft: 4147 corp: 627/834Kb lim: 12901 exec/s: 3288 rss: 76Mb L: 114/12901 MS: 2 PersAutoDict-EraseBytes- DE: "\032\000\000\000\000\000\000\000"-
#85519	REDUCE cov: 1418 ft: 4147 corp: 627/834Kb lim: 12901 exec/s: 3289 rss: 76Mb L: 906/12901 MS: 2 InsertRepeatedBytes-EraseBytes-
#85752	REDUCE cov: 1418 ft: 4147 corp: 627/834Kb lim: 12901 exec/s: 3298 rss: 76Mb L: 34/12901 MS: 3 InsertByte-InsertByte-EraseBytes-
#85789	REDUCE cov: 1418 ft: 4147 corp: 627/834Kb lim: 12901 exec/s: 3299 rss: 76Mb L: 257/12901 MS: 2 ChangeBinInt-EraseBytes-
#85851	REDUCE cov: 1418 ft: 4147 corp: 627/834Kb lim: 12901 exec/s: 3301 rss: 76Mb L: 270/12901 MS: 2 InsertByte-EraseBytes-
#85878	REDUCE cov: 1418 ft: 4147 corp: 627/833Kb lim: 12901 exec/s: 3303 rss: 76Mb L: 972/12901 MS: 2 InsertByte-EraseBytes-
#85984	REDUCE cov: 1418 ft: 4147 corp: 627/833Kb lim: 12901 exec/s: 3307 rss: 76Mb L: 105/12901 MS: 1 EraseBytes-
#86011	REDUCE cov: 1418 ft: 4147 corp: 627/833Kb lim: 12901 exec/s: 3308 rss: 76Mb L: 899/12901 MS: 2 InsertByte-EraseBytes-
#86052	REDUCE cov: 1418 ft: 4147 corp: 627/833Kb lim: 12901 exec/s: 3309 rss: 76Mb L: 67/12901 MS: 1 EraseBytes-
#86313	NEW    cov: 1418 ft: 4148 corp: 628/833Kb lim: 12901 exec/s: 3319 rss: 76Mb L: 208/12901 MS: 1 ChangeBit-
#86627	REDUCE cov: 1418 ft: 4148 corp: 628/833Kb lim: 12901 exec/s: 3208 rss: 76Mb L: 129/12901 MS: 4 CopyPart-ShuffleBytes-PersAutoDict-EraseBytes- DE: "\377\377\377\377\377\377\377\007"-
#86805	REDUCE cov: 1418 ft: 4148 corp: 628/833Kb lim: 12901 exec/s: 3215 rss: 76Mb L: 69/12901 MS: 3 ChangeBit-ShuffleBytes-EraseBytes-
#87103	NEW    cov: 1418 ft: 4150 corp: 629/834Kb lim: 12901 exec/s: 3226 rss: 76Mb L: 1062/12901 MS: 3 ChangeBit-CopyPart-InsertRepeatedBytes-
#87261	REDUCE cov: 1418 ft: 4150 corp: 629/834Kb lim: 12901 exec/s: 3231 rss: 76Mb L: 1041/12901 MS: 3 ChangeASCIIInt-ChangeBit-EraseBytes-
#87415	REDUCE cov: 1418 ft: 4150 corp: 629/834Kb lim: 12901 exec/s: 3237 rss: 76Mb L: 242/12901 MS: 4 ChangeASCIIInt-CrossOver-ChangeBit-EraseBytes-
#87461	REDUCE cov: 1418 ft: 4150 corp: 629/834Kb lim: 12901 exec/s: 3239 rss: 76Mb L: 1068/12901 MS: 1 EraseBytes-
#87697	REDUCE cov: 1418 ft: 4150 corp: 629/834Kb lim: 12901 exec/s: 3248 rss: 76Mb L: 391/12901 MS: 1 EraseBytes-
#87699	REDUCE cov: 1418 ft: 4150 corp: 629/834Kb lim: 12901 exec/s: 3248 rss: 76Mb L: 313/12901 MS: 2 CrossOver-EraseBytes-
#87700	REDUCE cov: 1418 ft: 4150 corp: 629/833Kb lim: 12901 exec/s: 3248 rss: 76Mb L: 1518/12901 MS: 1 EraseBytes-
#87746	REDUCE cov: 1418 ft: 4150 corp: 629/832Kb lim: 12901 exec/s: 3249 rss: 76Mb L: 2425/12901 MS: 1 EraseBytes-
#87760	REDUCE cov: 1418 ft: 4150 corp: 629/832Kb lim: 12901 exec/s: 3250 rss: 76Mb L: 1125/12901 MS: 4 CopyPart-ShuffleBytes-InsertByte-EraseBytes-
#88102	REDUCE cov: 1418 ft: 4150 corp: 629/832Kb lim: 12901 exec/s: 3263 rss: 76Mb L: 890/12901 MS: 2 ChangeBinInt-EraseBytes-
#88149	REDUCE cov: 1418 ft: 4150 corp: 629/832Kb lim: 12901 exec/s: 3264 rss: 76Mb L: 39/12901 MS: 2 PersAutoDict-EraseBytes- DE: "8\001\000\000\000\000\000\000"-
#88285	REDUCE cov: 1418 ft: 4150 corp: 629/832Kb lim: 12901 exec/s: 3269 rss: 76Mb L: 153/12901 MS: 1 EraseBytes-
#88385	NEW    cov: 1418 ft: 4151 corp: 630/836Kb lim: 12901 exec/s: 3273 rss: 76Mb L: 4575/12901 MS: 5 ChangeBit-CopyPart-ChangeBit-InsertByte-ChangeBit-
#88581	REDUCE cov: 1418 ft: 4151 corp: 630/836Kb lim: 12901 exec/s: 3280 rss: 76Mb L: 300/12901 MS: 1 EraseBytes-
#88677	REDUCE cov: 1418 ft: 4151 corp: 630/836Kb lim: 12901 exec/s: 3284 rss: 76Mb L: 157/12901 MS: 1 EraseBytes-
#88784	REDUCE cov: 1418 ft: 4151 corp: 630/836Kb lim: 12901 exec/s: 3288 rss: 76Mb L: 201/12901 MS: 2 CopyPart-EraseBytes-
#88804	REDUCE cov: 1418 ft: 4151 corp: 630/836Kb lim: 12901 exec/s: 3289 rss: 76Mb L: 107/12901 MS: 5 ChangeBinInt-ChangeBit-ChangeBinInt-ChangeASCIIInt-EraseBytes-
#89050	REDUCE cov: 1418 ft: 4151 corp: 630/836Kb lim: 12901 exec/s: 3298 rss: 76Mb L: 128/12901 MS: 1 EraseBytes-
#89257	REDUCE cov: 1418 ft: 4151 corp: 630/836Kb lim: 12901 exec/s: 3305 rss: 76Mb L: 38/12901 MS: 2 PersAutoDict-EraseBytes- DE: "DNEI"-
#89463	REDUCE cov: 1418 ft: 4151 corp: 630/836Kb lim: 12901 exec/s: 3313 rss: 76Mb L: 69/12901 MS: 1 EraseBytes-
#89804	REDUCE cov: 1418 ft: 4151 corp: 630/835Kb lim: 12901 exec/s: 3326 rss: 76Mb L: 885/12901 MS: 1 EraseBytes-
#90096	REDUCE cov: 1418 ft: 4151 corp: 630/835Kb lim: 12901 exec/s: 3217 rss: 76Mb L: 97/12901 MS: 2 ChangeByte-EraseBytes-
#90122	REDUCE cov: 1418 ft: 4151 corp: 630/835Kb lim: 12901 exec/s: 3218 rss: 76Mb L: 1076/12901 MS: 1 EraseBytes-
#90383	REDUCE cov: 1418 ft: 4151 corp: 630/835Kb lim: 12901 exec/s: 3227 rss: 76Mb L: 260/12901 MS: 1 EraseBytes-
#90444	REDUCE cov: 1418 ft: 4151 corp: 630/835Kb lim: 12901 exec/s: 3230 rss: 76Mb L: 97/12901 MS: 1 EraseBytes-
#90469	REDUCE cov: 1418 ft: 4151 corp: 630/835Kb lim: 12901 exec/s: 3231 rss: 76Mb L: 56/12901 MS: 5 ChangeBit-InsertRepeatedBytes-InsertByte-CMP-EraseBytes- DE: "sRGB"-
#90660	REDUCE cov: 1418 ft: 4151 corp: 630/835Kb lim: 12901 exec/s: 3237 rss: 76Mb L: 129/12901 MS: 1 EraseBytes-
#90738	REDUCE cov: 1418 ft: 4151 corp: 630/832Kb lim: 12901 exec/s: 3240 rss: 76Mb L: 5467/12901 MS: 3 InsertRepeatedBytes-ChangeBit-EraseBytes-
#90759	REDUCE cov: 1418 ft: 4151 corp: 630/832Kb lim: 12901 exec/s: 3241 rss: 76Mb L: 266/12901 MS: 1 EraseBytes-
#90802	REDUCE cov: 1418 ft: 4151 corp: 630/832Kb lim: 12901 exec/s: 3242 rss: 76Mb L: 98/12901 MS: 3 ChangeBinInt-PersAutoDict-EraseBytes- DE: "\000\000\000\000\000\000\000\027"-
#90838	REDUCE cov: 1418 ft: 4151 corp: 630/832Kb lim: 12901 exec/s: 3244 rss: 76Mb L: 257/12901 MS: 1 EraseBytes-
#90873	REDUCE cov: 1418 ft: 4151 corp: 630/832Kb lim: 12901 exec/s: 3245 rss: 76Mb L: 507/12901 MS: 5 InsertByte-CopyPart-CMP-PersAutoDict-EraseBytes- DE: "\000Z"-"\000\000"-
#91005	REDUCE cov: 1418 ft: 4151 corp: 630/832Kb lim: 12901 exec/s: 3250 rss: 76Mb L: 1615/12901 MS: 2 ChangeBinInt-EraseBytes-
#91293	REDUCE cov: 1418 ft: 4151 corp: 630/832Kb lim: 12901 exec/s: 3260 rss: 76Mb L: 143/12901 MS: 3 ShuffleBytes-ChangeBinInt-EraseBytes-
#91399	REDUCE cov: 1418 ft: 4151 corp: 630/831Kb lim: 12901 exec/s: 3264 rss: 76Mb L: 729/12901 MS: 1 EraseBytes-
#91665	REDUCE cov: 1418 ft: 4151 corp: 630/831Kb lim: 12901 exec/s: 3273 rss: 76Mb L: 701/12901 MS: 1 EraseBytes-
#91676	REDUCE cov: 1419 ft: 4152 corp: 631/832Kb lim: 12901 exec/s: 3274 rss: 76Mb L: 961/12901 MS: 1 ChangeBinInt-
#91702	REDUCE cov: 1419 ft: 4152 corp: 631/832Kb lim: 12901 exec/s: 3275 rss: 76Mb L: 925/12901 MS: 1 EraseBytes-
#91799	REDUCE cov: 1419 ft: 4152 corp: 631/832Kb lim: 12901 exec/s: 3278 rss: 76Mb L: 446/12901 MS: 2 ChangeBinInt-EraseBytes-
#91945	REDUCE cov: 1419 ft: 4152 corp: 631/831Kb lim: 12901 exec/s: 3283 rss: 76Mb L: 354/12901 MS: 1 EraseBytes-
#92132	REDUCE cov: 1419 ft: 4152 corp: 631/831Kb lim: 12901 exec/s: 3290 rss: 76Mb L: 64/12901 MS: 2 CMP-EraseBytes- DE: "\377\377\377\377\377\377\377\030"-
#92168	REDUCE cov: 1419 ft: 4152 corp: 631/831Kb lim: 12901 exec/s: 3291 rss: 76Mb L: 617/12901 MS: 1 EraseBytes-
#92246	REDUCE cov: 1419 ft: 4152 corp: 631/831Kb lim: 12901 exec/s: 3294 rss: 76Mb L: 10003/12901 MS: 3 PersAutoDict-InsertByte-EraseBytes- DE: "pCAL"-
#92467	REDUCE cov: 1419 ft: 4152 corp: 631/831Kb lim: 12901 exec/s: 3302 rss: 76Mb L: 460/12901 MS: 1 EraseBytes-
#92528	REDUCE cov: 1419 ft: 4152 corp: 631/830Kb lim: 12901 exec/s: 3304 rss: 76Mb L: 258/12901 MS: 1 EraseBytes-
#92607	REDUCE cov: 1419 ft: 4152 corp: 631/830Kb lim: 12901 exec/s: 3307 rss: 76Mb L: 663/12901 MS: 4 CopyPart-ChangeASCIIInt-ShuffleBytes-EraseBytes-
#92705	NEW    cov: 1419 ft: 4153 corp: 632/830Kb lim: 12901 exec/s: 3310 rss: 76Mb L: 444/12901 MS: 3 ChangeBinInt-ChangeByte-CrossOver-
#92851	REDUCE cov: 1419 ft: 4153 corp: 632/830Kb lim: 12901 exec/s: 3316 rss: 76Mb L: 82/12901 MS: 1 EraseBytes-
#93192	REDUCE cov: 1419 ft: 4153 corp: 632/829Kb lim: 12901 exec/s: 3328 rss: 76Mb L: 10202/12901 MS: 1 EraseBytes-
#93230	REDUCE cov: 1419 ft: 4153 corp: 632/829Kb lim: 12901 exec/s: 3329 rss: 76Mb L: 101/12901 MS: 3 PersAutoDict-CrossOver-EraseBytes- DE: "]\000\000\000"-
#93865	REDUCE cov: 1419 ft: 4153 corp: 632/828Kb lim: 12901 exec/s: 3236 rss: 76Mb L: 6253/12901 MS: 5 ChangeBit-CrossOver-PersAutoDict-ChangeByte-EraseBytes- DE: "\000Z"-
#94116	REDUCE cov: 1419 ft: 4153 corp: 632/828Kb lim: 12901 exec/s: 3245 rss: 76Mb L: 98/12901 MS: 1 EraseBytes-
#94212	REDUCE cov: 1419 ft: 4153 corp: 632/828Kb lim: 12901 exec/s: 3248 rss: 76Mb L: 34/12901 MS: 1 EraseBytes-
#94348	REDUCE cov: 1419 ft: 4153 corp: 632/828Kb lim: 12901 exec/s: 3253 rss: 76Mb L: 148/12901 MS: 1 EraseBytes-
#94634	REDUCE cov: 1419 ft: 4153 corp: 632/828Kb lim: 12901 exec/s: 3263 rss: 76Mb L: 83/12901 MS: 1 EraseBytes-
#94808	REDUCE cov: 1419 ft: 4153 corp: 632/828Kb lim: 12901 exec/s: 3269 rss: 76Mb L: 75/12901 MS: 4 ShuffleBytes-InsertByte-CrossOver-EraseBytes-
#94936	NEW    cov: 1420 ft: 4154 corp: 633/834Kb lim: 12901 exec/s: 3273 rss: 76Mb L: 6061/12901 MS: 3 InsertByte-PersAutoDict-EraseBytes- DE: "\000\000\000Z"-
#95202	REDUCE cov: 1420 ft: 4154 corp: 633/834Kb lim: 12901 exec/s: 3282 rss: 76Mb L: 327/12901 MS: 1 EraseBytes-
#95370	REDUCE cov: 1420 ft: 4154 corp: 633/834Kb lim: 12901 exec/s: 3288 rss: 76Mb L: 469/12901 MS: 3 ChangeBinInt-ChangeBinInt-EraseBytes-
#95526	REDUCE cov: 1420 ft: 4154 corp: 633/834Kb lim: 12901 exec/s: 3294 rss: 76Mb L: 836/12901 MS: 1 EraseBytes-
#95538	REDUCE cov: 1420 ft: 4154 corp: 633/834Kb lim: 12901 exec/s: 3294 rss: 76Mb L: 107/12901 MS: 2 ChangeBinInt-EraseBytes-
#95790	REDUCE cov: 1420 ft: 4154 corp: 633/834Kb lim: 12901 exec/s: 3303 rss: 76Mb L: 1042/12901 MS: 2 InsertRepeatedBytes-EraseBytes-
#95909	REDUCE cov: 1420 ft: 4154 corp: 633/834Kb lim: 12901 exec/s: 3307 rss: 76Mb L: 270/12901 MS: 4 InsertRepeatedBytes-ChangeASCIIInt-ChangeByte-EraseBytes-
#95951	REDUCE cov: 1420 ft: 4154 corp: 633/834Kb lim: 12901 exec/s: 3308 rss: 76Mb L: 586/12901 MS: 2 ChangeBit-EraseBytes-
#95978	REDUCE cov: 1420 ft: 4154 corp: 633/834Kb lim: 12901 exec/s: 3309 rss: 76Mb L: 79/12901 MS: 2 ChangeBit-EraseBytes-
#96040	NEW    cov: 1422 ft: 4156 corp: 634/834Kb lim: 12901 exec/s: 3311 rss: 76Mb L: 446/12901 MS: 2 InsertRepeatedBytes-ChangeBinInt-
#96166	REDUCE cov: 1422 ft: 4156 corp: 634/833Kb lim: 12901 exec/s: 3316 rss: 76Mb L: 2783/12901 MS: 1 EraseBytes-
#96182	REDUCE cov: 1422 ft: 4156 corp: 634/832Kb lim: 12901 exec/s: 3316 rss: 76Mb L: 9450/12901 MS: 1 EraseBytes-
#96260	REDUCE cov: 1422 ft: 4156 corp: 634/832Kb lim: 12901 exec/s: 3319 rss: 76Mb L: 1094/12901 MS: 3 CopyPart-ShuffleBytes-EraseBytes-
#96356	REDUCE cov: 1422 ft: 4156 corp: 634/832Kb lim: 12901 exec/s: 3322 rss: 76Mb L: 943/12901 MS: 1 EraseBytes-
#96504	REDUCE cov: 1422 ft: 4156 corp: 634/832Kb lim: 12901 exec/s: 3216 rss: 76Mb L: 604/12901 MS: 3 ChangeBit-ChangeBit-EraseBytes-
#96751	NEW    cov: 1422 ft: 4158 corp: 635/832Kb lim: 12901 exec/s: 3225 rss: 76Mb L: 238/12901 MS: 2 InsertByte-ShuffleBytes-
#96903	REDUCE cov: 1422 ft: 4158 corp: 635/832Kb lim: 12901 exec/s: 3230 rss: 76Mb L: 358/12901 MS: 2 ChangeBit-EraseBytes-
#97022	REDUCE cov: 1422 ft: 4158 corp: 635/832Kb lim: 12901 exec/s: 3234 rss: 76Mb L: 391/12901 MS: 4 ShuffleBytes-ChangeBit-InsertRepeatedBytes-EraseBytes-
#97442	REDUCE cov: 1422 ft: 4160 corp: 636/832Kb lim: 12901 exec/s: 3248 rss: 76Mb L: 251/12901 MS: 5 ChangeASCIIInt-PersAutoDict-ShuffleBytes-PersAutoDict-CopyPart- DE: "\001\000\000\000"-"\001\000"-
#97451	REDUCE cov: 1422 ft: 4160 corp: 636/832Kb lim: 12901 exec/s: 3248 rss: 76Mb L: 1506/12901 MS: 4 CMP-ChangeASCIIInt-ChangeBit-EraseBytes- DE: "`\000"-
#97919	REDUCE cov: 1422 ft: 4160 corp: 636/832Kb lim: 12901 exec/s: 3263 rss: 76Mb L: 2035/12901 MS: 3 EraseBytes-ChangeBit-CrossOver-
#97922	REDUCE cov: 1422 ft: 4160 corp: 636/832Kb lim: 12901 exec/s: 3264 rss: 76Mb L: 200/12901 MS: 3 ChangeByte-PersAutoDict-EraseBytes- DE: "\000\000\000\031"-
#97929	REDUCE cov: 1422 ft: 4160 corp: 636/832Kb lim: 12901 exec/s: 3264 rss: 76Mb L: 276/12901 MS: 2 CopyPart-EraseBytes-
#97946	REDUCE cov: 1422 ft: 4160 corp: 636/831Kb lim: 12901 exec/s: 3264 rss: 76Mb L: 274/12901 MS: 2 InsertByte-EraseBytes-
#98042	REDUCE cov: 1422 ft: 4160 corp: 636/831Kb lim: 12901 exec/s: 3268 rss: 76Mb L: 1498/12901 MS: 1 EraseBytes-
#98423	REDUCE cov: 1422 ft: 4160 corp: 636/831Kb lim: 12901 exec/s: 3280 rss: 76Mb L: 188/12901 MS: 1 EraseBytes-
#98665	REDUCE cov: 1422 ft: 4160 corp: 636/831Kb lim: 12901 exec/s: 3288 rss: 76Mb L: 701/12901 MS: 2 InsertByte-EraseBytes-
#98873	REDUCE cov: 1422 ft: 4160 corp: 636/831Kb lim: 12901 exec/s: 3295 rss: 76Mb L: 740/12901 MS: 3 InsertByte-ShuffleBytes-EraseBytes-
#98932	REDUCE cov: 1423 ft: 4161 corp: 637/832Kb lim: 12901 exec/s: 3297 rss: 76Mb L: 1130/12901 MS: 4 PersAutoDict-InsertByte-ChangeBit-ChangeByte- DE: "\023\000\000\000"-
#99008	REDUCE cov: 1423 ft: 4161 corp: 637/832Kb lim: 12901 exec/s: 3300 rss: 76Mb L: 314/12901 MS: 1 EraseBytes-
#99079	REDUCE cov: 1423 ft: 4161 corp: 637/832Kb lim: 12901 exec/s: 3302 rss: 76Mb L: 2166/12901 MS: 1 EraseBytes-
#99181	NEW    cov: 1423 ft: 4163 corp: 638/832Kb lim: 12901 exec/s: 3306 rss: 76Mb L: 373/12901 MS: 2 ChangeBinInt-CMP- DE: "\015\000\000\000\000\000\000\000"-
#99217	REDUCE cov: 1423 ft: 4163 corp: 638/832Kb lim: 12901 exec/s: 3307 rss: 76Mb L: 280/12901 MS: 1 EraseBytes-
#99269	REDUCE cov: 1423 ft: 4163 corp: 638/832Kb lim: 12901 exec/s: 3308 rss: 76Mb L: 3448/12901 MS: 2 ShuffleBytes-EraseBytes-
#99675	REDUCE cov: 1423 ft: 4164 corp: 639/832Kb lim: 12901 exec/s: 3322 rss: 76Mb L: 101/12901 MS: 1 ChangeBinInt-
#99727	REDUCE cov: 1423 ft: 4165 corp: 640/839Kb lim: 12901 exec/s: 3324 rss: 76Mb L: 7077/12901 MS: 2 EraseBytes-ChangeBinInt-
#99780	NEW    cov: 1423 ft: 4166 corp: 641/840Kb lim: 12901 exec/s: 3326 rss: 76Mb L: 553/12901 MS: 3 InsertRepeatedBytes-ChangeBit-CopyPart-
#100654	REDUCE cov: 1423 ft: 4166 corp: 641/840Kb lim: 12901 exec/s: 3246 rss: 76Mb L: 457/12901 MS: 4 PersAutoDict-ChangeByte-ChangeBinInt-EraseBytes- DE: "\000\000\000Z"-
#100775	REDUCE cov: 1423 ft: 4166 corp: 641/840Kb lim: 12901 exec/s: 3250 rss: 76Mb L: 262/12901 MS: 1 EraseBytes-
#100956	REDUCE cov: 1423 ft: 4166 corp: 641/839Kb lim: 12901 exec/s: 3256 rss: 76Mb L: 1119/12901 MS: 1 EraseBytes-
#100976	NEW    cov: 1423 ft: 4167 corp: 642/841Kb lim: 12901 exec/s: 3257 rss: 76Mb L: 1746/12901 MS: 5 InsertRepeatedBytes-CopyPart-ChangeBit-InsertRepeatedBytes-CrossOver-
#101153	REDUCE cov: 1423 ft: 4168 corp: 643/842Kb lim: 12901 exec/s: 3263 rss: 76Mb L: 604/12901 MS: 2 PersAutoDict-ChangeASCIIInt- DE: "\001\377"-
#101574	REDUCE cov: 1425 ft: 4170 corp: 644/843Kb lim: 12901 exec/s: 3276 rss: 76Mb L: 1042/12901 MS: 1 ChangeBinInt-
#102016	REDUCE cov: 1425 ft: 4170 corp: 644/842Kb lim: 12901 exec/s: 3290 rss: 76Mb L: 1108/12901 MS: 2 ChangeByte-EraseBytes-
#102025	REDUCE cov: 1425 ft: 4170 corp: 644/842Kb lim: 12901 exec/s: 3291 rss: 76Mb L: 274/12901 MS: 4 CopyPart-PersAutoDict-ChangeBinInt-EraseBytes- DE: "\377\377\377\377\377\377\377\017"-
#102084	REDUCE cov: 1425 ft: 4170 corp: 644/842Kb lim: 12901 exec/s: 3293 rss: 76Mb L: 76/12901 MS: 4 PersAutoDict-ChangeASCIIInt-ShuffleBytes-EraseBytes- DE: "\004\000\000\000"-
#102280	REDUCE cov: 1425 ft: 4170 corp: 644/842Kb lim: 12901 exec/s: 3299 rss: 76Mb L: 475/12901 MS: 1 EraseBytes-
#102488	REDUCE cov: 1425 ft: 4170 corp: 644/842Kb lim: 12901 exec/s: 3306 rss: 76Mb L: 59/12901 MS: 3 InsertRepeatedBytes-PersAutoDict-EraseBytes- DE: "\377\007"-
#102615	REDUCE cov: 1425 ft: 4170 corp: 644/841Kb lim: 12901 exec/s: 3310 rss: 76Mb L: 4390/12901 MS: 2 ChangeBit-CrossOver-
#102787	REDUCE cov: 1425 ft: 4170 corp: 644/840Kb lim: 12901 exec/s: 3315 rss: 76Mb L: 8812/12901 MS: 2 InsertRepeatedBytes-EraseBytes-
#102889	NEW    cov: 1425 ft: 4171 corp: 645/841Kb lim: 12901 exec/s: 3319 rss: 76Mb L: 777/12901 MS: 2 ChangeBinInt-ChangeByte-
#102892	REDUCE cov: 1425 ft: 4171 corp: 645/841Kb lim: 12901 exec/s: 3319 rss: 76Mb L: 41/12901 MS: 3 ChangeByte-CopyPart-EraseBytes-
#102973	REDUCE cov: 1425 ft: 4171 corp: 645/840Kb lim: 12901 exec/s: 3321 rss: 76Mb L: 5074/12901 MS: 1 EraseBytes-
#103024	REDUCE cov: 1425 ft: 4171 corp: 645/840Kb lim: 12901 exec/s: 3323 rss: 76Mb L: 530/12901 MS: 1 EraseBytes-
#103030	REDUCE cov: 1425 ft: 4171 corp: 645/837Kb lim: 12901 exec/s: 3323 rss: 76Mb L: 2437/12901 MS: 1 CrossOver-
#103466	REDUCE cov: 1425 ft: 4171 corp: 645/837Kb lim: 12901 exec/s: 3337 rss: 76Mb L: 296/12901 MS: 1 EraseBytes-
#103523	REDUCE cov: 1425 ft: 4171 corp: 645/837Kb lim: 12901 exec/s: 3339 rss: 76Mb L: 210/12901 MS: 2 CopyPart-EraseBytes-
#104004	REDUCE cov: 1425 ft: 4171 corp: 645/837Kb lim: 12901 exec/s: 3354 rss: 76Mb L: 463/12901 MS: 1 EraseBytes-
#104005	NEW    cov: 1426 ft: 4172 corp: 646/839Kb lim: 12901 exec/s: 3355 rss: 76Mb L: 1496/12901 MS: 1 PersAutoDict- DE: "cICP"-
#104006	REDUCE cov: 1426 ft: 4172 corp: 646/838Kb lim: 12901 exec/s: 3355 rss: 76Mb L: 634/12901 MS: 1 EraseBytes-
#104518	REDUCE cov: 1426 ft: 4172 corp: 646/838Kb lim: 12901 exec/s: 3266 rss: 76Mb L: 1165/12901 MS: 2 CrossOver-EraseBytes-
#104546	REDUCE cov: 1426 ft: 4172 corp: 646/838Kb lim: 12901 exec/s: 3267 rss: 76Mb L: 240/12901 MS: 3 CopyPart-ChangeBit-EraseBytes-
#104557	REDUCE cov: 1426 ft: 4172 corp: 646/837Kb lim: 12901 exec/s: 3267 rss: 76Mb L: 4553/12901 MS: 1 EraseBytes-
#104704	REDUCE cov: 1426 ft: 4172 corp: 646/837Kb lim: 12901 exec/s: 3272 rss: 76Mb L: 6576/12901 MS: 2 InsertByte-EraseBytes-
#104860	REDUCE cov: 1426 ft: 4172 corp: 646/837Kb lim: 12901 exec/s: 3276 rss: 76Mb L: 319/12901 MS: 1 EraseBytes-
#104947	REDUCE cov: 1426 ft: 4172 corp: 646/837Kb lim: 12901 exec/s: 3279 rss: 76Mb L: 166/12901 MS: 2 PersAutoDict-EraseBytes- DE: "aKGD"-
#105007	REDUCE cov: 1426 ft: 4172 corp: 646/836Kb lim: 12901 exec/s: 3281 rss: 76Mb L: 139/12901 MS: 5 ChangeByte-ShuffleBytes-ChangeBinInt-ChangeASCIIInt-EraseBytes-
#105082	REDUCE cov: 1426 ft: 4172 corp: 646/836Kb lim: 12901 exec/s: 3283 rss: 76Mb L: 313/12901 MS: 5 ChangeBinInt-ChangeASCIIInt-ShuffleBytes-ChangeBit-EraseBytes-
#105131	REDUCE cov: 1426 ft: 4172 corp: 646/836Kb lim: 12901 exec/s: 3285 rss: 76Mb L: 443/12901 MS: 4 CrossOver-ChangeBinInt-CMP-EraseBytes- DE: "oFFs"-
#105203	REDUCE cov: 1426 ft: 4172 corp: 646/836Kb lim: 12901 exec/s: 3287 rss: 76Mb L: 137/12901 MS: 2 InsertRepeatedBytes-EraseBytes-
#105578	REDUCE cov: 1426 ft: 4172 corp: 646/836Kb lim: 12901 exec/s: 3299 rss: 76Mb L: 902/12901 MS: 5 CrossOver-CMP-ChangeBit-CrossOver-EraseBytes- DE: "iCCP"-
#105674	REDUCE cov: 1426 ft: 4172 corp: 646/836Kb lim: 12901 exec/s: 3302 rss: 76Mb L: 170/12901 MS: 1 EraseBytes-
#105775	REDUCE cov: 1426 ft: 4173 corp: 647/838Kb lim: 12901 exec/s: 3305 rss: 76Mb L: 2035/12901 MS: 1 ChangeBinInt-
#106439	NEW    cov: 1426 ft: 4174 corp: 648/839Kb lim: 12901 exec/s: 3326 rss: 76Mb L: 340/12901 MS: 4 InsertByte-InsertByte-ShuffleBytes-InsertByte-
#106815	REDUCE cov: 1426 ft: 4174 corp: 648/838Kb lim: 12901 exec/s: 3337 rss: 76Mb L: 1135/12901 MS: 1 EraseBytes-
#106841	REDUCE cov: 1426 ft: 4174 corp: 648/838Kb lim: 12901 exec/s: 3338 rss: 76Mb L: 2641/12901 MS: 1 EraseBytes-
#107052	REDUCE cov: 1426 ft: 4174 corp: 648/838Kb lim: 12901 exec/s: 3345 rss: 76Mb L: 56/12901 MS: 1 EraseBytes-
#107241	REDUCE cov: 1426 ft: 4174 corp: 648/837Kb lim: 12901 exec/s: 3351 rss: 76Mb L: 5488/12901 MS: 4 ChangeASCIIInt-ChangeBinInt-InsertByte-EraseBytes-
#107422	REDUCE cov: 1426 ft: 4174 corp: 648/837Kb lim: 12901 exec/s: 3356 rss: 76Mb L: 195/12901 MS: 1 EraseBytes-
#107850	REDUCE cov: 1426 ft: 4174 corp: 648/837Kb lim: 12901 exec/s: 3370 rss: 76Mb L: 47/12901 MS: 3 ShuffleBytes-ChangeByte-EraseBytes-
#108033	REDUCE cov: 1426 ft: 4174 corp: 648/837Kb lim: 12901 exec/s: 3376 rss: 76Mb L: 245/12901 MS: 3 ShuffleBytes-ChangeBit-EraseBytes-
#108125	REDUCE cov: 1426 ft: 4174 corp: 648/837Kb lim: 12901 exec/s: 3378 rss: 76Mb L: 4509/12901 MS: 2 CopyPart-EraseBytes-
#108246	NEW    cov: 1426 ft: 4175 corp: 649/837Kb lim: 12901 exec/s: 3382 rss: 76Mb L: 238/12901 MS: 1 CopyPart-
#108497	REDUCE cov: 1426 ft: 4176 corp: 650/839Kb lim: 12901 exec/s: 3287 rss: 76Mb L: 2437/12901 MS: 1 CopyPart-
#109210	REDUCE cov: 1426 ft: 4176 corp: 650/839Kb lim: 12901 exec/s: 3309 rss: 76Mb L: 119/12901 MS: 3 ChangeASCIIInt-ChangeBit-EraseBytes-
#109511	REDUCE cov: 1426 ft: 4176 corp: 650/839Kb lim: 12901 exec/s: 3318 rss: 76Mb L: 787/12901 MS: 1 EraseBytes-
#109577	REDUCE cov: 1426 ft: 4176 corp: 650/839Kb lim: 12901 exec/s: 3320 rss: 76Mb L: 239/12901 MS: 1 EraseBytes-
#109654	REDUCE cov: 1426 ft: 4176 corp: 650/839Kb lim: 12901 exec/s: 3322 rss: 76Mb L: 1076/12901 MS: 2 CopyPart-EraseBytes-
#109915	REDUCE cov: 1426 ft: 4176 corp: 650/839Kb lim: 12901 exec/s: 3330 rss: 76Mb L: 4466/12901 MS: 1 CrossOver-
#110009	REDUCE cov: 1426 ft: 4176 corp: 650/838Kb lim: 12901 exec/s: 3333 rss: 76Mb L: 4133/12901 MS: 4 CopyPart-ChangeASCIIInt-CopyPart-EraseBytes-
#110239	REDUCE cov: 1426 ft: 4176 corp: 650/838Kb lim: 12901 exec/s: 3340 rss: 76Mb L: 76/12901 MS: 5 InsertByte-CrossOver-CrossOver-ChangeBinInt-EraseBytes-
#110756	REDUCE cov: 1426 ft: 4176 corp: 650/838Kb lim: 12901 exec/s: 3356 rss: 76Mb L: 948/12901 MS: 2 InsertByte-EraseBytes-
#111086	REDUCE cov: 1426 ft: 4176 corp: 650/837Kb lim: 12901 exec/s: 3366 rss: 76Mb L: 4010/12901 MS: 5 CopyPart-EraseBytes-ChangeBit-CrossOver-EraseBytes-
#111163	REDUCE cov: 1426 ft: 4176 corp: 650/837Kb lim: 12901 exec/s: 3368 rss: 76Mb L: 124/12901 MS: 2 ShuffleBytes-EraseBytes-
#111169	REDUCE cov: 1426 ft: 4176 corp: 650/837Kb lim: 12901 exec/s: 3368 rss: 76Mb L: 24/12901 MS: 1 EraseBytes-
#111354	REDUCE cov: 1426 ft: 4176 corp: 650/837Kb lim: 12901 exec/s: 3374 rss: 76Mb L: 347/12901 MS: 5 ChangeASCIIInt-ChangeASCIIInt-ChangeByte-InsertRepeatedBytes-EraseBytes-
#111421	REDUCE cov: 1426 ft: 4176 corp: 650/837Kb lim: 12901 exec/s: 3376 rss: 76Mb L: 234/12901 MS: 2 CMP-EraseBytes- DE: "\302\000\000\000\000\000\000\000"-
#112191	REDUCE cov: 1426 ft: 4176 corp: 650/837Kb lim: 12901 exec/s: 3399 rss: 76Mb L: 948/12901 MS: 5 InsertByte-ShuffleBytes-InsertByte-CopyPart-EraseBytes-
#112443	REDUCE cov: 1426 ft: 4176 corp: 650/837Kb lim: 12901 exec/s: 3307 rss: 76Mb L: 60/12901 MS: 2 CopyPart-EraseBytes-
#112739	REDUCE cov: 1426 ft: 4176 corp: 650/837Kb lim: 12901 exec/s: 3315 rss: 76Mb L: 361/12901 MS: 1 EraseBytes-
#112807	REDUCE cov: 1426 ft: 4176 corp: 650/837Kb lim: 12901 exec/s: 3317 rss: 76Mb L: 277/12901 MS: 3 PersAutoDict-ChangeBit-EraseBytes- DE: "\377\377\377\377\377\377\0009"-
#112943	REDUCE cov: 1426 ft: 4176 corp: 650/837Kb lim: 12901 exec/s: 3321 rss: 76Mb L: 74/12901 MS: 1 EraseBytes-
#113177	REDUCE cov: 1426 ft: 4176 corp: 650/837Kb lim: 12901 exec/s: 3328 rss: 76Mb L: 78/12901 MS: 4 ChangeASCIIInt-ChangeByte-CopyPart-EraseBytes-
#113245	REDUCE cov: 1426 ft: 4176 corp: 650/837Kb lim: 12901 exec/s: 3330 rss: 76Mb L: 308/12901 MS: 3 ChangeBinInt-CopyPart-EraseBytes-
#113249	REDUCE cov: 1426 ft: 4176 corp: 650/836Kb lim: 12901 exec/s: 3330 rss: 76Mb L: 898/12901 MS: 4 ShuffleBytes-ShuffleBytes-ChangeASCIIInt-EraseBytes-
#113264	REDUCE cov: 1426 ft: 4176 corp: 650/836Kb lim: 12901 exec/s: 3331 rss: 76Mb L: 132/12901 MS: 5 PersAutoDict-ShuffleBytes-ChangeASCIIInt-EraseBytes-EraseBytes- DE: "\000\000\000\000\000\000\000\010"-
#113301	REDUCE cov: 1426 ft: 4176 corp: 650/836Kb lim: 12901 exec/s: 3332 rss: 76Mb L: 2134/12901 MS: 2 InsertRepeatedBytes-EraseBytes-
#113314	REDUCE cov: 1426 ft: 4176 corp: 650/835Kb lim: 12901 exec/s: 3332 rss: 76Mb L: 476/12901 MS: 3 InsertRepeatedBytes-PersAutoDict-EraseBytes- DE: "bKGD"-
#113511	REDUCE cov: 1426 ft: 4176 corp: 650/835Kb lim: 12901 exec/s: 3338 rss: 76Mb L: 158/12901 MS: 2 CrossOver-EraseBytes-
#113724	REDUCE cov: 1426 ft: 4176 corp: 650/835Kb lim: 12901 exec/s: 3344 rss: 76Mb L: 401/12901 MS: 3 CopyPart-ChangeBinInt-EraseBytes-
#113765	REDUCE cov: 1426 ft: 4176 corp: 650/835Kb lim: 12901 exec/s: 3346 rss: 76Mb L: 160/12901 MS: 1 EraseBytes-
#113831	REDUCE cov: 1426 ft: 4176 corp: 650/834Kb lim: 12901 exec/s: 3347 rss: 76Mb L: 729/12901 MS: 1 EraseBytes-
#114005	NEW    cov: 1426 ft: 4179 corp: 651/835Kb lim: 12901 exec/s: 3353 rss: 76Mb L: 777/12901 MS: 4 ChangeBit-ChangeBinInt-ChangeByte-PersAutoDict- DE: "pHYs"-
#114441	REDUCE cov: 1426 ft: 4179 corp: 651/835Kb lim: 12901 exec/s: 3365 rss: 76Mb L: 585/12901 MS: 1 EraseBytes-
#114447	REDUCE cov: 1426 ft: 4179 corp: 651/835Kb lim: 12901 exec/s: 3366 rss: 76Mb L: 224/12901 MS: 1 EraseBytes-
#114689	REDUCE cov: 1426 ft: 4179 corp: 651/835Kb lim: 12901 exec/s: 3373 rss: 76Mb L: 34/12901 MS: 2 CopyPart-EraseBytes-
#114901	REDUCE cov: 1426 ft: 4179 corp: 651/835Kb lim: 12901 exec/s: 3379 rss: 76Mb L: 237/12901 MS: 2 ChangeBinInt-EraseBytes-
#115011	REDUCE cov: 1426 ft: 4179 corp: 651/835Kb lim: 12901 exec/s: 3382 rss: 76Mb L: 990/12901 MS: 5 ChangeByte-ChangeASCIIInt-ChangeByte-PersAutoDict-EraseBytes- DE: "\377\377\377\377\377\377\377\003"-
#115234	REDUCE cov: 1426 ft: 4179 corp: 651/835Kb lim: 12901 exec/s: 3389 rss: 76Mb L: 1408/12901 MS: 3 ChangeBinInt-ChangeBit-EraseBytes-
#115312	REDUCE cov: 1426 ft: 4179 corp: 651/835Kb lim: 12901 exec/s: 3391 rss: 76Mb L: 162/12901 MS: 3 ChangeByte-PersAutoDict-EraseBytes- DE: "\001\000\000\000\000\000\002\020"-
#115388	REDUCE cov: 1426 ft: 4179 corp: 651/835Kb lim: 12901 exec/s: 3393 rss: 76Mb L: 84/12901 MS: 1 EraseBytes-
#116193	REDUCE cov: 1426 ft: 4179 corp: 651/835Kb lim: 12901 exec/s: 3417 rss: 76Mb L: 167/12901 MS: 5 ChangeBit-ShuffleBytes-ChangeASCIIInt-ChangeASCIIInt-EraseBytes-
#116260	REDUCE cov: 1426 ft: 4179 corp: 651/835Kb lim: 12901 exec/s: 3419 rss: 76Mb L: 66/12901 MS: 2 ChangeBinInt-EraseBytes-
#116353	REDUCE cov: 1426 ft: 4179 corp: 651/835Kb lim: 12901 exec/s: 3422 rss: 76Mb L: 208/12901 MS: 3 ChangeByte-ChangeBinInt-EraseBytes-
#116394	REDUCE cov: 1426 ft: 4179 corp: 651/834Kb lim: 12901 exec/s: 3325 rss: 76Mb L: 634/12901 MS: 1 EraseBytes-
#116542	REDUCE cov: 1426 ft: 4179 corp: 651/833Kb lim: 12901 exec/s: 3329 rss: 76Mb L: 1409/12901 MS: 3 InsertRepeatedBytes-ShuffleBytes-EraseBytes-
#117133	REDUCE cov: 1426 ft: 4179 corp: 651/833Kb lim: 12901 exec/s: 3346 rss: 76Mb L: 388/12901 MS: 1 EraseBytes-
#117174	REDUCE cov: 1426 ft: 4179 corp: 651/833Kb lim: 12901 exec/s: 3347 rss: 76Mb L: 271/12901 MS: 1 EraseBytes-
#117227	REDUCE cov: 1426 ft: 4179 corp: 651/833Kb lim: 12901 exec/s: 3349 rss: 76Mb L: 384/12901 MS: 3 InsertByte-ChangeBinInt-EraseBytes-
#117855	REDUCE cov: 1426 ft: 4179 corp: 651/833Kb lim: 12901 exec/s: 3367 rss: 76Mb L: 347/12901 MS: 3 PersAutoDict-ChangeByte-EraseBytes- DE: "\000\000"-
#117901	REDUCE cov: 1426 ft: 4179 corp: 651/833Kb lim: 12901 exec/s: 3368 rss: 76Mb L: 179/12901 MS: 1 EraseBytes-
#117902	REDUCE cov: 1426 ft: 4179 corp: 651/833Kb lim: 12901 exec/s: 3368 rss: 76Mb L: 716/12901 MS: 1 EraseBytes-
#117913	NEW    cov: 1426 ft: 4181 corp: 652/833Kb lim: 12901 exec/s: 3368 rss: 76Mb L: 116/12901 MS: 1 ChangeByte-
#118241	REDUCE cov: 1426 ft: 4181 corp: 652/833Kb lim: 12901 exec/s: 3378 rss: 76Mb L: 877/12901 MS: 3 CrossOver-ChangeBit-EraseBytes-
#118469	REDUCE cov: 1426 ft: 4181 corp: 652/833Kb lim: 12901 exec/s: 3384 rss: 76Mb L: 45/12901 MS: 3 ChangeBinInt-ChangeBinInt-EraseBytes-
#118485	REDUCE cov: 1426 ft: 4181 corp: 652/831Kb lim: 12901 exec/s: 3385 rss: 76Mb L: 2411/12901 MS: 1 EraseBytes-
#118636	REDUCE cov: 1426 ft: 4181 corp: 652/831Kb lim: 12901 exec/s: 3389 rss: 76Mb L: 130/12901 MS: 1 EraseBytes-
#118722	REDUCE cov: 1426 ft: 4181 corp: 652/831Kb lim: 12901 exec/s: 3392 rss: 76Mb L: 903/12901 MS: 1 EraseBytes-
#118738	REDUCE cov: 1426 ft: 4181 corp: 652/831Kb lim: 12901 exec/s: 3392 rss: 76Mb L: 103/12901 MS: 1 EraseBytes-
#119097	REDUCE cov: 1426 ft: 4181 corp: 652/831Kb lim: 12901 exec/s: 3402 rss: 76Mb L: 5027/12901 MS: 4 ChangeASCIIInt-InsertRepeatedBytes-ChangeByte-EraseBytes-
#119172	REDUCE cov: 1426 ft: 4181 corp: 652/831Kb lim: 12901 exec/s: 3404 rss: 76Mb L: 126/12901 MS: 5 PersAutoDict-ChangeASCIIInt-ChangeByte-EraseBytes-PersAutoDict- DE: "\000\000\000\000\000\000\000\016"-"\026\000\000\000\000\000\000\000"-
#119401	REDUCE cov: 1426 ft: 4181 corp: 652/831Kb lim: 12901 exec/s: 3411 rss: 76Mb L: 225/12901 MS: 4 CrossOver-ShuffleBytes-CrossOver-EraseBytes-
#119518	REDUCE cov: 1426 ft: 4181 corp: 652/831Kb lim: 12901 exec/s: 3414 rss: 76Mb L: 50/12901 MS: 2 CopyPart-EraseBytes-
#120109	REDUCE cov: 1426 ft: 4181 corp: 652/831Kb lim: 12901 exec/s: 3336 rss: 76Mb L: 39/12901 MS: 1 EraseBytes-
#120410	REDUCE cov: 1426 ft: 4181 corp: 652/831Kb lim: 12901 exec/s: 3344 rss: 76Mb L: 192/12901 MS: 1 EraseBytes-
#120596	REDUCE cov: 1426 ft: 4181 corp: 652/831Kb lim: 12901 exec/s: 3349 rss: 76Mb L: 19/12901 MS: 1 EraseBytes-
#120602	REDUCE cov: 1426 ft: 4181 corp: 652/831Kb lim: 12901 exec/s: 3350 rss: 76Mb L: 202/12901 MS: 1 EraseBytes-
#120627	REDUCE cov: 1426 ft: 4181 corp: 652/831Kb lim: 12901 exec/s: 3350 rss: 76Mb L: 850/12901 MS: 5 ChangeASCIIInt-ChangeBinInt-ChangeByte-EraseBytes-InsertRepeatedBytes-
#120674	REDUCE cov: 1426 ft: 4181 corp: 652/830Kb lim: 12901 exec/s: 3352 rss: 76Mb L: 974/12901 MS: 2 ChangeBit-EraseBytes-
#121251	REDUCE cov: 1426 ft: 4183 corp: 653/831Kb lim: 12901 exec/s: 3368 rss: 76Mb L: 135/12901 MS: 2 InsertByte-PersAutoDict- DE: "\001\000\000\000\000\000\000\011"-
#121410	REDUCE cov: 1426 ft: 4183 corp: 653/831Kb lim: 12901 exec/s: 3372 rss: 76Mb L: 99/12901 MS: 4 InsertByte-InsertRepeatedBytes-PersAutoDict-EraseBytes- DE: "\000E"-
#121496	REDUCE cov: 1426 ft: 4183 corp: 653/831Kb lim: 12901 exec/s: 3374 rss: 76Mb L: 196/12901 MS: 1 EraseBytes-
#121569	REDUCE cov: 1426 ft: 4183 corp: 653/830Kb lim: 12901 exec/s: 3376 rss: 76Mb L: 348/12901 MS: 3 CopyPart-PersAutoDict-EraseBytes- DE: "\000\000\000\000\000\000\000\004"-
#121684	REDUCE cov: 1426 ft: 4183 corp: 653/830Kb lim: 12901 exec/s: 3380 rss: 76Mb L: 4152/12901 MS: 5 ChangeBit-ChangeBit-ChangeBinInt-CrossOver-EraseBytes-
#121933	NEW    cov: 1426 ft: 4184 corp: 654/834Kb lim: 12901 exec/s: 3387 rss: 76Mb L: 3669/12901 MS: 4 CrossOver-InsertByte-CopyPart-PersAutoDict- DE: "\032\000\000\000\000\000\000\000"-
#121940	REDUCE cov: 1426 ft: 4184 corp: 654/834Kb lim: 12901 exec/s: 3387 rss: 76Mb L: 402/12901 MS: 2 ChangeASCIIInt-EraseBytes-
#122442	REDUCE cov: 1426 ft: 4184 corp: 654/834Kb lim: 12901 exec/s: 3401 rss: 76Mb L: 273/12901 MS: 2 ShuffleBytes-EraseBytes-
	NEW_FUNC[1/1]: 0x55b35c0931f0 in png_handle_sPLT /src/libpng/pngrutil.c:1566
#122605	NEW    cov: 1433 ft: 4191 corp: 655/834Kb lim: 12901 exec/s: 3405 rss: 76Mb L: 156/12901 MS: 3 InsertByte-EraseBytes-CMP- DE: "sPLT"-
#122722	REDUCE cov: 1433 ft: 4191 corp: 655/834Kb lim: 12901 exec/s: 3408 rss: 76Mb L: 413/12901 MS: 2 ChangeByte-EraseBytes-
#122723	REDUCE cov: 1433 ft: 4191 corp: 655/834Kb lim: 12901 exec/s: 3408 rss: 76Mb L: 448/12901 MS: 1 EraseBytes-
#122824	REDUCE cov: 1433 ft: 4191 corp: 655/834Kb lim: 12901 exec/s: 3411 rss: 76Mb L: 37/12901 MS: 1 EraseBytes-
#122976	REDUCE cov: 1433 ft: 4191 corp: 655/834Kb lim: 12901 exec/s: 3416 rss: 76Mb L: 136/12901 MS: 2 CrossOver-EraseBytes-
#122997	REDUCE cov: 1433 ft: 4191 corp: 655/834Kb lim: 12901 exec/s: 3416 rss: 76Mb L: 67/12901 MS: 1 EraseBytes-
#123020	REDUCE cov: 1433 ft: 4191 corp: 655/834Kb lim: 12901 exec/s: 3417 rss: 76Mb L: 581/12901 MS: 3 ChangeBit-ChangeBinInt-EraseBytes-
#123127	REDUCE cov: 1433 ft: 4191 corp: 655/834Kb lim: 12901 exec/s: 3327 rss: 76Mb L: 50/12901 MS: 2 CrossOver-EraseBytes-
#123131	REDUCE cov: 1433 ft: 4191 corp: 655/833Kb lim: 12901 exec/s: 3327 rss: 76Mb L: 641/12901 MS: 4 InsertByte-CMP-ChangeBit-EraseBytes- DE: "\377\377\377@"-
#123147	REDUCE cov: 1433 ft: 4191 corp: 655/833Kb lim: 12901 exec/s: 3328 rss: 76Mb L: 858/12901 MS: 1 EraseBytes-
#123213	REDUCE cov: 1433 ft: 4191 corp: 655/833Kb lim: 12901 exec/s: 3330 rss: 76Mb L: 181/12901 MS: 1 EraseBytes-
#123580	NEW    cov: 1433 ft: 4195 corp: 656/842Kb lim: 12901 exec/s: 3340 rss: 76Mb L: 8831/12901 MS: 2 ChangeBinInt-CrossOver-
#123955	REDUCE cov: 1433 ft: 4195 corp: 656/842Kb lim: 12901 exec/s: 3350 rss: 76Mb L: 8714/12901 MS: 5 ChangeBinInt-ChangeASCIIInt-ChangeByte-PersAutoDict-CrossOver- DE: "\025\000"-
#123962	REDUCE cov: 1433 ft: 4195 corp: 656/842Kb lim: 12901 exec/s: 3350 rss: 76Mb L: 3356/12901 MS: 2 CopyPart-EraseBytes-
#124073	REDUCE cov: 1433 ft: 4195 corp: 656/842Kb lim: 12901 exec/s: 3353 rss: 76Mb L: 675/12901 MS: 1 EraseBytes-
#124104	REDUCE cov: 1433 ft: 4195 corp: 656/842Kb lim: 12901 exec/s: 3354 rss: 76Mb L: 159/12901 MS: 1 EraseBytes-
#124321	REDUCE cov: 1433 ft: 4195 corp: 656/842Kb lim: 12901 exec/s: 3360 rss: 76Mb L: 391/12901 MS: 2 ShuffleBytes-EraseBytes-
#124472	REDUCE cov: 1433 ft: 4195 corp: 656/842Kb lim: 12901 exec/s: 3364 rss: 76Mb L: 396/12901 MS: 1 EraseBytes-
#124873	REDUCE cov: 1433 ft: 4195 corp: 656/841Kb lim: 12901 exec/s: 3374 rss: 76Mb L: 350/12901 MS: 1 EraseBytes-
#125016	REDUCE cov: 1433 ft: 4195 corp: 656/841Kb lim: 12901 exec/s: 3378 rss: 76Mb L: 8642/12901 MS: 3 CopyPart-CrossOver-EraseBytes-
#125029	REDUCE cov: 1433 ft: 4195 corp: 656/840Kb lim: 12901 exec/s: 3379 rss: 76Mb L: 1454/12901 MS: 3 CrossOver-InsertRepeatedBytes-CrossOver-
#125083	REDUCE cov: 1433 ft: 4195 corp: 656/840Kb lim: 12901 exec/s: 3380 rss: 76Mb L: 219/12901 MS: 4 InsertByte-ChangeASCIIInt-ChangeBinInt-EraseBytes-
#125589	REDUCE cov: 1433 ft: 4195 corp: 656/840Kb lim: 12901 exec/s: 3394 rss: 76Mb L: 494/12901 MS: 1 EraseBytes-
#125783	REDUCE cov: 1433 ft: 4195 corp: 656/840Kb lim: 12901 exec/s: 3399 rss: 76Mb L: 118/12901 MS: 4 InsertRepeatedBytes-EraseBytes-ChangeBinInt-EraseBytes-
#125850	REDUCE cov: 1433 ft: 4195 corp: 656/840Kb lim: 12901 exec/s: 3401 rss: 76Mb L: 213/12901 MS: 2 ChangeBit-EraseBytes-
#126097	REDUCE cov: 1433 ft: 4195 corp: 656/840Kb lim: 12901 exec/s: 3408 rss: 76Mb L: 460/12901 MS: 2 ShuffleBytes-EraseBytes-
#126115	REDUCE cov: 1433 ft: 4195 corp: 656/840Kb lim: 12901 exec/s: 3408 rss: 76Mb L: 1247/12901 MS: 3 PersAutoDict-PersAutoDict-EraseBytes- DE: "P\002\000\000\000\000\000\000"-"hIST"-
#126168	REDUCE cov: 1433 ft: 4195 corp: 656/840Kb lim: 12901 exec/s: 3409 rss: 76Mb L: 232/12901 MS: 3 ShuffleBytes-ChangeASCIIInt-EraseBytes-
#126744	REDUCE cov: 1433 ft: 4195 corp: 656/840Kb lim: 12901 exec/s: 3425 rss: 76Mb L: 161/12901 MS: 1 EraseBytes-
#126815	REDUCE cov: 1433 ft: 4195 corp: 656/839Kb lim: 12901 exec/s: 3427 rss: 76Mb L: 1828/12901 MS: 1 EraseBytes-
#127106	REDUCE cov: 1433 ft: 4195 corp: 656/839Kb lim: 12901 exec/s: 3344 rss: 76Mb L: 555/12901 MS: 1 EraseBytes-
#127352	REDUCE cov: 1433 ft: 4195 corp: 656/839Kb lim: 12901 exec/s: 3351 rss: 76Mb L: 312/12901 MS: 1 EraseBytes-
#127969	REDUCE cov: 1433 ft: 4195 corp: 656/839Kb lim: 12901 exec/s: 3367 rss: 76Mb L: 239/12901 MS: 2 CopyPart-EraseBytes-
#128448	REDUCE cov: 1433 ft: 4195 corp: 656/839Kb lim: 12901 exec/s: 3380 rss: 76Mb L: 231/12901 MS: 4 ChangeBit-PersAutoDict-InsertRepeatedBytes-EraseBytes- DE: "\377\377\377\377\377\377\377\302"-
#128572	NEW    cov: 1434 ft: 4196 corp: 657/840Kb lim: 12901 exec/s: 3383 rss: 76Mb L: 1227/12901 MS: 4 ChangeBinInt-ChangeBit-CrossOver-CrossOver-
#128671	REDUCE cov: 1434 ft: 4196 corp: 657/840Kb lim: 12901 exec/s: 3386 rss: 76Mb L: 166/12901 MS: 4 ChangeASCIIInt-CMP-CrossOver-EraseBytes- DE: "\003\000\000\000\000\000\000\000"-
#128702	REDUCE cov: 1434 ft: 4196 corp: 657/840Kb lim: 12901 exec/s: 3386 rss: 76Mb L: 140/12901 MS: 1 EraseBytes-
#128868	REDUCE cov: 1434 ft: 4196 corp: 657/840Kb lim: 12901 exec/s: 3391 rss: 76Mb L: 841/12901 MS: 1 EraseBytes-
#129085	REDUCE cov: 1434 ft: 4196 corp: 657/840Kb lim: 12901 exec/s: 3396 rss: 76Mb L: 1080/12901 MS: 2 CMP-EraseBytes- DE: "eXIf"-
#129105	NEW    cov: 1435 ft: 4197 corp: 658/840Kb lim: 12901 exec/s: 3397 rss: 76Mb L: 277/12901 MS: 5 ChangeBinInt-PersAutoDict-ShuffleBytes-ShuffleBytes-CMP- DE: "\003\000\000\000\000\000\000\000"-"\000\011"-
#129186	REDUCE cov: 1435 ft: 4197 corp: 658/840Kb lim: 12901 exec/s: 3399 rss: 76Mb L: 173/12901 MS: 1 EraseBytes-
#129199	REDUCE cov: 1435 ft: 4197 corp: 658/840Kb lim: 12901 exec/s: 3399 rss: 76Mb L: 41/12901 MS: 3 InsertByte-CMP-EraseBytes- DE: "sRGB"-
#129278	REDUCE cov: 1435 ft: 4197 corp: 658/840Kb lim: 12901 exec/s: 3402 rss: 76Mb L: 3202/12901 MS: 4 PersAutoDict-InsertRepeatedBytes-InsertRepeatedBytes-EraseBytes- DE: "\377\377\377C"-
#130155	REDUCE cov: 1435 ft: 4197 corp: 658/840Kb lim: 12901 exec/s: 3425 rss: 76Mb L: 83/12901 MS: 2 PersAutoDict-EraseBytes- DE: "\003\000\000\000\000\000\000\000"-
#130451	REDUCE cov: 1435 ft: 4197 corp: 658/840Kb lim: 12901 exec/s: 3432 rss: 76Mb L: 843/12901 MS: 1 EraseBytes-
#130862	REDUCE cov: 1435 ft: 4197 corp: 658/839Kb lim: 12901 exec/s: 3355 rss: 76Mb L: 441/12901 MS: 1 CrossOver-
#130925	REDUCE cov: 1435 ft: 4197 corp: 658/839Kb lim: 12901 exec/s: 3357 rss: 76Mb L: 452/12901 MS: 3 EraseBytes-ShuffleBytes-CopyPart-
#130947	REDUCE cov: 1435 ft: 4197 corp: 658/839Kb lim: 12901 exec/s: 3357 rss: 76Mb L: 2772/12901 MS: 2 CopyPart-EraseBytes-
#131039	REDUCE cov: 1435 ft: 4197 corp: 658/839Kb lim: 12901 exec/s: 3359 rss: 76Mb L: 642/12901 MS: 2 ChangeByte-EraseBytes-
#131059	REDUCE cov: 1435 ft: 4197 corp: 658/838Kb lim: 12901 exec/s: 3360 rss: 76Mb L: 3782/12901 MS: 5 ChangeBit-ShuffleBytes-ChangeBit-CMP-EraseBytes- DE: "\221\000"-
#131072	pulse  cov: 1435 ft: 4197 corp: 658/838Kb lim: 12901 exec/s: 3360 rss: 76Mb
#131120	REDUCE cov: 1435 ft: 4198 corp: 659/838Kb lim: 12901 exec/s: 3362 rss: 76Mb L: 135/12901 MS: 1 ChangeBit-
#132071	REDUCE cov: 1435 ft: 4198 corp: 659/838Kb lim: 12901 exec/s: 3386 rss: 76Mb L: 248/12901 MS: 1 EraseBytes-
#132221	REDUCE cov: 1435 ft: 4198 corp: 659/838Kb lim: 12901 exec/s: 3390 rss: 76Mb L: 2825/12901 MS: 5 ChangeBinInt-ShuffleBytes-PersAutoDict-EraseBytes-InsertRepeatedBytes- DE: "\303\000\000\000\000\000\000\000"-
#132347	REDUCE cov: 1435 ft: 4198 corp: 659/838Kb lim: 12901 exec/s: 3393 rss: 76Mb L: 1020/12901 MS: 1 EraseBytes-
#132382	REDUCE cov: 1435 ft: 4198 corp: 659/838Kb lim: 12901 exec/s: 3394 rss: 76Mb L: 3083/12901 MS: 5 CopyPart-CrossOver-PersAutoDict-ChangeBit-EraseBytes- DE: ";\000\000\000"-
#132559	REDUCE cov: 1435 ft: 4198 corp: 659/838Kb lim: 12901 exec/s: 3398 rss: 76Mb L: 137/12901 MS: 2 PersAutoDict-EraseBytes- DE: "\001\000\000\000"-
#132572	NEW    cov: 1436 ft: 4200 corp: 660/838Kb lim: 12901 exec/s: 3399 rss: 76Mb L: 295/12901 MS: 3 ChangeByte-ChangeBinInt-CMP- DE: "pCAL"-
#132608	REDUCE cov: 1436 ft: 4200 corp: 660/838Kb lim: 12901 exec/s: 3400 rss: 76Mb L: 367/12901 MS: 1 EraseBytes-
#133145	REDUCE cov: 1436 ft: 4200 corp: 660/838Kb lim: 12901 exec/s: 3413 rss: 76Mb L: 147/12901 MS: 2 PersAutoDict-EraseBytes- DE: "\001\000\000\000\000\000\000\000"-
#133351	REDUCE cov: 1436 ft: 4200 corp: 660/838Kb lim: 12901 exec/s: 3419 rss: 76Mb L: 1008/12901 MS: 1 EraseBytes-
#133505	REDUCE cov: 1436 ft: 4200 corp: 660/838Kb lim: 12901 exec/s: 3423 rss: 76Mb L: 325/12901 MS: 4 ShuffleBytes-ChangeByte-PersAutoDict-EraseBytes- DE: "\000E"-
#133581	REDUCE cov: 1436 ft: 4200 corp: 660/838Kb lim: 12901 exec/s: 3425 rss: 76Mb L: 136/12901 MS: 1 EraseBytes-
#133972	REDUCE cov: 1436 ft: 4200 corp: 660/838Kb lim: 12901 exec/s: 3435 rss: 76Mb L: 25/12901 MS: 1 EraseBytes-
#134007	REDUCE cov: 1436 ft: 4200 corp: 660/838Kb lim: 12901 exec/s: 3436 rss: 76Mb L: 621/12901 MS: 5 InsertRepeatedBytes-ShuffleBytes-ChangeBit-ChangeBit-EraseBytes-
#134158	NEW    cov: 1438 ft: 4202 corp: 661/838Kb lim: 12901 exec/s: 3353 rss: 76Mb L: 684/12901 MS: 1 CMP- DE: "\002\000"-
#134239	REDUCE cov: 1438 ft: 4202 corp: 661/838Kb lim: 12901 exec/s: 3355 rss: 76Mb L: 1082/12901 MS: 1 CrossOver-
#134726	REDUCE cov: 1438 ft: 4202 corp: 661/837Kb lim: 12901 exec/s: 3368 rss: 76Mb L: 1046/12901 MS: 2 ShuffleBytes-EraseBytes-
#134847	REDUCE cov: 1438 ft: 4202 corp: 661/837Kb lim: 12901 exec/s: 3371 rss: 76Mb L: 403/12901 MS: 1 EraseBytes-
#134860	REDUCE cov: 1438 ft: 4202 corp: 661/837Kb lim: 12901 exec/s: 3371 rss: 76Mb L: 39/12901 MS: 3 PersAutoDict-ChangeByte-EraseBytes- DE: "\000\011"-
#135017	REDUCE cov: 1438 ft: 4202 corp: 661/837Kb lim: 12901 exec/s: 3375 rss: 76Mb L: 4177/12901 MS: 2 ChangeBinInt-EraseBytes-
#135308	REDUCE cov: 1438 ft: 4202 corp: 661/837Kb lim: 12901 exec/s: 3382 rss: 76Mb L: 73/12901 MS: 1 EraseBytes-
#135449	REDUCE cov: 1438 ft: 4202 corp: 661/837Kb lim: 12901 exec/s: 3386 rss: 76Mb L: 1391/12901 MS: 1 EraseBytes-
#135473	NEW    cov: 1438 ft: 4203 corp: 662/838Kb lim: 12901 exec/s: 3386 rss: 76Mb L: 1052/12901 MS: 4 ShuffleBytes-ChangeBinInt-CopyPart-ShuffleBytes-
#135704	REDUCE cov: 1438 ft: 4203 corp: 662/837Kb lim: 12901 exec/s: 3392 rss: 76Mb L: 440/12901 MS: 1 EraseBytes-
#136015	NEW    cov: 1438 ft: 4204 corp: 663/846Kb lim: 12901 exec/s: 3400 rss: 76Mb L: 8831/12901 MS: 1 ChangeByte-
#136286	REDUCE cov: 1438 ft: 4204 corp: 663/846Kb lim: 12901 exec/s: 3407 rss: 76Mb L: 591/12901 MS: 1 EraseBytes-
#136302	REDUCE cov: 1438 ft: 4204 corp: 663/846Kb lim: 12901 exec/s: 3407 rss: 76Mb L: 1044/12901 MS: 1 EraseBytes-
#136849	REDUCE cov: 1438 ft: 4204 corp: 663/846Kb lim: 12901 exec/s: 3421 rss: 76Mb L: 1436/12901 MS: 2 CMP-EraseBytes- DE: "\213\377\377\377"-
#137522	REDUCE cov: 1438 ft: 4204 corp: 663/846Kb lim: 12901 exec/s: 3438 rss: 76Mb L: 489/12901 MS: 3 PersAutoDict-ChangeBinInt-EraseBytes- DE: "iCCP"-
#137584	REDUCE cov: 1438 ft: 4204 corp: 663/846Kb lim: 12901 exec/s: 3439 rss: 76Mb L: 268/12901 MS: 2 InsertRepeatedBytes-EraseBytes-
#137696	REDUCE cov: 1438 ft: 4204 corp: 663/846Kb lim: 12901 exec/s: 3442 rss: 76Mb L: 145/12901 MS: 2 ChangeBinInt-EraseBytes-
#137957	NEW    cov: 1438 ft: 4206 corp: 664/846Kb lim: 12901 exec/s: 3448 rss: 76Mb L: 135/12901 MS: 1 ChangeBit-
#138020	REDUCE cov: 1438 ft: 4206 corp: 664/845Kb lim: 12901 exec/s: 3366 rss: 76Mb L: 7787/12901 MS: 3 ChangeByte-InsertRepeatedBytes-EraseBytes-
#138343	REDUCE cov: 1438 ft: 4206 corp: 664/845Kb lim: 12901 exec/s: 3374 rss: 76Mb L: 3012/12901 MS: 3 InsertRepeatedBytes-PersAutoDict-EraseBytes- DE: "\000\000\000\000\000\000\000\016"-
#138599	REDUCE cov: 1438 ft: 4206 corp: 664/845Kb lim: 12901 exec/s: 3380 rss: 76Mb L: 111/12901 MS: 1 EraseBytes-
#139051	REDUCE cov: 1438 ft: 4206 corp: 664/844Kb lim: 12901 exec/s: 3391 rss: 76Mb L: 754/12901 MS: 2 PersAutoDict-EraseBytes- DE: "\007\000\000\000\000\000\000\000"-
#139452	REDUCE cov: 1438 ft: 4206 corp: 664/844Kb lim: 12901 exec/s: 3401 rss: 76Mb L: 78/12901 MS: 1 EraseBytes-
#139708	REDUCE cov: 1438 ft: 4206 corp: 664/844Kb lim: 12901 exec/s: 3407 rss: 76Mb L: 207/12901 MS: 1 EraseBytes-
#140001	REDUCE cov: 1438 ft: 4206 corp: 664/844Kb lim: 12901 exec/s: 3414 rss: 76Mb L: 115/12901 MS: 3 ChangeByte-ChangeASCIIInt-EraseBytes-
#140492	REDUCE cov: 1438 ft: 4206 corp: 664/844Kb lim: 12901 exec/s: 3426 rss: 76Mb L: 184/12901 MS: 1 EraseBytes-
#140634	REDUCE cov: 1438 ft: 4206 corp: 664/844Kb lim: 12901 exec/s: 3430 rss: 76Mb L: 531/12901 MS: 2 ChangeBit-EraseBytes-
#140969	REDUCE cov: 1438 ft: 4206 corp: 664/844Kb lim: 12901 exec/s: 3438 rss: 76Mb L: 951/12901 MS: 5 ChangeBit-ChangeASCIIInt-ChangeASCIIInt-ChangeByte-EraseBytes-
#141511	REDUCE cov: 1438 ft: 4206 corp: 664/843Kb lim: 12901 exec/s: 3369 rss: 78Mb L: 8696/12901 MS: 2 ChangeByte-EraseBytes-
#141752	REDUCE cov: 1438 ft: 4206 corp: 664/843Kb lim: 12901 exec/s: 3375 rss: 78Mb L: 708/12901 MS: 1 EraseBytes-
#142753	NEW    cov: 1438 ft: 4207 corp: 665/847Kb lim: 12901 exec/s: 3398 rss: 78Mb L: 3423/12901 MS: 1 CrossOver-
#142919	REDUCE cov: 1438 ft: 4207 corp: 665/847Kb lim: 12901 exec/s: 3402 rss: 78Mb L: 41/12901 MS: 1 EraseBytes-
#143380	REDUCE cov: 1438 ft: 4207 corp: 665/847Kb lim: 12901 exec/s: 3413 rss: 78Mb L: 33/12901 MS: 1 EraseBytes-
#143546	REDUCE cov: 1438 ft: 4207 corp: 665/847Kb lim: 12901 exec/s: 3417 rss: 78Mb L: 69/12901 MS: 1 EraseBytes-
#143834	REDUCE cov: 1438 ft: 4207 corp: 665/847Kb lim: 12901 exec/s: 3424 rss: 78Mb L: 191/12901 MS: 3 ChangeASCIIInt-ChangeASCIIInt-EraseBytes-
#144165	REDUCE cov: 1438 ft: 4207 corp: 665/846Kb lim: 12901 exec/s: 3432 rss: 78Mb L: 1584/12901 MS: 1 EraseBytes-
#144387	REDUCE cov: 1438 ft: 4207 corp: 665/845Kb lim: 12901 exec/s: 3437 rss: 78Mb L: 2447/12901 MS: 2 InsertByte-EraseBytes-
#144429	REDUCE cov: 1438 ft: 4207 corp: 665/845Kb lim: 12901 exec/s: 3438 rss: 78Mb L: 277/12901 MS: 2 ChangeASCIIInt-EraseBytes-
#145030	REDUCE cov: 1438 ft: 4207 corp: 665/845Kb lim: 12901 exec/s: 3453 rss: 78Mb L: 2066/12901 MS: 1 EraseBytes-
#145041	NEW    cov: 1438 ft: 4208 corp: 666/845Kb lim: 12901 exec/s: 3453 rss: 78Mb L: 208/12901 MS: 1 ChangeBinInt-
#145112	REDUCE cov: 1438 ft: 4208 corp: 666/845Kb lim: 12901 exec/s: 3455 rss: 78Mb L: 544/12901 MS: 1 EraseBytes-
#145300	REDUCE cov: 1438 ft: 4208 corp: 666/845Kb lim: 12901 exec/s: 3459 rss: 78Mb L: 248/12901 MS: 3 ChangeBit-CopyPart-EraseBytes-
#145713	REDUCE cov: 1438 ft: 4208 corp: 666/845Kb lim: 12901 exec/s: 3388 rss: 78Mb L: 102/12901 MS: 3 ShuffleBytes-ChangeBit-EraseBytes-
#146201	REDUCE cov: 1438 ft: 4208 corp: 666/845Kb lim: 12901 exec/s: 3400 rss: 78Mb L: 593/12901 MS: 3 InsertRepeatedBytes-ChangeBit-EraseBytes-
#146332	NEW    cov: 1439 ft: 4210 corp: 667/854Kb lim: 12901 exec/s: 3403 rss: 78Mb L: 8831/12901 MS: 1 CMP- DE: "sBIT"-
#146375	NEW    cov: 1440 ft: 4211 corp: 668/862Kb lim: 12901 exec/s: 3404 rss: 78Mb L: 8841/12901 MS: 3 InsertByte-InsertByte-PersAutoDict- DE: "\007\000\000\000\000\000\000\000"-
#146416	REDUCE cov: 1440 ft: 4211 corp: 668/862Kb lim: 12901 exec/s: 3405 rss: 78Mb L: 3195/12901 MS: 1 EraseBytes-
#146433	REDUCE cov: 1440 ft: 4211 corp: 668/862Kb lim: 12901 exec/s: 3405 rss: 78Mb L: 849/12901 MS: 2 ChangeByte-EraseBytes-
#146570	REDUCE cov: 1440 ft: 4211 corp: 668/861Kb lim: 12901 exec/s: 3408 rss: 78Mb L: 299/12901 MS: 2 CopyPart-EraseBytes-
#146962	REDUCE cov: 1440 ft: 4211 corp: 668/861Kb lim: 12901 exec/s: 3417 rss: 78Mb L: 100/12901 MS: 2 ChangeBinInt-EraseBytes-
#146973	REDUCE cov: 1440 ft: 4211 corp: 668/861Kb lim: 12901 exec/s: 3417 rss: 78Mb L: 3392/12901 MS: 1 EraseBytes-
#146995	REDUCE cov: 1440 ft: 4211 corp: 668/861Kb lim: 12901 exec/s: 3418 rss: 78Mb L: 119/12901 MS: 2 InsertByte-EraseBytes-
#147012	REDUCE cov: 1440 ft: 4211 corp: 668/861Kb lim: 12901 exec/s: 3418 rss: 78Mb L: 140/12901 MS: 2 PersAutoDict-EraseBytes- DE: "\000\000\000\000\000\000\000\004"-
#147119	REDUCE cov: 1440 ft: 4211 corp: 668/861Kb lim: 12901 exec/s: 3421 rss: 78Mb L: 661/12901 MS: 2 PersAutoDict-EraseBytes- DE: "\001\000\000\000\000\000\000?"-
#147219	REDUCE cov: 1440 ft: 4211 corp: 668/861Kb lim: 12901 exec/s: 3423 rss: 78Mb L: 269/12901 MS: 5 CrossOver-CrossOver-ChangeBinInt-PersAutoDict-EraseBytes- DE: "\025\000\000\000\000\000\000\000"-
#147401	REDUCE cov: 1440 ft: 4211 corp: 668/861Kb lim: 12901 exec/s: 3427 rss: 78Mb L: 431/12901 MS: 2 ChangeASCIIInt-EraseBytes-
#147507	REDUCE cov: 1440 ft: 4211 corp: 668/861Kb lim: 12901 exec/s: 3430 rss: 78Mb L: 947/12901 MS: 1 EraseBytes-
#147924	REDUCE cov: 1440 ft: 4211 corp: 668/861Kb lim: 12901 exec/s: 3440 rss: 78Mb L: 147/12901 MS: 2 InsertByte-EraseBytes-
#148275	REDUCE cov: 1440 ft: 4211 corp: 668/861Kb lim: 12901 exec/s: 3448 rss: 78Mb L: 33/12901 MS: 1 EraseBytes-
#148376	REDUCE cov: 1440 ft: 4211 corp: 668/861Kb lim: 12901 exec/s: 3450 rss: 78Mb L: 130/12901 MS: 1 EraseBytes-
#148377	NEW    cov: 1440 ft: 4212 corp: 669/861Kb lim: 12901 exec/s: 3450 rss: 78Mb L: 146/12901 MS: 1 ChangeBinInt-
#148976	REDUCE cov: 1440 ft: 4212 corp: 669/861Kb lim: 12901 exec/s: 3464 rss: 78Mb L: 32/12901 MS: 4 ChangeByte-ChangeBit-ChangeByte-EraseBytes-
#149008	REDUCE cov: 1440 ft: 4212 corp: 669/861Kb lim: 12901 exec/s: 3465 rss: 78Mb L: 2345/12901 MS: 2 ShuffleBytes-EraseBytes-
#149469	REDUCE cov: 1440 ft: 4212 corp: 669/861Kb lim: 12901 exec/s: 3397 rss: 78Mb L: 843/12901 MS: 1 EraseBytes-
#149486	NEW    cov: 1442 ft: 4214 corp: 670/861Kb lim: 12901 exec/s: 3397 rss: 78Mb L: 201/12901 MS: 2 ChangeBinInt-PersAutoDict- DE: "\013\000\000\000"-
#149491	REDUCE cov: 1442 ft: 4214 corp: 670/860Kb lim: 12901 exec/s: 3397 rss: 78Mb L: 7586/12901 MS: 5 InsertRepeatedBytes-ChangeByte-PersAutoDict-ChangeBit-EraseBytes- DE: "\000\011"-
#149776	REDUCE cov: 1442 ft: 4214 corp: 670/860Kb lim: 12901 exec/s: 3404 rss: 78Mb L: 137/12901 MS: 5 CrossOver-InsertByte-CopyPart-ShuffleBytes-EraseBytes-
#149793	NEW    cov: 1442 ft: 4215 corp: 671/860Kb lim: 12901 exec/s: 3404 rss: 78Mb L: 656/12901 MS: 2 CopyPart-PersAutoDict- DE: "\032\000\000\000\000\000\000\000"-
#149889	REDUCE cov: 1442 ft: 4215 corp: 671/860Kb lim: 12901 exec/s: 3406 rss: 78Mb L: 285/12901 MS: 1 EraseBytes-
#149891	REDUCE cov: 1442 ft: 4215 corp: 671/860Kb lim: 12901 exec/s: 3406 rss: 78Mb L: 438/12901 MS: 2 ChangeASCIIInt-EraseBytes-
#150181	REDUCE cov: 1442 ft: 4215 corp: 671/860Kb lim: 12901 exec/s: 3413 rss: 78Mb L: 169/12901 MS: 5 ChangeBinInt-ShuffleBytes-InsertRepeatedBytes-CMP-EraseBytes- DE: "\000\000\000\000\000\000\000\011"-
#150782	NEW    cov: 1444 ft: 4219 corp: 672/869Kb lim: 12901 exec/s: 3426 rss: 78Mb L: 8831/12901 MS: 1 CopyPart-
#150888	REDUCE cov: 1444 ft: 4219 corp: 672/869Kb lim: 12901 exec/s: 3429 rss: 78Mb L: 147/12901 MS: 1 EraseBytes-
#151131	REDUCE cov: 1444 ft: 4219 corp: 672/869Kb lim: 12901 exec/s: 3434 rss: 78Mb L: 838/12901 MS: 3 InsertByte-EraseBytes-InsertRepeatedBytes-
#151232	REDUCE cov: 1444 ft: 4219 corp: 672/869Kb lim: 12901 exec/s: 3437 rss: 78Mb L: 294/12901 MS: 1 EraseBytes-
#151353	REDUCE cov: 1444 ft: 4219 corp: 672/869Kb lim: 12901 exec/s: 3439 rss: 78Mb L: 573/12901 MS: 1 EraseBytes-
#151425	REDUCE cov: 1444 ft: 4222 corp: 673/870Kb lim: 12901 exec/s: 3441 rss: 78Mb L: 1154/12901 MS: 2 CrossOver-ChangeByte-
#151451	REDUCE cov: 1444 ft: 4222 corp: 673/870Kb lim: 12901 exec/s: 3442 rss: 78Mb L: 84/12901 MS: 1 EraseBytes-
#151509	REDUCE cov: 1444 ft: 4222 corp: 673/870Kb lim: 12901 exec/s: 3443 rss: 78Mb L: 150/12901 MS: 3 CopyPart-ChangeASCIIInt-EraseBytes-
#151851	REDUCE cov: 1444 ft: 4222 corp: 673/869Kb lim: 12901 exec/s: 3451 rss: 78Mb L: 2207/12901 MS: 2 PersAutoDict-EraseBytes- DE: "\302\000\000\000\000\000\000\000"-
#152362	REDUCE cov: 1444 ft: 4222 corp: 673/869Kb lim: 12901 exec/s: 3462 rss: 78Mb L: 1056/12901 MS: 1 EraseBytes-
#152918	REDUCE cov: 1444 ft: 4223 corp: 674/869Kb lim: 12901 exec/s: 3398 rss: 78Mb L: 712/12901 MS: 1 PersAutoDict- DE: "bKGD"-
#152924	REDUCE cov: 1444 ft: 4223 corp: 674/869Kb lim: 12901 exec/s: 3398 rss: 78Mb L: 1282/12901 MS: 1 EraseBytes-
#153140	REDUCE cov: 1444 ft: 4223 corp: 674/869Kb lim: 12901 exec/s: 3403 rss: 78Mb L: 105/12901 MS: 1 EraseBytes-
#153381	REDUCE cov: 1444 ft: 4223 corp: 674/869Kb lim: 12901 exec/s: 3408 rss: 78Mb L: 631/12901 MS: 1 EraseBytes-
#153562	REDUCE cov: 1444 ft: 4224 corp: 675/869Kb lim: 12901 exec/s: 3412 rss: 78Mb L: 234/12901 MS: 1 ChangeByte-
#153663	REDUCE cov: 1444 ft: 4224 corp: 675/869Kb lim: 12901 exec/s: 3414 rss: 78Mb L: 251/12901 MS: 1 EraseBytes-
#153763	REDUCE cov: 1444 ft: 4224 corp: 675/868Kb lim: 12901 exec/s: 3416 rss: 78Mb L: 6242/12901 MS: 5 ShuffleBytes-ChangeBinInt-ChangeBinInt-CMP-EraseBytes- DE: "\001\000\000\000\000\000\000\303"-
#154028	REDUCE cov: 1444 ft: 4224 corp: 675/867Kb lim: 12901 exec/s: 3422 rss: 78Mb L: 5928/12901 MS: 5 CopyPart-InsertByte-CrossOver-ChangeBit-EraseBytes-
#154321	REDUCE cov: 1444 ft: 4224 corp: 675/867Kb lim: 12901 exec/s: 3429 rss: 78Mb L: 448/12901 MS: 3 PersAutoDict-ChangeBinInt-EraseBytes- DE: "\007\000\000\000\000\000\000\000"-
#154459	REDUCE cov: 1444 ft: 4224 corp: 675/867Kb lim: 12901 exec/s: 3432 rss: 78Mb L: 1297/12901 MS: 3 ChangeBinInt-ChangeASCIIInt-EraseBytes-
#154740	REDUCE cov: 1444 ft: 4224 corp: 675/867Kb lim: 12901 exec/s: 3438 rss: 78Mb L: 187/12901 MS: 1 EraseBytes-
#154886	REDUCE cov: 1444 ft: 4224 corp: 675/867Kb lim: 12901 exec/s: 3441 rss: 78Mb L: 230/12901 MS: 1 EraseBytes-
#155066	REDUCE cov: 1444 ft: 4224 corp: 675/867Kb lim: 12901 exec/s: 3445 rss: 78Mb L: 5174/12901 MS: 5 PersAutoDict-InsertRepeatedBytes-PersAutoDict-PersAutoDict-EraseBytes- DE: "\377\377\377\377"-"\377\377\377\377\377\377\377\027"-"\000\000\000\000\000\000\000\004"-
#155355	REDUCE cov: 1444 ft: 4224 corp: 675/867Kb lim: 12901 exec/s: 3452 rss: 78Mb L: 125/12901 MS: 4 CMP-InsertRepeatedBytes-ShuffleBytes-EraseBytes- DE: "sBIT"-
#155603	REDUCE cov: 1444 ft: 4224 corp: 675/867Kb lim: 12901 exec/s: 3457 rss: 78Mb L: 188/12901 MS: 3 CopyPart-PersAutoDict-EraseBytes- DE: "\001z"-
#155885	REDUCE cov: 1444 ft: 4224 corp: 675/867Kb lim: 12901 exec/s: 3464 rss: 78Mb L: 79/12901 MS: 2 ChangeBinInt-EraseBytes-
#156031	REDUCE cov: 1444 ft: 4224 corp: 675/867Kb lim: 12901 exec/s: 3467 rss: 78Mb L: 58/12901 MS: 1 EraseBytes-
#156147	REDUCE cov: 1444 ft: 4224 corp: 675/866Kb lim: 12901 exec/s: 3469 rss: 78Mb L: 911/12901 MS: 1 EraseBytes-
#156159	REDUCE cov: 1444 ft: 4224 corp: 675/866Kb lim: 12901 exec/s: 3470 rss: 78Mb L: 236/12901 MS: 2 ChangeASCIIInt-EraseBytes-
#156250	REDUCE cov: 1444 ft: 4224 corp: 675/866Kb lim: 12901 exec/s: 3472 rss: 78Mb L: 155/12901 MS: 1 EraseBytes-
#156397	REDUCE cov: 1444 ft: 4224 corp: 675/866Kb lim: 12901 exec/s: 3399 rss: 78Mb L: 262/12901 MS: 2 ChangeByte-EraseBytes-
#156413	REDUCE cov: 1444 ft: 4224 corp: 675/866Kb lim: 12901 exec/s: 3400 rss: 78Mb L: 33/12901 MS: 1 EraseBytes-
#156454	REDUCE cov: 1444 ft: 4224 corp: 675/866Kb lim: 12901 exec/s: 3401 rss: 78Mb L: 2233/12901 MS: 1 EraseBytes-
#156849	REDUCE cov: 1444 ft: 4224 corp: 675/864Kb lim: 12901 exec/s: 3409 rss: 78Mb L: 5021/12901 MS: 5 PersAutoDict-ShuffleBytes-ChangeASCIIInt-ShuffleBytes-EraseBytes- DE: "\000\000\000\000\000\000\000\034"-
#156955	REDUCE cov: 1444 ft: 4224 corp: 675/864Kb lim: 12901 exec/s: 3412 rss: 78Mb L: 96/12901 MS: 1 EraseBytes-
#156957	REDUCE cov: 1444 ft: 4224 corp: 675/864Kb lim: 12901 exec/s: 3412 rss: 78Mb L: 136/12901 MS: 2 CopyPart-EraseBytes-
#157024	REDUCE cov: 1444 ft: 4224 corp: 675/864Kb lim: 12901 exec/s: 3413 rss: 78Mb L: 54/12901 MS: 2 ChangeBit-EraseBytes-
#157116	REDUCE cov: 1444 ft: 4224 corp: 675/864Kb lim: 12901 exec/s: 3415 rss: 78Mb L: 29/12901 MS: 2 ChangeByte-EraseBytes-
#157242	REDUCE cov: 1444 ft: 4224 corp: 675/864Kb lim: 12901 exec/s: 3418 rss: 78Mb L: 1171/12901 MS: 1 EraseBytes-
#157724	REDUCE cov: 1444 ft: 4224 corp: 675/864Kb lim: 12901 exec/s: 3428 rss: 78Mb L: 443/12901 MS: 2 CrossOver-EraseBytes-
#158095	REDUCE cov: 1444 ft: 4225 corp: 676/864Kb lim: 12901 exec/s: 3436 rss: 78Mb L: 380/12901 MS: 1 EraseBytes-
#158177	REDUCE cov: 1444 ft: 4225 corp: 676/864Kb lim: 12901 exec/s: 3438 rss: 78Mb L: 349/12901 MS: 2 PersAutoDict-EraseBytes- DE: "\025\000"-
#158368	REDUCE cov: 1444 ft: 4225 corp: 676/864Kb lim: 12901 exec/s: 3442 rss: 78Mb L: 671/12901 MS: 1 EraseBytes-
#158595	REDUCE cov: 1444 ft: 4225 corp: 676/864Kb lim: 12901 exec/s: 3447 rss: 78Mb L: 2205/12901 MS: 2 PersAutoDict-EraseBytes- DE: "\000\000\000\031"-
#158604	REDUCE cov: 1444 ft: 4225 corp: 676/864Kb lim: 12901 exec/s: 3447 rss: 78Mb L: 283/12901 MS: 4 ChangeBit-PersAutoDict-ChangeASCIIInt-EraseBytes- DE: "J\377\377\377"-
#158680	REDUCE cov: 1444 ft: 4225 corp: 676/863Kb lim: 12901 exec/s: 3449 rss: 78Mb L: 2103/12901 MS: 1 EraseBytes-
#159037	REDUCE cov: 1445 ft: 4226 corp: 677/863Kb lim: 12901 exec/s: 3457 rss: 78Mb L: 948/12901 MS: 2 ChangeBit-CopyPart-
#160029	REDUCE cov: 1445 ft: 4226 corp: 677/863Kb lim: 12901 exec/s: 3478 rss: 78Mb L: 4077/12901 MS: 2 ChangeASCIIInt-EraseBytes-
#160080	REDUCE cov: 1445 ft: 4226 corp: 677/862Kb lim: 12901 exec/s: 3480 rss: 78Mb L: 562/12901 MS: 1 EraseBytes-
#160271	REDUCE cov: 1445 ft: 4226 corp: 677/862Kb lim: 12901 exec/s: 3410 rss: 78Mb L: 256/12901 MS: 1 EraseBytes-
#160577	REDUCE cov: 1445 ft: 4226 corp: 677/862Kb lim: 12901 exec/s: 3416 rss: 78Mb L: 803/12901 MS: 1 EraseBytes-
#160679	REDUCE cov: 1445 ft: 4226 corp: 677/862Kb lim: 12901 exec/s: 3418 rss: 78Mb L: 291/12901 MS: 2 CrossOver-EraseBytes-
#160976	REDUCE cov: 1445 ft: 4226 corp: 677/862Kb lim: 12901 exec/s: 3425 rss: 78Mb L: 260/12901 MS: 2 ChangeASCIIInt-EraseBytes-
#161049	REDUCE cov: 1445 ft: 4226 corp: 677/862Kb lim: 12901 exec/s: 3426 rss: 78Mb L: 152/12901 MS: 3 ChangeBit-InsertRepeatedBytes-EraseBytes-
#161425	REDUCE cov: 1445 ft: 4226 corp: 677/862Kb lim: 12901 exec/s: 3434 rss: 78Mb L: 83/12901 MS: 1 EraseBytes-
#161767	REDUCE cov: 1445 ft: 4226 corp: 677/862Kb lim: 12901 exec/s: 3441 rss: 78Mb L: 409/12901 MS: 2 ChangeByte-EraseBytes-
#162156	REDUCE cov: 1445 ft: 4226 corp: 677/862Kb lim: 12901 exec/s: 3450 rss: 78Mb L: 264/12901 MS: 4 PersAutoDict-ChangeBinInt-CMP-EraseBytes- DE: "\376\377\377\377"-"\023\000\000\000\000\000\000\000"-
#162272	REDUCE cov: 1445 ft: 4226 corp: 677/862Kb lim: 12901 exec/s: 3452 rss: 78Mb L: 619/12901 MS: 1 EraseBytes-
#162765	REDUCE cov: 1445 ft: 4226 corp: 677/862Kb lim: 12901 exec/s: 3463 rss: 78Mb L: 121/12901 MS: 3 ChangeASCIIInt-ShuffleBytes-EraseBytes-
#162891	REDUCE cov: 1445 ft: 4226 corp: 677/862Kb lim: 12901 exec/s: 3465 rss: 78Mb L: 296/12901 MS: 1 EraseBytes-
#162892	REDUCE cov: 1445 ft: 4226 corp: 677/862Kb lim: 12901 exec/s: 3465 rss: 78Mb L: 2619/12901 MS: 1 EraseBytes-
#162938	REDUCE cov: 1445 ft: 4226 corp: 677/861Kb lim: 12901 exec/s: 3466 rss: 78Mb L: 1327/12901 MS: 1 EraseBytes-
#163069	REDUCE cov: 1445 ft: 4226 corp: 677/861Kb lim: 12901 exec/s: 3469 rss: 78Mb L: 218/12901 MS: 1 EraseBytes-
#163074	REDUCE cov: 1445 ft: 4226 corp: 677/861Kb lim: 12901 exec/s: 3469 rss: 78Mb L: 251/12901 MS: 5 ShuffleBytes-InsertByte-ChangeASCIIInt-ChangeBit-EraseBytes-
#163601	REDUCE cov: 1445 ft: 4226 corp: 677/861Kb lim: 12901 exec/s: 3480 rss: 78Mb L: 191/12901 MS: 2 ChangeASCIIInt-EraseBytes-
#163973	REDUCE cov: 1445 ft: 4226 corp: 677/861Kb lim: 12901 exec/s: 3488 rss: 78Mb L: 94/12901 MS: 2 ChangeBit-EraseBytes-
#164144	REDUCE cov: 1445 ft: 4226 corp: 677/861Kb lim: 12901 exec/s: 3492 rss: 78Mb L: 123/12901 MS: 1 EraseBytes-
#164765	REDUCE cov: 1445 ft: 4226 corp: 677/861Kb lim: 12901 exec/s: 3432 rss: 78Mb L: 98/12901 MS: 1 EraseBytes-
#165086	REDUCE cov: 1445 ft: 4226 corp: 677/861Kb lim: 12901 exec/s: 3439 rss: 78Mb L: 45/12901 MS: 1 EraseBytes-
#165087	REDUCE cov: 1445 ft: 4226 corp: 677/861Kb lim: 12901 exec/s: 3439 rss: 78Mb L: 25/12901 MS: 1 EraseBytes-
#165106	REDUCE cov: 1445 ft: 4226 corp: 677/861Kb lim: 12901 exec/s: 3439 rss: 78Mb L: 430/12901 MS: 4 CMP-PersAutoDict-CopyPart-EraseBytes- DE: "\001\000\000#"-"LTca"-
#165242	REDUCE cov: 1445 ft: 4226 corp: 677/861Kb lim: 12901 exec/s: 3442 rss: 78Mb L: 470/12901 MS: 1 EraseBytes-
#165293	REDUCE cov: 1445 ft: 4226 corp: 677/861Kb lim: 12901 exec/s: 3443 rss: 78Mb L: 50/12901 MS: 1 EraseBytes-
#165308	REDUCE cov: 1445 ft: 4226 corp: 677/859Kb lim: 12901 exec/s: 3443 rss: 78Mb L: 2261/12901 MS: 5 PersAutoDict-ChangeASCIIInt-InsertRepeatedBytes-PersAutoDict-EraseBytes- DE: "\001\000\000\000\000\000\0000"-"{\000\000\000"-
#165449	REDUCE cov: 1445 ft: 4226 corp: 677/859Kb lim: 12901 exec/s: 3446 rss: 78Mb L: 632/12901 MS: 1 EraseBytes-
#165680	REDUCE cov: 1445 ft: 4226 corp: 677/859Kb lim: 12901 exec/s: 3451 rss: 78Mb L: 2027/12901 MS: 1 EraseBytes-
#165840	NEW    cov: 1445 ft: 4227 corp: 678/867Kb lim: 12901 exec/s: 3455 rss: 78Mb L: 8678/12901 MS: 5 ChangeASCIIInt-CMP-ChangeASCIIInt-ChangeASCIIInt-PersAutoDict- DE: "\001\000\000\000\377\377\377\377"-"eXIf"-
#165899	REDUCE cov: 1445 ft: 4227 corp: 678/867Kb lim: 12901 exec/s: 3456 rss: 78Mb L: 32/12901 MS: 4 PersAutoDict-PersAutoDict-ChangeBinInt-EraseBytes- DE: "`\000"-"\001\000\000\000\000\000\002\020"-
#166228	REDUCE cov: 1445 ft: 4227 corp: 678/867Kb lim: 12901 exec/s: 3463 rss: 78Mb L: 138/12901 MS: 4 ChangeBit-ChangeASCIIInt-ChangeASCIIInt-EraseBytes-
#166701	REDUCE cov: 1445 ft: 4227 corp: 678/867Kb lim: 12901 exec/s: 3472 rss: 78Mb L: 478/12901 MS: 3 ChangeByte-ShuffleBytes-EraseBytes-
#166907	REDUCE cov: 1445 ft: 4227 corp: 678/867Kb lim: 12901 exec/s: 3477 rss: 78Mb L: 307/12901 MS: 1 EraseBytes-
#167083	NEW    cov: 1445 ft: 4228 corp: 679/867Kb lim: 12901 exec/s: 3480 rss: 78Mb L: 278/12901 MS: 1 ChangeBinInt-
#167174	REDUCE cov: 1445 ft: 4228 corp: 679/867Kb lim: 12901 exec/s: 3482 rss: 78Mb L: 180/12901 MS: 1 EraseBytes-
#167176	REDUCE cov: 1445 ft: 4228 corp: 679/867Kb lim: 12901 exec/s: 3482 rss: 78Mb L: 634/12901 MS: 2 ChangeBit-EraseBytes-
#167241	REDUCE cov: 1445 ft: 4228 corp: 679/866Kb lim: 12901 exec/s: 3484 rss: 78Mb L: 869/12901 MS: 5 InsertRepeatedBytes-InsertByte-CMP-ChangeBit-EraseBytes- DE: "\010\000\000\000\000\000\000\000"-
#167444	REDUCE cov: 1445 ft: 4229 corp: 680/867Kb lim: 12901 exec/s: 3488 rss: 78Mb L: 413/12901 MS: 3 ChangeBit-ChangeByte-CopyPart-
#168288	REDUCE cov: 1445 ft: 4229 corp: 680/867Kb lim: 12901 exec/s: 3506 rss: 78Mb L: 264/12901 MS: 4 CrossOver-ShuffleBytes-ChangeBit-EraseBytes-
#168565	REDUCE cov: 1445 ft: 4229 corp: 680/867Kb lim: 12901 exec/s: 3440 rss: 78Mb L: 512/12901 MS: 2 ChangeByte-EraseBytes-
#168701	REDUCE cov: 1445 ft: 4229 corp: 680/867Kb lim: 12901 exec/s: 3442 rss: 78Mb L: 285/12901 MS: 1 EraseBytes-
#168912	REDUCE cov: 1445 ft: 4229 corp: 680/867Kb lim: 12901 exec/s: 3447 rss: 78Mb L: 622/12901 MS: 1 EraseBytes-
#168943	REDUCE cov: 1445 ft: 4229 corp: 680/866Kb lim: 12901 exec/s: 3447 rss: 78Mb L: 103/12901 MS: 1 EraseBytes-
#168989	REDUCE cov: 1445 ft: 4229 corp: 680/866Kb lim: 12901 exec/s: 3448 rss: 78Mb L: 253/12901 MS: 1 EraseBytes-
#169498	REDUCE cov: 1445 ft: 4229 corp: 680/866Kb lim: 12901 exec/s: 3459 rss: 78Mb L: 1452/12901 MS: 4 EraseBytes-InsertByte-ShuffleBytes-CopyPart-
#169814	REDUCE cov: 1445 ft: 4229 corp: 680/866Kb lim: 12901 exec/s: 3465 rss: 78Mb L: 261/12901 MS: 1 EraseBytes-
#169890	REDUCE cov: 1445 ft: 4229 corp: 680/866Kb lim: 12901 exec/s: 3467 rss: 78Mb L: 79/12901 MS: 1 EraseBytes-
#170452	NEW    cov: 1448 ft: 4236 corp: 681/867Kb lim: 12901 exec/s: 3478 rss: 78Mb L: 325/12901 MS: 2 ChangeBinInt-ChangeBit-
#170518	NEW    cov: 1448 ft: 4256 corp: 682/867Kb lim: 12901 exec/s: 3479 rss: 78Mb L: 448/12901 MS: 1 CopyPart-
#170692	REDUCE cov: 1448 ft: 4256 corp: 682/867Kb lim: 12901 exec/s: 3483 rss: 78Mb L: 516/12901 MS: 4 ChangeASCIIInt-ShuffleBytes-CMP-EraseBytes- DE: "pHYs"-
#171265	REDUCE cov: 1448 ft: 4256 corp: 682/867Kb lim: 12901 exec/s: 3495 rss: 78Mb L: 8600/12901 MS: 3 CrossOver-ChangeASCIIInt-EraseBytes-
#171336	REDUCE cov: 1448 ft: 4256 corp: 682/867Kb lim: 12901 exec/s: 3496 rss: 78Mb L: 295/12901 MS: 1 EraseBytes-
#171477	NEW    cov: 1448 ft: 4258 corp: 683/867Kb lim: 12901 exec/s: 3499 rss: 78Mb L: 448/12901 MS: 1 ChangeASCIIInt-
#171525	REDUCE cov: 1448 ft: 4258 corp: 683/867Kb lim: 12901 exec/s: 3500 rss: 78Mb L: 128/12901 MS: 3 CMP-ShuffleBytes-EraseBytes- DE: "mDCV"-
#171856	REDUCE cov: 1448 ft: 4258 corp: 683/867Kb lim: 12901 exec/s: 3507 rss: 78Mb L: 235/12901 MS: 1 EraseBytes-
#172377	REDUCE cov: 1448 ft: 4258 corp: 683/867Kb lim: 12901 exec/s: 3447 rss: 78Mb L: 18/12901 MS: 1 EraseBytes-
#172426	REDUCE cov: 1448 ft: 4258 corp: 683/867Kb lim: 12901 exec/s: 3448 rss: 78Mb L: 2712/12901 MS: 4 CopyPart-ChangeBit-InsertRepeatedBytes-EraseBytes-
#172542	REDUCE cov: 1448 ft: 4258 corp: 683/867Kb lim: 12901 exec/s: 3450 rss: 78Mb L: 863/12901 MS: 1 EraseBytes-
#172639	REDUCE cov: 1448 ft: 4258 corp: 683/867Kb lim: 12901 exec/s: 3452 rss: 78Mb L: 74/12901 MS: 2 CrossOver-EraseBytes-
#172931	REDUCE cov: 1448 ft: 4258 corp: 683/867Kb lim: 12901 exec/s: 3458 rss: 78Mb L: 8656/12901 MS: 2 CMP-EraseBytes- DE: "\001\000\000\000\000\000\000\303"-
#173372	REDUCE cov: 1448 ft: 4258 corp: 683/867Kb lim: 12901 exec/s: 3467 rss: 78Mb L: 883/12901 MS: 1 EraseBytes-
#173820	REDUCE cov: 1448 ft: 4258 corp: 683/867Kb lim: 12901 exec/s: 3476 rss: 78Mb L: 865/12901 MS: 3 ShuffleBytes-ChangeBinInt-EraseBytes-
#174176	REDUCE cov: 1448 ft: 4258 corp: 683/867Kb lim: 12901 exec/s: 3483 rss: 78Mb L: 235/12901 MS: 1 EraseBytes-
#174245	REDUCE cov: 1448 ft: 4258 corp: 683/867Kb lim: 12901 exec/s: 3484 rss: 78Mb L: 1465/12901 MS: 4 CMP-InsertByte-ChangeBinInt-EraseBytes- DE: "oFFs"-
#174372	REDUCE cov: 1448 ft: 4258 corp: 683/865Kb lim: 12901 exec/s: 3487 rss: 78Mb L: 6428/12901 MS: 2 CrossOver-EraseBytes-
#174656	REDUCE cov: 1448 ft: 4258 corp: 683/865Kb lim: 12901 exec/s: 3493 rss: 78Mb L: 260/12901 MS: 4 InsertByte-PersAutoDict-ChangeBit-EraseBytes- DE: "\377\377\377\377\377\377\377\027"-
#174658	REDUCE cov: 1448 ft: 4258 corp: 683/865Kb lim: 12901 exec/s: 3493 rss: 78Mb L: 264/12901 MS: 2 InsertRepeatedBytes-EraseBytes-
#174743	REDUCE cov: 1448 ft: 4258 corp: 683/864Kb lim: 12901 exec/s: 3494 rss: 78Mb L: 297/12901 MS: 5 ChangeBinInt-ChangeBinInt-PersAutoDict-CopyPart-EraseBytes- DE: "iTXt"-
#174916	REDUCE cov: 1448 ft: 4258 corp: 683/864Kb lim: 12901 exec/s: 3498 rss: 78Mb L: 390/12901 MS: 3 CopyPart-InsertByte-EraseBytes-
#175095	REDUCE cov: 1448 ft: 4258 corp: 683/864Kb lim: 12901 exec/s: 3501 rss: 78Mb L: 859/12901 MS: 4 CrossOver-CrossOver-EraseBytes-CrossOver-
#175221	REDUCE cov: 1448 ft: 4258 corp: 683/864Kb lim: 12901 exec/s: 3504 rss: 78Mb L: 5125/12901 MS: 1 EraseBytes-
#175352	REDUCE cov: 1448 ft: 4258 corp: 683/864Kb lim: 12901 exec/s: 3507 rss: 78Mb L: 95/12901 MS: 1 EraseBytes-
#175432	REDUCE cov: 1448 ft: 4258 corp: 683/864Kb lim: 12901 exec/s: 3508 rss: 78Mb L: 4492/12901 MS: 5 ChangeBit-InsertByte-ShuffleBytes-ChangeBinInt-EraseBytes-
#175865	REDUCE cov: 1448 ft: 4258 corp: 683/864Kb lim: 12901 exec/s: 3517 rss: 78Mb L: 1975/12901 MS: 3 ChangeBinInt-ChangeByte-EraseBytes-
#176306	NEW    cov: 1448 ft: 4259 corp: 684/873Kb lim: 12901 exec/s: 3456 rss: 78Mb L: 8839/12901 MS: 1 CMP- DE: "\010\000\000\000\000\000\000\000"-
#176317	REDUCE cov: 1448 ft: 4259 corp: 684/872Kb lim: 12901 exec/s: 3457 rss: 78Mb L: 472/12901 MS: 1 EraseBytes-
#176639	REDUCE cov: 1448 ft: 4259 corp: 684/872Kb lim: 12901 exec/s: 3463 rss: 78Mb L: 144/12901 MS: 2 ChangeBit-EraseBytes-
#176911	REDUCE cov: 1448 ft: 4259 corp: 684/872Kb lim: 12901 exec/s: 3468 rss: 78Mb L: 810/12901 MS: 2 ShuffleBytes-EraseBytes-
#177178	REDUCE cov: 1448 ft: 4259 corp: 684/872Kb lim: 12901 exec/s: 3474 rss: 78Mb L: 938/12901 MS: 2 ChangeBit-EraseBytes-
#177577	REDUCE cov: 1448 ft: 4259 corp: 684/872Kb lim: 12901 exec/s: 3481 rss: 78Mb L: 158/12901 MS: 4 ChangeASCIIInt-ChangeByte-ChangeBinInt-EraseBytes-
#177669	REDUCE cov: 1448 ft: 4259 corp: 684/872Kb lim: 12901 exec/s: 3483 rss: 78Mb L: 784/12901 MS: 2 ChangeASCIIInt-EraseBytes-
#177800	REDUCE cov: 1448 ft: 4260 corp: 685/874Kb lim: 12901 exec/s: 3486 rss: 78Mb L: 2630/12901 MS: 1 CopyPart-
#177838	REDUCE cov: 1448 ft: 4260 corp: 685/874Kb lim: 12901 exec/s: 3487 rss: 78Mb L: 245/12901 MS: 3 PersAutoDict-ChangeByte-EraseBytes- DE: "eXIf"-
#177849	REDUCE cov: 1448 ft: 4261 corp: 686/874Kb lim: 12901 exec/s: 3487 rss: 78Mb L: 125/12901 MS: 1 CMP- DE: "\304\000\000\000\000\000\000\000"-
#177992	REDUCE cov: 1448 ft: 4261 corp: 686/874Kb lim: 12901 exec/s: 3490 rss: 78Mb L: 52/12901 MS: 3 ShuffleBytes-InsertByte-EraseBytes-
#178009	REDUCE cov: 1448 ft: 4261 corp: 686/874Kb lim: 12901 exec/s: 3490 rss: 78Mb L: 20/12901 MS: 2 ChangeASCIIInt-EraseBytes-
#178138	REDUCE cov: 1448 ft: 4261 corp: 686/874Kb lim: 12901 exec/s: 3492 rss: 78Mb L: 1825/12901 MS: 4 InsertByte-ChangeASCIIInt-ChangeBinInt-EraseBytes-
#178143	NEW    cov: 1449 ft: 4262 corp: 687/874Kb lim: 12901 exec/s: 3493 rss: 78Mb L: 210/12901 MS: 5 PersAutoDict-EraseBytes-ChangeBinInt-ChangeByte-ChangeBinInt- DE: "\366\000\000\000\000\000\000\000"-
#178199	REDUCE cov: 1449 ft: 4262 corp: 687/874Kb lim: 12901 exec/s: 3494 rss: 78Mb L: 599/12901 MS: 1 EraseBytes-
#178685	REDUCE cov: 1449 ft: 4262 corp: 687/874Kb lim: 12901 exec/s: 3503 rss: 78Mb L: 696/12901 MS: 1 EraseBytes-
#178821	REDUCE cov: 1449 ft: 4262 corp: 687/874Kb lim: 12901 exec/s: 3506 rss: 78Mb L: 2654/12901 MS: 1 EraseBytes-
#179026	REDUCE cov: 1449 ft: 4262 corp: 687/874Kb lim: 12901 exec/s: 3510 rss: 78Mb L: 253/12901 MS: 5 CopyPart-ChangeByte-EraseBytes-ChangeASCIIInt-EraseBytes-
#179311	REDUCE cov: 1449 ft: 4262 corp: 687/874Kb lim: 12901 exec/s: 3515 rss: 78Mb L: 742/12901 MS: 5 ChangeASCIIInt-ChangeBit-ChangeBit-EraseBytes-InsertByte-
#179969	REDUCE cov: 1449 ft: 4262 corp: 687/873Kb lim: 12901 exec/s: 3460 rss: 78Mb L: 442/12901 MS: 3 ChangeByte-ChangeBit-EraseBytes-
#180053	REDUCE cov: 1449 ft: 4262 corp: 687/872Kb lim: 12901 exec/s: 3462 rss: 78Mb L: 4743/12901 MS: 4 ChangeBit-InsertByte-PersAutoDict-EraseBytes- DE: "\377\377\377\377\377\377\377\006"-
#180286	REDUCE cov: 1449 ft: 4262 corp: 687/872Kb lim: 12901 exec/s: 3467 rss: 78Mb L: 67/12901 MS: 3 ChangeByte-ChangeASCIIInt-EraseBytes-
#180317	REDUCE cov: 1449 ft: 4262 corp: 687/872Kb lim: 12901 exec/s: 3467 rss: 78Mb L: 28/12901 MS: 1 EraseBytes-
#180320	NEW    cov: 1449 ft: 4264 corp: 688/875Kb lim: 12901 exec/s: 3467 rss: 78Mb L: 2850/12901 MS: 3 ChangeBit-PersAutoDict-CMP- DE: "\377\377\377\377\377\377\377\007"-"\017\000"-
#180456	NEW    cov: 1449 ft: 4265 corp: 689/875Kb lim: 12901 exec/s: 3470 rss: 78Mb L: 448/12901 MS: 1 ChangeASCIIInt-
#180533	REDUCE cov: 1449 ft: 4265 corp: 689/874Kb lim: 12901 exec/s: 3471 rss: 78Mb L: 4044/12901 MS: 2 InsertByte-EraseBytes-
#180615	REDUCE cov: 1449 ft: 4265 corp: 689/873Kb lim: 12901 exec/s: 3473 rss: 78Mb L: 2105/12901 MS: 2 ChangeBit-EraseBytes-
#180821	REDUCE cov: 1449 ft: 4265 corp: 689/873Kb lim: 12901 exec/s: 3477 rss: 78Mb L: 68/12901 MS: 1 EraseBytes-
#181147	REDUCE cov: 1449 ft: 4266 corp: 690/874Kb lim: 12901 exec/s: 3483 rss: 78Mb L: 512/12901 MS: 1 ChangeBit-
#181153	REDUCE cov: 1449 ft: 4266 corp: 690/874Kb lim: 12901 exec/s: 3483 rss: 78Mb L: 22/12901 MS: 1 EraseBytes-
#181939	REDUCE cov: 1449 ft: 4266 corp: 690/874Kb lim: 12901 exec/s: 3498 rss: 78Mb L: 310/12901 MS: 1 EraseBytes-
#182003	REDUCE cov: 1449 ft: 4266 corp: 690/873Kb lim: 12901 exec/s: 3500 rss: 78Mb L: 842/12901 MS: 4 InsertRepeatedBytes-ChangeASCIIInt-ChangeBit-EraseBytes-
#182202	REDUCE cov: 1449 ft: 4266 corp: 690/873Kb lim: 12901 exec/s: 3503 rss: 78Mb L: 852/12901 MS: 4 InsertRepeatedBytes-InsertRepeatedBytes-ChangeByte-EraseBytes-
#182368	REDUCE cov: 1449 ft: 4266 corp: 690/873Kb lim: 12901 exec/s: 3507 rss: 78Mb L: 341/12901 MS: 1 EraseBytes-
#182523	REDUCE cov: 1449 ft: 4266 corp: 690/873Kb lim: 12901 exec/s: 3510 rss: 78Mb L: 265/12901 MS: 5 ChangeASCIIInt-PersAutoDict-ShuffleBytes-CopyPart-EraseBytes- DE: "iCCP"-
#182686	REDUCE cov: 1449 ft: 4266 corp: 690/872Kb lim: 12901 exec/s: 3513 rss: 78Mb L: 3249/12901 MS: 3 ChangeBit-PersAutoDict-EraseBytes- DE: "\304\000\000\000\000\000\000\000"-
#183003	REDUCE cov: 1449 ft: 4266 corp: 690/872Kb lim: 12901 exec/s: 3519 rss: 78Mb L: 40/12901 MS: 2 ChangeBit-EraseBytes-
#183089	REDUCE cov: 1449 ft: 4266 corp: 690/872Kb lim: 12901 exec/s: 3520 rss: 78Mb L: 65/12901 MS: 1 EraseBytes-
#183135	REDUCE cov: 1449 ft: 4266 corp: 690/872Kb lim: 12901 exec/s: 3521 rss: 78Mb L: 46/12901 MS: 1 EraseBytes-
#183217	REDUCE cov: 1449 ft: 4266 corp: 690/872Kb lim: 12901 exec/s: 3523 rss: 78Mb L: 107/12901 MS: 2 ChangeByte-EraseBytes-
#183463	REDUCE cov: 1449 ft: 4266 corp: 690/872Kb lim: 12901 exec/s: 3528 rss: 78Mb L: 222/12901 MS: 1 EraseBytes-
#183604	REDUCE cov: 1449 ft: 4266 corp: 690/872Kb lim: 12901 exec/s: 3464 rss: 78Mb L: 176/12901 MS: 1 EraseBytes-
#183763	REDUCE cov: 1449 ft: 4266 corp: 690/872Kb lim: 12901 exec/s: 3467 rss: 78Mb L: 2795/12901 MS: 4 InsertByte-ChangeBit-InsertRepeatedBytes-CrossOver-
#183801	REDUCE cov: 1449 ft: 4266 corp: 690/872Kb lim: 12901 exec/s: 3467 rss: 78Mb L: 355/12901 MS: 3 CopyPart-PersAutoDict-EraseBytes- DE: "\001\000\000\000\000\000\000\026"-
#183867	REDUCE cov: 1449 ft: 4266 corp: 690/871Kb lim: 12901 exec/s: 3469 rss: 78Mb L: 477/12901 MS: 1 EraseBytes-
#184219	REDUCE cov: 1449 ft: 4266 corp: 690/871Kb lim: 12901 exec/s: 3475 rss: 78Mb L: 255/12901 MS: 2 ShuffleBytes-EraseBytes-
#184430	NEW    cov: 1451 ft: 4268 corp: 691/884Kb lim: 12901 exec/s: 3479 rss: 78Mb L: 12448/12901 MS: 1 CopyPart-
#184761	REDUCE cov: 1451 ft: 4268 corp: 691/883Kb lim: 12901 exec/s: 3486 rss: 78Mb L: 96/12901 MS: 1 EraseBytes-
#185007	REDUCE cov: 1451 ft: 4268 corp: 691/883Kb lim: 12901 exec/s: 3490 rss: 78Mb L: 1074/12901 MS: 1 EraseBytes-
#185193	REDUCE cov: 1451 ft: 4268 corp: 691/883Kb lim: 12901 exec/s: 3494 rss: 78Mb L: 37/12901 MS: 1 EraseBytes-
#185485	REDUCE cov: 1451 ft: 4268 corp: 691/883Kb lim: 12901 exec/s: 3499 rss: 78Mb L: 2050/12901 MS: 2 InsertByte-EraseBytes-
#185496	REDUCE cov: 1451 ft: 4268 corp: 691/882Kb lim: 12901 exec/s: 3499 rss: 78Mb L: 2134/12901 MS: 1 EraseBytes-
#185996	REDUCE cov: 1451 ft: 4268 corp: 691/882Kb lim: 12901 exec/s: 3509 rss: 78Mb L: 2031/12901 MS: 5 InsertRepeatedBytes-InsertByte-CopyPart-InsertByte-EraseBytes-
#186373	REDUCE cov: 1451 ft: 4268 corp: 691/882Kb lim: 12901 exec/s: 3516 rss: 78Mb L: 1635/12901 MS: 2 ShuffleBytes-EraseBytes-
#186429	REDUCE cov: 1451 ft: 4268 corp: 691/882Kb lim: 12901 exec/s: 3517 rss: 78Mb L: 206/12901 MS: 1 EraseBytes-
#187517	REDUCE cov: 1451 ft: 4268 corp: 691/882Kb lim: 12901 exec/s: 3472 rss: 78Mb L: 218/12901 MS: 3 PersAutoDict-CMP-EraseBytes- DE: "\004\000\000\000"-"pHYs"-
#187633	REDUCE cov: 1451 ft: 4268 corp: 691/882Kb lim: 12901 exec/s: 3474 rss: 78Mb L: 40/12901 MS: 1 EraseBytes-
#188550	REDUCE cov: 1451 ft: 4268 corp: 691/882Kb lim: 12901 exec/s: 3491 rss: 78Mb L: 134/12901 MS: 2 CMP-EraseBytes- DE: "\377\377\377\377\377\377\377\001"-
#188782	REDUCE cov: 1451 ft: 4268 corp: 691/881Kb lim: 12901 exec/s: 3495 rss: 78Mb L: 4043/12901 MS: 2 ChangeBit-EraseBytes-
#189258	REDUCE cov: 1451 ft: 4268 corp: 691/881Kb lim: 12901 exec/s: 3504 rss: 78Mb L: 288/12901 MS: 1 EraseBytes-
#189445	REDUCE cov: 1451 ft: 4268 corp: 691/881Kb lim: 12901 exec/s: 3508 rss: 78Mb L: 223/12901 MS: 2 InsertByte-EraseBytes-
#189582	REDUCE cov: 1451 ft: 4268 corp: 691/881Kb lim: 12901 exec/s: 3510 rss: 78Mb L: 67/12901 MS: 2 CMP-EraseBytes- DE: "\000\000\000\000\000\000\000\005"-
#189925	REDUCE cov: 1451 ft: 4268 corp: 691/881Kb lim: 12901 exec/s: 3517 rss: 78Mb L: 131/12901 MS: 3 ChangeASCIIInt-ChangeBinInt-EraseBytes-
#189955	REDUCE cov: 1451 ft: 4268 corp: 691/881Kb lim: 12901 exec/s: 3517 rss: 78Mb L: 569/12901 MS: 5 ShuffleBytes-ChangeByte-PersAutoDict-ChangeBit-EraseBytes- DE: "\001\000\000\000\000\000\000\000"-
#190052	REDUCE cov: 1451 ft: 4268 corp: 691/881Kb lim: 12901 exec/s: 3519 rss: 78Mb L: 526/12901 MS: 2 ChangeASCIIInt-EraseBytes-
#190061	REDUCE cov: 1451 ft: 4268 corp: 691/881Kb lim: 12901 exec/s: 3519 rss: 78Mb L: 576/12901 MS: 4 PersAutoDict-EraseBytes-ChangeByte-CopyPart- DE: "sRGB"-
#190253	REDUCE cov: 1451 ft: 4268 corp: 691/881Kb lim: 12901 exec/s: 3523 rss: 78Mb L: 195/12901 MS: 2 ChangeByte-EraseBytes-
#190594	REDUCE cov: 1451 ft: 4268 corp: 691/881Kb lim: 12901 exec/s: 3529 rss: 78Mb L: 1032/12901 MS: 1 EraseBytes-
#190941	REDUCE cov: 1451 ft: 4268 corp: 691/881Kb lim: 12901 exec/s: 3535 rss: 78Mb L: 186/12901 MS: 2 InsertByte-EraseBytes-
#191012	REDUCE cov: 1451 ft: 4268 corp: 691/880Kb lim: 12901 exec/s: 3537 rss: 78Mb L: 749/12901 MS: 1 EraseBytes-
#191249	REDUCE cov: 1451 ft: 4269 corp: 692/889Kb lim: 12901 exec/s: 3477 rss: 78Mb L: 8617/12901 MS: 2 InsertRepeatedBytes-PersAutoDict- DE: "\017\000"-
#191260	NEW    cov: 1451 ft: 4270 corp: 693/890Kb lim: 12901 exec/s: 3477 rss: 78Mb L: 1253/12901 MS: 1 CopyPart-
#191479	REDUCE cov: 1451 ft: 4270 corp: 693/890Kb lim: 12901 exec/s: 3481 rss: 78Mb L: 569/12901 MS: 4 PersAutoDict-ChangeBinInt-CMP-EraseBytes- DE: "\017\000"-"iTXt"-
#191546	REDUCE cov: 1451 ft: 4270 corp: 693/890Kb lim: 12901 exec/s: 3482 rss: 78Mb L: 539/12901 MS: 2 ChangeBit-EraseBytes-
#191939	REDUCE cov: 1451 ft: 4270 corp: 693/890Kb lim: 12901 exec/s: 3489 rss: 78Mb L: 70/12901 MS: 3 ChangeByte-InsertRepeatedBytes-EraseBytes-
#192265	REDUCE cov: 1451 ft: 4271 corp: 694/890Kb lim: 12901 exec/s: 3495 rss: 78Mb L: 482/12901 MS: 1 CMP- DE: "sTER"-
#192271	REDUCE cov: 1451 ft: 4271 corp: 694/890Kb lim: 12901 exec/s: 3495 rss: 78Mb L: 12/12901 MS: 1 EraseBytes-
#192552	NEW    cov: 1454 ft: 4274 corp: 695/891Kb lim: 12901 exec/s: 3500 rss: 78Mb L: 948/12901 MS: 1 CopyPart-
#192644	REDUCE cov: 1454 ft: 4274 corp: 695/891Kb lim: 12901 exec/s: 3502 rss: 78Mb L: 148/12901 MS: 2 ChangeASCIIInt-EraseBytes-
#192794	REDUCE cov: 1454 ft: 4278 corp: 696/892Kb lim: 12901 exec/s: 3505 rss: 78Mb L: 607/12901 MS: 5 ChangeASCIIInt-ChangeBit-CopyPart-ChangeASCIIInt-CopyPart-
#193185	REDUCE cov: 1454 ft: 4278 corp: 696/892Kb lim: 12901 exec/s: 3512 rss: 78Mb L: 225/12901 MS: 1 EraseBytes-
#193221	REDUCE cov: 1454 ft: 4278 corp: 696/892Kb lim: 12901 exec/s: 3513 rss: 78Mb L: 2646/12901 MS: 1 EraseBytes-
#193258	REDUCE cov: 1454 ft: 4278 corp: 696/892Kb lim: 12901 exec/s: 3513 rss: 78Mb L: 199/12901 MS: 2 CopyPart-EraseBytes-
#193306	REDUCE cov: 1454 ft: 4278 corp: 696/892Kb lim: 12901 exec/s: 3514 rss: 78Mb L: 258/12901 MS: 3 ChangeByte-ChangeASCIIInt-EraseBytes-
#193518	REDUCE cov: 1454 ft: 4278 corp: 696/892Kb lim: 12901 exec/s: 3518 rss: 78Mb L: 247/12901 MS: 2 InsertRepeatedBytes-EraseBytes-
#193900	REDUCE cov: 1454 ft: 4278 corp: 696/892Kb lim: 12901 exec/s: 3525 rss: 78Mb L: 326/12901 MS: 2 ChangeBit-EraseBytes-
#194076	REDUCE cov: 1454 ft: 4278 corp: 696/892Kb lim: 12901 exec/s: 3528 rss: 78Mb L: 144/12901 MS: 1 EraseBytes-
#194083	REDUCE cov: 1454 ft: 4278 corp: 696/892Kb lim: 12901 exec/s: 3528 rss: 78Mb L: 199/12901 MS: 2 InsertByte-EraseBytes-
#194626	REDUCE cov: 1454 ft: 4278 corp: 696/892Kb lim: 12901 exec/s: 3538 rss: 78Mb L: 252/12901 MS: 3 ChangeBinInt-ShuffleBytes-EraseBytes-
#194658	REDUCE cov: 1454 ft: 4278 corp: 696/891Kb lim: 12901 exec/s: 3539 rss: 78Mb L: 8594/12901 MS: 2 ChangeBinInt-EraseBytes-
#194789	REDUCE cov: 1454 ft: 4278 corp: 696/891Kb lim: 12901 exec/s: 3541 rss: 78Mb L: 36/12901 MS: 1 EraseBytes-
#195013	REDUCE cov: 1454 ft: 4278 corp: 696/891Kb lim: 12901 exec/s: 3482 rss: 78Mb L: 111/12901 MS: 4 ChangeByte-CopyPart-CopyPart-EraseBytes-
#195374	REDUCE cov: 1454 ft: 4278 corp: 696/891Kb lim: 12901 exec/s: 3488 rss: 78Mb L: 107/12901 MS: 1 EraseBytes-
#195896	REDUCE cov: 1454 ft: 4278 corp: 696/891Kb lim: 12901 exec/s: 3498 rss: 78Mb L: 84/12901 MS: 2 InsertByte-EraseBytes-
#196152	REDUCE cov: 1454 ft: 4278 corp: 696/891Kb lim: 12901 exec/s: 3502 rss: 78Mb L: 701/12901 MS: 1 EraseBytes-
#196623	REDUCE cov: 1454 ft: 4278 corp: 696/891Kb lim: 12901 exec/s: 3511 rss: 78Mb L: 744/12901 MS: 1 EraseBytes-
#196955	REDUCE cov: 1454 ft: 4278 corp: 696/891Kb lim: 12901 exec/s: 3517 rss: 78Mb L: 190/12901 MS: 2 ShuffleBytes-EraseBytes-
#197101	REDUCE cov: 1454 ft: 4278 corp: 696/890Kb lim: 12901 exec/s: 3519 rss: 78Mb L: 3044/12901 MS: 1 EraseBytes-
#197155	REDUCE cov: 1454 ft: 4278 corp: 696/890Kb lim: 12901 exec/s: 3520 rss: 78Mb L: 688/12901 MS: 4 ChangeASCIIInt-CMP-ChangeBit-EraseBytes- DE: "\302\000\000\000\000\000\000\000"-
#197166	REDUCE cov: 1454 ft: 4278 corp: 696/890Kb lim: 12901 exec/s: 3520 rss: 78Mb L: 126/12901 MS: 1 EraseBytes-
#197592	REDUCE cov: 1454 ft: 4278 corp: 696/890Kb lim: 12901 exec/s: 3528 rss: 78Mb L: 334/12901 MS: 1 EraseBytes-
#197741	REDUCE cov: 1454 ft: 4278 corp: 696/890Kb lim: 12901 exec/s: 3531 rss: 78Mb L: 181/12901 MS: 4 ChangeBinInt-ChangeBit-InsertByte-EraseBytes-
#198363	REDUCE cov: 1454 ft: 4278 corp: 696/890Kb lim: 12901 exec/s: 3542 rss: 78Mb L: 122/12901 MS: 2 EraseBytes-InsertByte-
#198399	NEW    cov: 1454 ft: 4279 corp: 697/890Kb lim: 12901 exec/s: 3542 rss: 78Mb L: 444/12901 MS: 1 CMP- DE: "\001\000\000\000\000\000\000\010"-
#198535	REDUCE cov: 1454 ft: 4279 corp: 697/890Kb lim: 12901 exec/s: 3545 rss: 78Mb L: 10/12901 MS: 1 EraseBytes-
#198592	REDUCE cov: 1454 ft: 4279 corp: 697/890Kb lim: 12901 exec/s: 3546 rss: 78Mb L: 472/12901 MS: 2 InsertRepeatedBytes-EraseBytes-
#198955	REDUCE cov: 1454 ft: 4279 corp: 697/890Kb lim: 12901 exec/s: 3552 rss: 78Mb L: 2106/12901 MS: 3 PersAutoDict-ChangeBinInt-EraseBytes- DE: "\377\377\377\377\377\377\377\003"-
#199196	REDUCE cov: 1454 ft: 4279 corp: 697/890Kb lim: 12901 exec/s: 3557 rss: 78Mb L: 153/12901 MS: 1 EraseBytes-
#199372	REDUCE cov: 1454 ft: 4279 corp: 697/890Kb lim: 12901 exec/s: 3497 rss: 78Mb L: 421/12901 MS: 1 EraseBytes-
#199535	REDUCE cov: 1454 ft: 4279 corp: 697/890Kb lim: 12901 exec/s: 3500 rss: 78Mb L: 604/12901 MS: 3 ChangeBinInt-CopyPart-EraseBytes-
#199899	REDUCE cov: 1454 ft: 4279 corp: 697/889Kb lim: 12901 exec/s: 3507 rss: 78Mb L: 1988/12901 MS: 4 CopyPart-ChangeASCIIInt-InsertRepeatedBytes-EraseBytes-
#200540	REDUCE cov: 1454 ft: 4279 corp: 697/889Kb lim: 12901 exec/s: 3518 rss: 78Mb L: 353/12901 MS: 1 EraseBytes-
#200923	REDUCE cov: 1454 ft: 4279 corp: 697/889Kb lim: 12901 exec/s: 3524 rss: 78Mb L: 1313/12901 MS: 3 ChangeBinInt-CMP-EraseBytes- DE: "\376\377\377\377"-
#200925	REDUCE cov: 1454 ft: 4279 corp: 697/889Kb lim: 12901 exec/s: 3525 rss: 78Mb L: 61/12901 MS: 2 ChangeBit-EraseBytes-
#200991	REDUCE cov: 1454 ft: 4279 corp: 697/889Kb lim: 12901 exec/s: 3526 rss: 78Mb L: 252/12901 MS: 1 EraseBytes-
#201267	REDUCE cov: 1454 ft: 4279 corp: 697/889Kb lim: 12901 exec/s: 3531 rss: 78Mb L: 38/12901 MS: 1 EraseBytes-
#201520	REDUCE cov: 1454 ft: 4279 corp: 697/889Kb lim: 12901 exec/s: 3535 rss: 78Mb L: 73/12901 MS: 3 ChangeBit-PersAutoDict-EraseBytes- DE: "pCAL"-
#201717	REDUCE cov: 1454 ft: 4279 corp: 697/889Kb lim: 12901 exec/s: 3538 rss: 78Mb L: 282/12901 MS: 2 CrossOver-EraseBytes-
#201733	REDUCE cov: 1454 ft: 4281 corp: 698/889Kb lim: 12901 exec/s: 3539 rss: 78Mb L: 190/12901 MS: 1 ChangeByte-
#201937	REDUCE cov: 1454 ft: 4281 corp: 698/889Kb lim: 12901 exec/s: 3542 rss: 78Mb L: 9340/12901 MS: 4 ChangeBit-ChangeASCIIInt-ChangeBit-EraseBytes-
#202113	REDUCE cov: 1454 ft: 4281 corp: 698/889Kb lim: 12901 exec/s: 3545 rss: 78Mb L: 9/12901 MS: 1 EraseBytes-
#202134	REDUCE cov: 1454 ft: 4281 corp: 698/889Kb lim: 12901 exec/s: 3546 rss: 78Mb L: 285/12901 MS: 1 EraseBytes-
#202261	REDUCE cov: 1454 ft: 4281 corp: 698/889Kb lim: 12901 exec/s: 3548 rss: 78Mb L: 83/12901 MS: 2 ChangeASCIIInt-EraseBytes-
#202262	REDUCE cov: 1454 ft: 4281 corp: 698/889Kb lim: 12901 exec/s: 3548 rss: 78Mb L: 90/12901 MS: 1 EraseBytes-
#202483	REDUCE cov: 1454 ft: 4281 corp: 698/889Kb lim: 12901 exec/s: 3552 rss: 78Mb L: 431/12901 MS: 1 EraseBytes-
#203376	REDUCE cov: 1454 ft: 4281 corp: 698/889Kb lim: 12901 exec/s: 3506 rss: 78Mb L: 222/12901 MS: 3 InsertRepeatedBytes-ShuffleBytes-EraseBytes-
#204027	REDUCE cov: 1454 ft: 4281 corp: 698/889Kb lim: 12901 exec/s: 3517 rss: 78Mb L: 106/12901 MS: 1 EraseBytes-
#204069	REDUCE cov: 1454 ft: 4281 corp: 698/889Kb lim: 12901 exec/s: 3518 rss: 78Mb L: 2193/12901 MS: 2 PersAutoDict-EraseBytes- DE: "\000\000\000\000\000\000\000\004"-
#204757	REDUCE cov: 1454 ft: 4281 corp: 698/889Kb lim: 12901 exec/s: 3530 rss: 78Mb L: 2014/12901 MS: 3 ChangeByte-EraseBytes-CrossOver-
#204938	REDUCE cov: 1454 ft: 4281 corp: 698/889Kb lim: 12901 exec/s: 3533 rss: 78Mb L: 194/12901 MS: 1 EraseBytes-
#205325	REDUCE cov: 1454 ft: 4281 corp: 698/889Kb lim: 12901 exec/s: 3540 rss: 78Mb L: 57/12901 MS: 2 ShuffleBytes-EraseBytes-
#205928	REDUCE cov: 1454 ft: 4281 corp: 698/889Kb lim: 12901 exec/s: 3550 rss: 78Mb L: 163/12901 MS: 3 ChangeByte-CMP-EraseBytes- DE: "\377\377\377\007"-
#206114	REDUCE cov: 1454 ft: 4281 corp: 698/889Kb lim: 12901 exec/s: 3553 rss: 78Mb L: 202/12901 MS: 1 EraseBytes-
#206335	REDUCE cov: 1454 ft: 4281 corp: 698/887Kb lim: 12901 exec/s: 3557 rss: 78Mb L: 2604/12901 MS: 1 EraseBytes-
#206786	REDUCE cov: 1454 ft: 4281 corp: 698/887Kb lim: 12901 exec/s: 3565 rss: 78Mb L: 1926/12901 MS: 1 EraseBytes-
#206839	REDUCE cov: 1454 ft: 4281 corp: 698/887Kb lim: 12901 exec/s: 3566 rss: 78Mb L: 304/12901 MS: 3 CopyPart-CMP-EraseBytes- DE: "oFFs"-
#206935	REDUCE cov: 1454 ft: 4281 corp: 698/887Kb lim: 12901 exec/s: 3567 rss: 78Mb L: 527/12901 MS: 1 EraseBytes-
#206987	REDUCE cov: 1454 ft: 4281 corp: 698/887Kb lim: 12901 exec/s: 3568 rss: 78Mb L: 513/12901 MS: 2 InsertByte-EraseBytes-
#207078	REDUCE cov: 1454 ft: 4281 corp: 698/887Kb lim: 12901 exec/s: 3570 rss: 78Mb L: 252/12901 MS: 1 EraseBytes-
#207249	REDUCE cov: 1454 ft: 4281 corp: 698/887Kb lim: 12901 exec/s: 3573 rss: 78Mb L: 735/12901 MS: 1 EraseBytes-
#207261	REDUCE cov: 1454 ft: 4281 corp: 698/887Kb lim: 12901 exec/s: 3573 rss: 78Mb L: 456/12901 MS: 2 InsertRepeatedBytes-EraseBytes-
#207584	REDUCE cov: 1454 ft: 4281 corp: 698/887Kb lim: 12901 exec/s: 3518 rss: 78Mb L: 828/12901 MS: 3 ShuffleBytes-PersAutoDict-EraseBytes- DE: "\007\000\000\000\000\000\000\000"-
#208060	NEW    cov: 1454 ft: 4282 corp: 699/888Kb lim: 12901 exec/s: 3526 rss: 78Mb L: 708/12901 MS: 1 InsertRepeatedBytes-
#208212	REDUCE cov: 1454 ft: 4282 corp: 699/887Kb lim: 12901 exec/s: 3529 rss: 78Mb L: 281/12901 MS: 2 CopyPart-EraseBytes-
#208224	REDUCE cov: 1454 ft: 4282 corp: 699/887Kb lim: 12901 exec/s: 3529 rss: 78Mb L: 459/12901 MS: 2 CMP-EraseBytes- DE: "\000\000\000\000\000\000\000\020"-
#208597	REDUCE cov: 1454 ft: 4282 corp: 699/887Kb lim: 12901 exec/s: 3535 rss: 78Mb L: 515/12901 MS: 3 ChangeASCIIInt-InsertRepeatedBytes-EraseBytes-
#209506	REDUCE cov: 1454 ft: 4282 corp: 699/887Kb lim: 12901 exec/s: 3550 rss: 78Mb L: 1540/12901 MS: 4 PersAutoDict-ChangeASCIIInt-InsertRepeatedBytes-EraseBytes- DE: "\000\000\000\000\000\000\000\011"-
#209797	REDUCE cov: 1454 ft: 4282 corp: 699/887Kb lim: 12901 exec/s: 3555 rss: 78Mb L: 462/12901 MS: 1 EraseBytes-
#211103	REDUCE cov: 1454 ft: 4282 corp: 699/887Kb lim: 12901 exec/s: 3518 rss: 78Mb L: 187/12901 MS: 1 EraseBytes-
#211239	REDUCE cov: 1454 ft: 4282 corp: 699/887Kb lim: 12901 exec/s: 3520 rss: 78Mb L: 79/12901 MS: 1 EraseBytes-
#211730	REDUCE cov: 1454 ft: 4282 corp: 699/887Kb lim: 12901 exec/s: 3528 rss: 78Mb L: 554/12901 MS: 1 EraseBytes-
#212044	REDUCE cov: 1454 ft: 4282 corp: 699/887Kb lim: 12901 exec/s: 3534 rss: 78Mb L: 458/12901 MS: 4 ChangeBinInt-ChangeBit-InsertRepeatedBytes-EraseBytes-
#212405	REDUCE cov: 1454 ft: 4282 corp: 699/887Kb lim: 12901 exec/s: 3540 rss: 78Mb L: 156/12901 MS: 1 EraseBytes-
#212636	REDUCE cov: 1454 ft: 4282 corp: 699/886Kb lim: 12901 exec/s: 3543 rss: 78Mb L: 643/12901 MS: 1 EraseBytes-
#213063	REDUCE cov: 1454 ft: 4282 corp: 699/886Kb lim: 12901 exec/s: 3551 rss: 78Mb L: 269/12901 MS: 2 ChangeBinInt-EraseBytes-
#213364	REDUCE cov: 1454 ft: 4282 corp: 699/886Kb lim: 12901 exec/s: 3556 rss: 78Mb L: 70/12901 MS: 1 EraseBytes-
#213682	REDUCE cov: 1454 ft: 4282 corp: 699/886Kb lim: 12901 exec/s: 3561 rss: 78Mb L: 1107/12901 MS: 3 InsertByte-ChangeBinInt-EraseBytes-
#213793	REDUCE cov: 1454 ft: 4282 corp: 699/886Kb lim: 12901 exec/s: 3563 rss: 78Mb L: 300/12901 MS: 1 EraseBytes-
#213860	REDUCE cov: 1454 ft: 4282 corp: 699/886Kb lim: 12901 exec/s: 3564 rss: 78Mb L: 90/12901 MS: 2 ChangeBit-EraseBytes-
#214078	REDUCE cov: 1454 ft: 4282 corp: 699/886Kb lim: 12901 exec/s: 3567 rss: 78Mb L: 298/12901 MS: 3 ChangeByte-ChangeBinInt-EraseBytes-
#214290	REDUCE cov: 1454 ft: 4282 corp: 699/886Kb lim: 12901 exec/s: 3512 rss: 78Mb L: 135/12901 MS: 2 CrossOver-EraseBytes-
#215407	REDUCE cov: 1454 ft: 4282 corp: 699/886Kb lim: 12901 exec/s: 3531 rss: 78Mb L: 85/12901 MS: 2 ChangeBinInt-EraseBytes-
#215423	REDUCE cov: 1454 ft: 4282 corp: 699/886Kb lim: 12901 exec/s: 3531 rss: 78Mb L: 106/12901 MS: 1 EraseBytes-
#215534	REDUCE cov: 1454 ft: 4282 corp: 699/886Kb lim: 12901 exec/s: 3533 rss: 78Mb L: 1377/12901 MS: 1 EraseBytes-
#215853	REDUCE cov: 1454 ft: 4282 corp: 699/886Kb lim: 12901 exec/s: 3538 rss: 78Mb L: 337/12901 MS: 4 ChangeByte-PersAutoDict-CMP-EraseBytes- DE: "\376\377\377\377"-"\243\000\000\000\000\000\000\000"-
#215900	REDUCE cov: 1454 ft: 4282 corp: 699/886Kb lim: 12901 exec/s: 3539 rss: 78Mb L: 132/12901 MS: 2 ShuffleBytes-EraseBytes-
#216246	REDUCE cov: 1454 ft: 4282 corp: 699/886Kb lim: 12901 exec/s: 3545 rss: 78Mb L: 294/12901 MS: 1 EraseBytes-
#216353	REDUCE cov: 1454 ft: 4282 corp: 699/886Kb lim: 12901 exec/s: 3546 rss: 78Mb L: 243/12901 MS: 2 CMP-EraseBytes- DE: "gAMA"-
#217510	REDUCE cov: 1454 ft: 4282 corp: 699/885Kb lim: 12901 exec/s: 3565 rss: 78Mb L: 981/12901 MS: 2 ChangeBinInt-EraseBytes-
#217561	NEW    cov: 1454 ft: 4284 corp: 700/889Kb lim: 12901 exec/s: 3566 rss: 78Mb L: 3457/12901 MS: 1 CrossOver-
#217703	REDUCE cov: 1454 ft: 4284 corp: 700/889Kb lim: 12901 exec/s: 3568 rss: 78Mb L: 243/12901 MS: 2 ChangeBit-EraseBytes-
#218347	REDUCE cov: 1454 ft: 4284 corp: 700/888Kb lim: 12901 exec/s: 3521 rss: 78Mb L: 523/12901 MS: 4 ChangeASCIIInt-ChangeASCIIInt-ShuffleBytes-EraseBytes-
#218395	REDUCE cov: 1454 ft: 4284 corp: 700/888Kb lim: 12901 exec/s: 3522 rss: 78Mb L: 9495/12901 MS: 3 InsertRepeatedBytes-ChangeBinInt-EraseBytes-
#218462	REDUCE cov: 1454 ft: 4284 corp: 700/888Kb lim: 12901 exec/s: 3523 rss: 78Mb L: 36/12901 MS: 2 CopyPart-EraseBytes-
#218528	NEW    cov: 1454 ft: 4285 corp: 701/888Kb lim: 12901 exec/s: 3524 rss: 78Mb L: 139/12901 MS: 1 InsertByte-
#218589	REDUCE cov: 1454 ft: 4285 corp: 701/888Kb lim: 12901 exec/s: 3525 rss: 78Mb L: 2622/12901 MS: 1 EraseBytes-
#218621	REDUCE cov: 1454 ft: 4285 corp: 701/888Kb lim: 12901 exec/s: 3526 rss: 78Mb L: 2617/12901 MS: 2 EraseBytes-InsertRepeatedBytes-
#218912	NEW    cov: 1454 ft: 4286 corp: 702/888Kb lim: 12901 exec/s: 3530 rss: 78Mb L: 214/12901 MS: 1 CopyPart-
#219010	REDUCE cov: 1454 ft: 4286 corp: 702/888Kb lim: 12901 exec/s: 3532 rss: 78Mb L: 300/12901 MS: 3 PersAutoDict-ChangeASCIIInt-EraseBytes- DE: "\302\000\000\000\000\000\000\000"-
#220191	REDUCE cov: 1454 ft: 4286 corp: 702/888Kb lim: 12901 exec/s: 3551 rss: 78Mb L: 1435/12901 MS: 1 EraseBytes-
#220634	REDUCE cov: 1454 ft: 4286 corp: 702/888Kb lim: 12901 exec/s: 3558 rss: 78Mb L: 2170/12901 MS: 3 ChangeBit-ChangeBit-EraseBytes-
#220690	REDUCE cov: 1454 ft: 4286 corp: 702/888Kb lim: 12901 exec/s: 3559 rss: 78Mb L: 792/12901 MS: 1 EraseBytes-
#221057	REDUCE cov: 1454 ft: 4286 corp: 702/888Kb lim: 12901 exec/s: 3565 rss: 78Mb L: 60/12901 MS: 2 PersAutoDict-EraseBytes- DE: "\000\000"-
#221358	REDUCE cov: 1454 ft: 4286 corp: 702/887Kb lim: 12901 exec/s: 3570 rss: 78Mb L: 625/12901 MS: 1 EraseBytes-
#221707	REDUCE cov: 1454 ft: 4286 corp: 702/886Kb lim: 12901 exec/s: 3575 rss: 78Mb L: 1219/12901 MS: 4 ChangeBinInt-PersAutoDict-ChangeBit-CrossOver- DE: "\016\000\000\000"-
#221711	REDUCE cov: 1454 ft: 4286 corp: 702/886Kb lim: 12901 exec/s: 3575 rss: 78Mb L: 785/12901 MS: 4 ChangeByte-ShuffleBytes-ShuffleBytes-EraseBytes-
#221943	REDUCE cov: 1454 ft: 4286 corp: 702/886Kb lim: 12901 exec/s: 3579 rss: 78Mb L: 3042/12901 MS: 2 ChangeByte-EraseBytes-
#222175	REDUCE cov: 1454 ft: 4286 corp: 702/886Kb lim: 12901 exec/s: 3583 rss: 78Mb L: 1738/12901 MS: 2 CopyPart-EraseBytes-
#222361	REDUCE cov: 1454 ft: 4286 corp: 702/886Kb lim: 12901 exec/s: 3529 rss: 78Mb L: 497/12901 MS: 1 EraseBytes-
#222598	REDUCE cov: 1454 ft: 4286 corp: 702/886Kb lim: 12901 exec/s: 3533 rss: 78Mb L: 218/12901 MS: 2 ChangeASCIIInt-EraseBytes-
#222653	REDUCE cov: 1454 ft: 4288 corp: 703/889Kb lim: 12901 exec/s: 3534 rss: 78Mb L: 3749/12901 MS: 5 InsertRepeatedBytes-CrossOver-CopyPart-CopyPart-PersAutoDict- DE: "iCCP"-
#222837	REDUCE cov: 1454 ft: 4288 corp: 703/889Kb lim: 12901 exec/s: 3537 rss: 78Mb L: 327/12901 MS: 4 ChangeBit-CopyPart-EraseBytes-EraseBytes-
#223505	REDUCE cov: 1454 ft: 4288 corp: 703/889Kb lim: 12901 exec/s: 3547 rss: 78Mb L: 488/12901 MS: 3 ShuffleBytes-ChangeByte-EraseBytes-
#223981	REDUCE cov: 1454 ft: 4288 corp: 703/889Kb lim: 12901 exec/s: 3555 rss: 78Mb L: 62/12901 MS: 1 EraseBytes-
#224082	REDUCE cov: 1454 ft: 4288 corp: 703/889Kb lim: 12901 exec/s: 3556 rss: 78Mb L: 228/12901 MS: 1 EraseBytes-
#224199	REDUCE cov: 1454 ft: 4288 corp: 703/889Kb lim: 12901 exec/s: 3558 rss: 78Mb L: 3381/12901 MS: 2 CopyPart-CrossOver-
#224462	REDUCE cov: 1454 ft: 4288 corp: 703/888Kb lim: 12901 exec/s: 3562 rss: 78Mb L: 2164/12901 MS: 3 ChangeASCIIInt-ChangeByte-EraseBytes-
#224986	REDUCE cov: 1454 ft: 4288 corp: 703/887Kb lim: 12901 exec/s: 3571 rss: 78Mb L: 1714/12901 MS: 4 ChangeByte-CMP-ChangeBit-EraseBytes- DE: "\007\000"-
#226842	REDUCE cov: 1454 ft: 4288 corp: 703/887Kb lim: 12901 exec/s: 3544 rss: 78Mb L: 297/12901 MS: 1 EraseBytes-
#227021	REDUCE cov: 1454 ft: 4288 corp: 703/887Kb lim: 12901 exec/s: 3547 rss: 78Mb L: 456/12901 MS: 4 ShuffleBytes-InsertRepeatedBytes-ChangeByte-EraseBytes-
#227043	REDUCE cov: 1454 ft: 4288 corp: 703/887Kb lim: 12901 exec/s: 3547 rss: 78Mb L: 134/12901 MS: 2 ChangeBinInt-EraseBytes-
#227054	REDUCE cov: 1454 ft: 4288 corp: 703/887Kb lim: 12901 exec/s: 3547 rss: 78Mb L: 527/12901 MS: 1 EraseBytes-
#227145	REDUCE cov: 1454 ft: 4288 corp: 703/887Kb lim: 12901 exec/s: 3549 rss: 78Mb L: 410/12901 MS: 1 EraseBytes-
#227524	REDUCE cov: 1454 ft: 4288 corp: 703/886Kb lim: 12901 exec/s: 3555 rss: 78Mb L: 635/12901 MS: 4 CMP-ChangeBinInt-CMP-EraseBytes- DE: "\001\000\000\000\000\000\000\014"-"+\000"-
#227750	NEW    cov: 1457 ft: 4291 corp: 704/887Kb lim: 12901 exec/s: 3558 rss: 78Mb L: 142/12901 MS: 1 ChangeBit-
#227881	REDUCE cov: 1457 ft: 4291 corp: 704/887Kb lim: 12901 exec/s: 3560 rss: 78Mb L: 476/12901 MS: 1 EraseBytes-
#228377	REDUCE cov: 1457 ft: 4291 corp: 704/886Kb lim: 12901 exec/s: 3568 rss: 78Mb L: 8563/12901 MS: 1 EraseBytes-
#228452	REDUCE cov: 1457 ft: 4291 corp: 704/886Kb lim: 12901 exec/s: 3569 rss: 78Mb L: 297/12901 MS: 5 ChangeASCIIInt-CrossOver-InsertRepeatedBytes-ChangeBit-EraseBytes-
#228482	REDUCE cov: 1457 ft: 4291 corp: 704/886Kb lim: 12901 exec/s: 3570 rss: 78Mb L: 1866/12901 MS: 5 InsertByte-ChangeBinInt-ChangeBit-InsertByte-EraseBytes-
#228618	REDUCE cov: 1457 ft: 4291 corp: 704/886Kb lim: 12901 exec/s: 3572 rss: 78Mb L: 2699/12901 MS: 1 EraseBytes-
#228880	REDUCE cov: 1457 ft: 4294 corp: 705/886Kb lim: 12901 exec/s: 3576 rss: 78Mb L: 141/12901 MS: 2 InsertByte-ChangeBit-
#229666	REDUCE cov: 1458 ft: 4295 corp: 706/887Kb lim: 12901 exec/s: 3588 rss: 78Mb L: 643/12901 MS: 1 ChangeASCIIInt-
#230018	NEW    cov: 1458 ft: 4297 corp: 707/887Kb lim: 12901 exec/s: 3538 rss: 78Mb L: 146/12901 MS: 2 CrossOver-CMP- DE: "\006\000\000\000"-
#230549	REDUCE cov: 1458 ft: 4297 corp: 707/887Kb lim: 12901 exec/s: 3546 rss: 78Mb L: 460/12901 MS: 1 EraseBytes-
#230730	REDUCE cov: 1458 ft: 4297 corp: 707/887Kb lim: 12901 exec/s: 3549 rss: 78Mb L: 9364/12901 MS: 1 EraseBytes-
#230738	REDUCE cov: 1458 ft: 4297 corp: 707/887Kb lim: 12901 exec/s: 3549 rss: 78Mb L: 563/12901 MS: 3 ChangeBit-ShuffleBytes-EraseBytes-
#231136	REDUCE cov: 1458 ft: 4297 corp: 707/887Kb lim: 12901 exec/s: 3555 rss: 78Mb L: 4168/12901 MS: 3 ChangeASCIIInt-ChangeBinInt-EraseBytes-
#231232	REDUCE cov: 1458 ft: 4297 corp: 707/887Kb lim: 12901 exec/s: 3557 rss: 78Mb L: 106/12901 MS: 1 EraseBytes-
#231528	NEW    cov: 1459 ft: 4298 corp: 708/896Kb lim: 12901 exec/s: 3561 rss: 78Mb L: 8831/12901 MS: 1 PersAutoDict- DE: "\000\000\000\000\000\000\000\005"-
#231616	REDUCE cov: 1459 ft: 4298 corp: 708/896Kb lim: 12901 exec/s: 3563 rss: 78Mb L: 499/12901 MS: 3 ChangeBit-PersAutoDict-EraseBytes- DE: "\217\000\000\000"-
#231766	REDUCE cov: 1459 ft: 4298 corp: 708/896Kb lim: 12901 exec/s: 3565 rss: 78Mb L: 701/12901 MS: 5 ChangeBit-InsertRepeatedBytes-ChangeASCIIInt-CMP-EraseBytes- DE: "\377\377\377\377\377\377\377\007"-
#231792	REDUCE cov: 1459 ft: 4298 corp: 708/896Kb lim: 12901 exec/s: 3566 rss: 78Mb L: 66/12901 MS: 1 EraseBytes-
#232108	REDUCE cov: 1459 ft: 4298 corp: 708/895Kb lim: 12901 exec/s: 3570 rss: 78Mb L: 479/12901 MS: 1 EraseBytes-
#232755	REDUCE cov: 1459 ft: 4298 corp: 708/895Kb lim: 12901 exec/s: 3580 rss: 78Mb L: 151/12901 MS: 2 ShuffleBytes-EraseBytes-
#232992	REDUCE cov: 1459 ft: 4298 corp: 708/895Kb lim: 12901 exec/s: 3584 rss: 78Mb L: 9303/12901 MS: 2 CMP-EraseBytes- DE: "\003\000\000\000"-
#233068	REDUCE cov: 1459 ft: 4298 corp: 708/895Kb lim: 12901 exec/s: 3585 rss: 78Mb L: 37/12901 MS: 1 EraseBytes-
#233534	REDUCE cov: 1459 ft: 4298 corp: 708/895Kb lim: 12901 exec/s: 3592 rss: 78Mb L: 72/12901 MS: 1 EraseBytes-
#233644	REDUCE cov: 1459 ft: 4298 corp: 708/895Kb lim: 12901 exec/s: 3594 rss: 78Mb L: 8/12901 MS: 5 CrossOver-ChangeByte-ChangeByte-EraseBytes-InsertRepeatedBytes-
#233937	REDUCE cov: 1459 ft: 4298 corp: 708/895Kb lim: 12901 exec/s: 3544 rss: 78Mb L: 375/12901 MS: 3 ChangeBit-ChangeBit-EraseBytes-
#234393	REDUCE cov: 1459 ft: 4298 corp: 708/895Kb lim: 12901 exec/s: 3551 rss: 78Mb L: 135/12901 MS: 1 EraseBytes-
#234465	REDUCE cov: 1459 ft: 4298 corp: 708/895Kb lim: 12901 exec/s: 3552 rss: 78Mb L: 21/12901 MS: 2 ChangeBit-EraseBytes-
#234487	REDUCE cov: 1459 ft: 4298 corp: 708/895Kb lim: 12901 exec/s: 3552 rss: 78Mb L: 1305/12901 MS: 2 CrossOver-EraseBytes-
#234724	REDUCE cov: 1459 ft: 4299 corp: 709/895Kb lim: 12901 exec/s: 3556 rss: 78Mb L: 236/12901 MS: 2 ShuffleBytes-InsertByte-
#234940	REDUCE cov: 1459 ft: 4299 corp: 709/895Kb lim: 12901 exec/s: 3559 rss: 78Mb L: 306/12901 MS: 1 EraseBytes-
#234994	REDUCE cov: 1459 ft: 4299 corp: 709/895Kb lim: 12901 exec/s: 3560 rss: 78Mb L: 161/12901 MS: 4 ChangeByte-EraseBytes-ChangeASCIIInt-InsertRepeatedBytes-
#235190	REDUCE cov: 1459 ft: 4299 corp: 709/895Kb lim: 12901 exec/s: 3563 rss: 78Mb L: 432/12901 MS: 1 EraseBytes-
#235206	REDUCE cov: 1459 ft: 4299 corp: 709/895Kb lim: 12901 exec/s: 3563 rss: 78Mb L: 71/12901 MS: 1 EraseBytes-
#235448	REDUCE cov: 1459 ft: 4299 corp: 709/894Kb lim: 12901 exec/s: 3567 rss: 78Mb L: 1141/12901 MS: 2 InsertByte-EraseBytes-
#235499	REDUCE cov: 1459 ft: 4299 corp: 709/894Kb lim: 12901 exec/s: 3568 rss: 78Mb L: 454/12901 MS: 1 EraseBytes-
#235942	REDUCE cov: 1459 ft: 4299 corp: 709/892Kb lim: 12901 exec/s: 3574 rss: 78Mb L: 1868/12901 MS: 3 CMP-ChangeASCIIInt-EraseBytes- DE: "\012\000"-
#236073	REDUCE cov: 1459 ft: 4300 corp: 710/894Kb lim: 12901 exec/s: 3576 rss: 78Mb L: 2105/12901 MS: 1 ChangeByte-
#236096	REDUCE cov: 1459 ft: 4300 corp: 710/894Kb lim: 12901 exec/s: 3577 rss: 78Mb L: 515/12901 MS: 3 CopyPart-ChangeASCIIInt-EraseBytes-
#236247	REDUCE cov: 1460 ft: 4301 corp: 711/894Kb lim: 12901 exec/s: 3579 rss: 78Mb L: 397/12901 MS: 1 CrossOver-
#236935	REDUCE cov: 1460 ft: 4301 corp: 711/894Kb lim: 12901 exec/s: 3589 rss: 78Mb L: 885/12901 MS: 3 ChangeASCIIInt-CopyPart-EraseBytes-
#237310	REDUCE cov: 1460 ft: 4301 corp: 711/894Kb lim: 12901 exec/s: 3595 rss: 78Mb L: 2089/12901 MS: 5 ChangeBit-PersAutoDict-ShuffleBytes-CrossOver-EraseBytes- DE: "\000Z"-
#237636	REDUCE cov: 1460 ft: 4301 corp: 711/894Kb lim: 12901 exec/s: 3600 rss: 78Mb L: 3218/12901 MS: 1 EraseBytes-
#237877	NEW    cov: 1460 ft: 4303 corp: 712/907Kb lim: 12901 exec/s: 3604 rss: 78Mb L: 12901/12901 MS: 1 ChangeByte-
#237888	REDUCE cov: 1460 ft: 4303 corp: 712/907Kb lim: 12901 exec/s: 3604 rss: 78Mb L: 845/12901 MS: 1 EraseBytes-
#237916	REDUCE cov: 1460 ft: 4303 corp: 712/907Kb lim: 12901 exec/s: 3604 rss: 78Mb L: 1627/12901 MS: 3 ChangeASCIIInt-ChangeBinInt-EraseBytes-
#238040	REDUCE cov: 1460 ft: 4303 corp: 712/906Kb lim: 12901 exec/s: 3552 rss: 78Mb L: 2746/12901 MS: 4 CrossOver-InsertByte-ChangeASCIIInt-EraseBytes-
#239051	REDUCE cov: 1460 ft: 4303 corp: 712/906Kb lim: 12901 exec/s: 3567 rss: 78Mb L: 273/12901 MS: 1 EraseBytes-
#239215	REDUCE cov: 1460 ft: 4303 corp: 712/906Kb lim: 12901 exec/s: 3570 rss: 78Mb L: 1613/12901 MS: 4 ChangeBinInt-PersAutoDict-ChangeBinInt-EraseBytes- DE: "\000\000\000\000\000\000\000\000"-
#240032	REDUCE cov: 1460 ft: 4303 corp: 712/906Kb lim: 12901 exec/s: 3582 rss: 78Mb L: 183/12901 MS: 2 InsertRepeatedBytes-EraseBytes-
#240183	REDUCE cov: 1460 ft: 4303 corp: 712/906Kb lim: 12901 exec/s: 3584 rss: 78Mb L: 722/12901 MS: 1 EraseBytes-
#241109	REDUCE cov: 1460 ft: 4303 corp: 712/906Kb lim: 12901 exec/s: 3598 rss: 78Mb L: 92/12901 MS: 1 EraseBytes-
#242010	REDUCE cov: 1460 ft: 4303 corp: 712/906Kb lim: 12901 exec/s: 3558 rss: 78Mb L: 247/12901 MS: 1 EraseBytes-
#242451	REDUCE cov: 1460 ft: 4303 corp: 712/905Kb lim: 12901 exec/s: 3565 rss: 78Mb L: 386/12901 MS: 1 EraseBytes-
#242609	REDUCE cov: 1460 ft: 4303 corp: 712/905Kb lim: 12901 exec/s: 3567 rss: 78Mb L: 132/12901 MS: 3 CopyPart-InsertByte-EraseBytes-
#243110	NEW    cov: 1460 ft: 4304 corp: 713/906Kb lim: 12901 exec/s: 3575 rss: 78Mb L: 278/12901 MS: 1 PersAutoDict- DE: "eXIf"-
#243126	REDUCE cov: 1460 ft: 4304 corp: 713/906Kb lim: 12901 exec/s: 3575 rss: 78Mb L: 166/12901 MS: 1 EraseBytes-
#243452	REDUCE cov: 1460 ft: 4304 corp: 713/905Kb lim: 12901 exec/s: 3580 rss: 78Mb L: 1454/12901 MS: 1 EraseBytes-
#243695	NEW    cov: 1460 ft: 4307 corp: 714/906Kb lim: 12901 exec/s: 3583 rss: 78Mb L: 643/12901 MS: 3 ChangeByte-ChangeASCIIInt-CrossOver-
#244726	REDUCE cov: 1460 ft: 4307 corp: 714/906Kb lim: 12901 exec/s: 3598 rss: 78Mb L: 389/12901 MS: 1 EraseBytes-
#245133	REDUCE cov: 1460 ft: 4307 corp: 714/906Kb lim: 12901 exec/s: 3604 rss: 78Mb L: 833/12901 MS: 2 ChangeBinInt-EraseBytes-
#245624	REDUCE cov: 1460 ft: 4307 corp: 714/906Kb lim: 12901 exec/s: 3559 rss: 78Mb L: 164/12901 MS: 1 EraseBytes-
#245792	REDUCE cov: 1460 ft: 4307 corp: 714/906Kb lim: 12901 exec/s: 3562 rss: 78Mb L: 218/12901 MS: 3 ShuffleBytes-ShuffleBytes-EraseBytes-
#245988	REDUCE cov: 1460 ft: 4307 corp: 714/906Kb lim: 12901 exec/s: 3565 rss: 78Mb L: 92/12901 MS: 1 EraseBytes-
#246039	REDUCE cov: 1460 ft: 4307 corp: 714/906Kb lim: 12901 exec/s: 3565 rss: 78Mb L: 170/12901 MS: 1 EraseBytes-
#246240	REDUCE cov: 1460 ft: 4307 corp: 714/905Kb lim: 12901 exec/s: 3568 rss: 78Mb L: 1806/12901 MS: 1 EraseBytes-
#246397	REDUCE cov: 1460 ft: 4307 corp: 714/905Kb lim: 12901 exec/s: 3570 rss: 78Mb L: 2043/12901 MS: 2 ChangeByte-EraseBytes-
#247253	REDUCE cov: 1460 ft: 4307 corp: 714/905Kb lim: 12901 exec/s: 3583 rss: 78Mb L: 3186/12901 MS: 1 CrossOver-
#247297	REDUCE cov: 1461 ft: 4308 corp: 715/906Kb lim: 12901 exec/s: 3584 rss: 78Mb L: 785/12901 MS: 4 ChangeBit-ChangeASCIIInt-ChangeBit-ShuffleBytes-
#247419	REDUCE cov: 1461 ft: 4308 corp: 715/906Kb lim: 12901 exec/s: 3585 rss: 78Mb L: 18/12901 MS: 2 CMP-EraseBytes- DE: "\377\377\377\013"-
#248060	REDUCE cov: 1461 ft: 4308 corp: 715/906Kb lim: 12901 exec/s: 3595 rss: 78Mb L: 101/12901 MS: 1 EraseBytes-
#248317	REDUCE cov: 1461 ft: 4308 corp: 715/906Kb lim: 12901 exec/s: 3598 rss: 78Mb L: 284/12901 MS: 2 ChangeASCIIInt-EraseBytes-
#248509	REDUCE cov: 1461 ft: 4308 corp: 715/906Kb lim: 12901 exec/s: 3601 rss: 78Mb L: 356/12901 MS: 2 InsertRepeatedBytes-EraseBytes-
#248786	REDUCE cov: 1461 ft: 4308 corp: 715/906Kb lim: 12901 exec/s: 3605 rss: 78Mb L: 252/12901 MS: 2 ChangeByte-EraseBytes-
#249002	REDUCE cov: 1462 ft: 4309 corp: 716/915Kb lim: 12901 exec/s: 3608 rss: 78Mb L: 9364/12901 MS: 1 PersAutoDict- DE: "\006\000\000\000"-
#249058	REDUCE cov: 1462 ft: 4309 corp: 716/915Kb lim: 12901 exec/s: 3609 rss: 78Mb L: 684/12901 MS: 1 EraseBytes-
#249124	REDUCE cov: 1462 ft: 4309 corp: 716/915Kb lim: 12901 exec/s: 3610 rss: 78Mb L: 548/12901 MS: 1 EraseBytes-
#249727	REDUCE cov: 1462 ft: 4309 corp: 716/915Kb lim: 12901 exec/s: 3619 rss: 78Mb L: 402/12901 MS: 3 InsertByte-ChangeBinInt-EraseBytes-
#249958	REDUCE cov: 1462 ft: 4309 corp: 716/915Kb lim: 12901 exec/s: 3622 rss: 78Mb L: 265/12901 MS: 1 EraseBytes-
#250082	REDUCE cov: 1462 ft: 4309 corp: 716/915Kb lim: 12901 exec/s: 3624 rss: 78Mb L: 1705/12901 MS: 4 InsertRepeatedBytes-CMP-CMP-EraseBytes- DE: "sBIT"-"Z\000"-
#250168	REDUCE cov: 1462 ft: 4309 corp: 716/915Kb lim: 12901 exec/s: 3625 rss: 78Mb L: 298/12901 MS: 1 EraseBytes-
#251050	REDUCE cov: 1462 ft: 4309 corp: 716/915Kb lim: 12901 exec/s: 3586 rss: 78Mb L: 672/12901 MS: 2 ChangeByte-EraseBytes-
#251441	REDUCE cov: 1462 ft: 4309 corp: 716/915Kb lim: 12901 exec/s: 3592 rss: 78Mb L: 193/12901 MS: 1 EraseBytes-
#252046	REDUCE cov: 1463 ft: 4310 corp: 717/917Kb lim: 12901 exec/s: 3600 rss: 78Mb L: 2073/12901 MS: 5 CrossOver-ChangeByte-CMP-InsertByte-CMP- DE: "\377\377\377\377\377\377\377\013"-"\304\000\000\000\000\000\000\000"-
#252188	REDUCE cov: 1463 ft: 4310 corp: 717/917Kb lim: 12901 exec/s: 3602 rss: 78Mb L: 129/12901 MS: 2 InsertRepeatedBytes-EraseBytes-
#252555	REDUCE cov: 1463 ft: 4310 corp: 717/916Kb lim: 12901 exec/s: 3607 rss: 78Mb L: 855/12901 MS: 2 ChangeASCIIInt-EraseBytes-
#252676	REDUCE cov: 1463 ft: 4310 corp: 717/916Kb lim: 12901 exec/s: 3609 rss: 78Mb L: 216/12901 MS: 1 EraseBytes-
#252722	REDUCE cov: 1464 ft: 4311 corp: 718/917Kb lim: 12901 exec/s: 3610 rss: 78Mb L: 479/12901 MS: 1 ChangeBinInt-
#254135	REDUCE cov: 1464 ft: 4311 corp: 718/917Kb lim: 12901 exec/s: 3579 rss: 78Mb L: 1619/12901 MS: 3 ShuffleBytes-ChangeASCIIInt-EraseBytes-
#254177	REDUCE cov: 1464 ft: 4312 corp: 719/918Kb lim: 12901 exec/s: 3579 rss: 78Mb L: 841/12901 MS: 2 PersAutoDict-CMP- DE: "\012\000\000\000\000\000\000\000"-"\025\000"-
#254641	REDUCE cov: 1464 ft: 4312 corp: 719/918Kb lim: 12901 exec/s: 3586 rss: 78Mb L: 358/12901 MS: 4 ChangeByte-CMP-ChangeByte-EraseBytes- DE: "\377\377\377\214"-
#254704	REDUCE cov: 1464 ft: 4312 corp: 719/918Kb lim: 12901 exec/s: 3587 rss: 78Mb L: 359/12901 MS: 3 ChangeByte-ShuffleBytes-EraseBytes-
#254805	REDUCE cov: 1464 ft: 4312 corp: 719/918Kb lim: 12901 exec/s: 3588 rss: 78Mb L: 49/12901 MS: 1 EraseBytes-
#255032	REDUCE cov: 1464 ft: 4312 corp: 719/918Kb lim: 12901 exec/s: 3592 rss: 78Mb L: 848/12901 MS: 2 EraseBytes-CopyPart-
#255049	REDUCE cov: 1464 ft: 4312 corp: 719/917Kb lim: 12901 exec/s: 3592 rss: 78Mb L: 1171/12901 MS: 2 CMP-EraseBytes- DE: "\001\000\000\000\000\000\000\303"-
#255080	NEW    cov: 1464 ft: 4313 corp: 720/917Kb lim: 12901 exec/s: 3592 rss: 78Mb L: 643/12901 MS: 1 ChangeASCIIInt-
#255146	REDUCE cov: 1464 ft: 4313 corp: 720/917Kb lim: 12901 exec/s: 3593 rss: 78Mb L: 103/12901 MS: 1 EraseBytes-
#255279	REDUCE cov: 1464 ft: 4313 corp: 720/917Kb lim: 12901 exec/s: 3595 rss: 78Mb L: 315/12901 MS: 3 ChangeASCIIInt-ChangeBinInt-EraseBytes-
#256082	REDUCE cov: 1464 ft: 4313 corp: 720/917Kb lim: 12901 exec/s: 3606 rss: 78Mb L: 122/12901 MS: 3 PersAutoDict-ShuffleBytes-EraseBytes- DE: "\001\000\000#"-
#256183	REDUCE cov: 1464 ft: 4313 corp: 720/917Kb lim: 12901 exec/s: 3608 rss: 78Mb L: 1439/12901 MS: 1 EraseBytes-
#256414	REDUCE cov: 1464 ft: 4313 corp: 720/917Kb lim: 12901 exec/s: 3611 rss: 78Mb L: 172/12901 MS: 1 EraseBytes-
#256838	REDUCE cov: 1464 ft: 4313 corp: 720/917Kb lim: 12901 exec/s: 3617 rss: 78Mb L: 441/12901 MS: 4 ChangeBit-ShuffleBytes-ShuffleBytes-EraseBytes-
#257202	REDUCE cov: 1464 ft: 4313 corp: 720/917Kb lim: 12901 exec/s: 3622 rss: 78Mb L: 426/12901 MS: 4 ChangeASCIIInt-PersAutoDict-InsertRepeatedBytes-EraseBytes- DE: "\001\000"-
#257464	REDUCE cov: 1464 ft: 4313 corp: 720/917Kb lim: 12901 exec/s: 3626 rss: 78Mb L: 116/12901 MS: 2 PersAutoDict-EraseBytes- DE: "\000\000\000&"-
#258017	REDUCE cov: 1464 ft: 4313 corp: 720/917Kb lim: 12901 exec/s: 3634 rss: 78Mb L: 437/12901 MS: 3 ChangeBinInt-ChangeBit-EraseBytes-
#258863	REDUCE cov: 1464 ft: 4313 corp: 720/917Kb lim: 12901 exec/s: 3595 rss: 78Mb L: 70/12901 MS: 1 EraseBytes-
#259281	REDUCE cov: 1464 ft: 4313 corp: 720/917Kb lim: 12901 exec/s: 3601 rss: 78Mb L: 359/12901 MS: 3 ChangeASCIIInt-ChangeASCIIInt-EraseBytes-
#259357	REDUCE cov: 1464 ft: 4313 corp: 720/916Kb lim: 12901 exec/s: 3602 rss: 78Mb L: 1003/12901 MS: 1 EraseBytes-
#260743	REDUCE cov: 1464 ft: 4313 corp: 720/916Kb lim: 12901 exec/s: 3621 rss: 78Mb L: 771/12901 MS: 1 EraseBytes-
#261131	REDUCE cov: 1464 ft: 4313 corp: 720/916Kb lim: 12901 exec/s: 3626 rss: 78Mb L: 62/12901 MS: 3 ChangeByte-ShuffleBytes-EraseBytes-
#261437	REDUCE cov: 1464 ft: 4313 corp: 720/916Kb lim: 12901 exec/s: 3631 rss: 78Mb L: 192/12901 MS: 1 EraseBytes-
#261953	REDUCE cov: 1464 ft: 4313 corp: 720/916Kb lim: 12901 exec/s: 3638 rss: 78Mb L: 131/12901 MS: 1 EraseBytes-
#262077	REDUCE cov: 1464 ft: 4313 corp: 720/916Kb lim: 12901 exec/s: 3639 rss: 78Mb L: 1241/12901 MS: 4 ShuffleBytes-ChangeBinInt-CrossOver-EraseBytes-
#262089	REDUCE cov: 1464 ft: 4313 corp: 720/916Kb lim: 12901 exec/s: 3640 rss: 78Mb L: 9371/12901 MS: 2 ChangeBit-EraseBytes-
#262144	pulse  cov: 1464 ft: 4313 corp: 720/916Kb lim: 12901 exec/s: 3640 rss: 78Mb
#262305	REDUCE cov: 1464 ft: 4314 corp: 721/916Kb lim: 12901 exec/s: 3643 rss: 78Mb L: 430/12901 MS: 1 PersAutoDict- DE: "\377\377\377\214"-
#262353	REDUCE cov: 1464 ft: 4314 corp: 721/916Kb lim: 12901 exec/s: 3643 rss: 78Mb L: 261/12901 MS: 3 ShuffleBytes-ChangeByte-EraseBytes-
#262924	REDUCE cov: 1464 ft: 4314 corp: 721/916Kb lim: 12901 exec/s: 3601 rss: 78Mb L: 191/12901 MS: 1 EraseBytes-
#263147	REDUCE cov: 1464 ft: 4314 corp: 721/916Kb lim: 12901 exec/s: 3604 rss: 78Mb L: 805/12901 MS: 3 ChangeASCIIInt-ChangeByte-EraseBytes-
#264148	REDUCE cov: 1464 ft: 4314 corp: 721/916Kb lim: 12901 exec/s: 3618 rss: 78Mb L: 186/12901 MS: 1 EraseBytes-
#264579	REDUCE cov: 1464 ft: 4314 corp: 721/916Kb lim: 12901 exec/s: 3624 rss: 78Mb L: 179/12901 MS: 1 EraseBytes-
#264691	REDUCE cov: 1464 ft: 4314 corp: 721/916Kb lim: 12901 exec/s: 3625 rss: 78Mb L: 342/12901 MS: 2 InsertByte-EraseBytes-
#265032	REDUCE cov: 1464 ft: 4314 corp: 721/916Kb lim: 12901 exec/s: 3630 rss: 78Mb L: 143/12901 MS: 1 EraseBytes-
#266939	REDUCE cov: 1464 ft: 4314 corp: 721/916Kb lim: 12901 exec/s: 3607 rss: 78Mb L: 99/12901 MS: 2 CMP-EraseBytes- DE: "\377\377\377\377\377\377\377\377"-
#267100	REDUCE cov: 1464 ft: 4314 corp: 721/916Kb lim: 12901 exec/s: 3609 rss: 78Mb L: 75/12901 MS: 1 EraseBytes-
#267601	REDUCE cov: 1464 ft: 4314 corp: 721/916Kb lim: 12901 exec/s: 3616 rss: 78Mb L: 65/12901 MS: 1 EraseBytes-
#267750	REDUCE cov: 1464 ft: 4314 corp: 721/916Kb lim: 12901 exec/s: 3618 rss: 78Mb L: 324/12901 MS: 4 CMP-ChangeByte-InsertByte-EraseBytes- DE: "\377N"-
#268569	REDUCE cov: 1464 ft: 4314 corp: 721/916Kb lim: 12901 exec/s: 3629 rss: 78Mb L: 705/12901 MS: 4 ChangeByte-CopyPart-ChangeBit-EraseBytes-
#269196	REDUCE cov: 1464 ft: 4314 corp: 721/916Kb lim: 12901 exec/s: 3637 rss: 78Mb L: 1802/12901 MS: 2 ChangeByte-EraseBytes-
#269978	NEW    cov: 1464 ft: 4317 corp: 722/916Kb lim: 12901 exec/s: 3648 rss: 78Mb L: 684/12901 MS: 2 ChangeBinInt-ChangeByte-
#270699	REDUCE cov: 1464 ft: 4317 corp: 722/916Kb lim: 12901 exec/s: 3658 rss: 78Mb L: 128/12901 MS: 1 EraseBytes-
#270788	NEW    cov: 1464 ft: 4318 corp: 723/917Kb lim: 12901 exec/s: 3610 rss: 78Mb L: 155/12901 MS: 4 ShuffleBytes-InsertRepeatedBytes-EraseBytes-EraseBytes-
#272169	REDUCE cov: 1464 ft: 4318 corp: 723/917Kb lim: 12901 exec/s: 3628 rss: 78Mb L: 66/12901 MS: 1 EraseBytes-
#272250	REDUCE cov: 1464 ft: 4318 corp: 723/917Kb lim: 12901 exec/s: 3630 rss: 78Mb L: 408/12901 MS: 1 EraseBytes-
#272411	NEW    cov: 1464 ft: 4319 corp: 724/917Kb lim: 12901 exec/s: 3632 rss: 78Mb L: 644/12901 MS: 1 InsertByte-
#272774	REDUCE cov: 1464 ft: 4319 corp: 724/917Kb lim: 12901 exec/s: 3636 rss: 78Mb L: 8694/12901 MS: 3 ChangeBit-ChangeASCIIInt-EraseBytes-
#273191	REDUCE cov: 1464 ft: 4319 corp: 724/917Kb lim: 12901 exec/s: 3642 rss: 78Mb L: 114/12901 MS: 2 ChangeByte-EraseBytes-
#273532	REDUCE cov: 1464 ft: 4319 corp: 724/917Kb lim: 12901 exec/s: 3647 rss: 78Mb L: 971/12901 MS: 1 EraseBytes-
#274463	REDUCE cov: 1464 ft: 4319 corp: 724/917Kb lim: 12901 exec/s: 3611 rss: 78Mb L: 139/12901 MS: 1 EraseBytes-
#274626	REDUCE cov: 1464 ft: 4319 corp: 724/917Kb lim: 12901 exec/s: 3613 rss: 78Mb L: 790/12901 MS: 3 PersAutoDict-ChangeBinInt-EraseBytes- DE: "\003\000\000\000"-
#275374	REDUCE cov: 1464 ft: 4319 corp: 724/917Kb lim: 12901 exec/s: 3623 rss: 78Mb L: 519/12901 MS: 3 ChangeASCIIInt-ChangeBit-EraseBytes-
#275567	REDUCE cov: 1464 ft: 4319 corp: 724/917Kb lim: 12901 exec/s: 3625 rss: 78Mb L: 236/12901 MS: 3 CopyPart-PersAutoDict-EraseBytes- DE: "\377\377\377\377\377\377\377\007"-
#276483	REDUCE cov: 1464 ft: 4319 corp: 724/916Kb lim: 12901 exec/s: 3637 rss: 78Mb L: 8697/12901 MS: 1 EraseBytes-
#276542	REDUCE cov: 1464 ft: 4319 corp: 724/916Kb lim: 12901 exec/s: 3638 rss: 78Mb L: 1440/12901 MS: 4 ChangeByte-ShuffleBytes-CMP-EraseBytes- DE: "\001\000\000\000\000\000\000\022"-
#276707	REDUCE cov: 1464 ft: 4319 corp: 724/916Kb lim: 12901 exec/s: 3640 rss: 78Mb L: 1442/12901 MS: 5 InsertRepeatedBytes-PersAutoDict-CopyPart-CopyPart-EraseBytes- DE: "\377\377\377\377\377\377\0009"-
#276778	REDUCE cov: 1464 ft: 4319 corp: 724/916Kb lim: 12901 exec/s: 3641 rss: 78Mb L: 1722/12901 MS: 1 EraseBytes-
#277379	REDUCE cov: 1464 ft: 4319 corp: 724/916Kb lim: 12901 exec/s: 3649 rss: 78Mb L: 128/12901 MS: 1 EraseBytes-
#277710	REDUCE cov: 1464 ft: 4319 corp: 724/916Kb lim: 12901 exec/s: 3654 rss: 78Mb L: 317/12901 MS: 1 EraseBytes-
#277928	REDUCE cov: 1464 ft: 4319 corp: 724/916Kb lim: 12901 exec/s: 3656 rss: 78Mb L: 2023/12901 MS: 3 ChangeBinInt-EraseBytes-InsertRepeatedBytes-
#278097	NEW    cov: 1464 ft: 4320 corp: 725/917Kb lim: 12901 exec/s: 3611 rss: 78Mb L: 643/12901 MS: 4 PersAutoDict-ShuffleBytes-ChangeASCIIInt-CrossOver- DE: "\013\000\000\000"-
#278403	REDUCE cov: 1464 ft: 4320 corp: 725/917Kb lim: 12901 exec/s: 3615 rss: 78Mb L: 657/12901 MS: 1 EraseBytes-
#279548	NEW    cov: 1466 ft: 4322 corp: 726/919Kb lim: 12901 exec/s: 3630 rss: 78Mb L: 2625/12901 MS: 5 ChangeBinInt-CopyPart-InsertByte-PersAutoDict-CMP- DE: "\377\377\377\377\377\377\377\007"-"fcTL"-
#280736	REDUCE cov: 1466 ft: 4322 corp: 726/919Kb lim: 12901 exec/s: 3645 rss: 78Mb L: 410/12901 MS: 3 CrossOver-EraseBytes-EraseBytes-
#280867	REDUCE cov: 1466 ft: 4322 corp: 726/919Kb lim: 12901 exec/s: 3647 rss: 78Mb L: 61/12901 MS: 1 EraseBytes-
#281578	REDUCE cov: 1466 ft: 4322 corp: 726/919Kb lim: 12901 exec/s: 3656 rss: 78Mb L: 120/12901 MS: 1 EraseBytes-
#281817	REDUCE cov: 1467 ft: 4323 corp: 727/921Kb lim: 12901 exec/s: 3659 rss: 78Mb L: 1541/12901 MS: 4 CrossOver-InsertRepeatedBytes-ChangeASCIIInt-PersAutoDict- DE: "\015\000\000\000\000\000\000\000"-
#282275	REDUCE cov: 1467 ft: 4323 corp: 727/921Kb lim: 12901 exec/s: 3665 rss: 78Mb L: 542/12901 MS: 3 EraseBytes-ChangeBit-CrossOver-
#282596	REDUCE cov: 1467 ft: 4323 corp: 727/921Kb lim: 12901 exec/s: 3623 rss: 78Mb L: 2044/12901 MS: 1 EraseBytes-
#282637	REDUCE cov: 1467 ft: 4323 corp: 727/920Kb lim: 12901 exec/s: 3623 rss: 78Mb L: 136/12901 MS: 1 EraseBytes-
#282668	REDUCE cov: 1467 ft: 4323 corp: 727/920Kb lim: 12901 exec/s: 3623 rss: 78Mb L: 3153/12901 MS: 1 EraseBytes-
#282910	REDUCE cov: 1467 ft: 4323 corp: 727/920Kb lim: 12901 exec/s: 3627 rss: 78Mb L: 217/12901 MS: 2 ChangeBit-EraseBytes-
#283524	REDUCE cov: 1467 ft: 4323 corp: 727/920Kb lim: 12901 exec/s: 3634 rss: 78Mb L: 1127/12901 MS: 4 InsertByte-InsertByte-ShuffleBytes-EraseBytes-
#283634	REDUCE cov: 1467 ft: 4334 corp: 728/921Kb lim: 12901 exec/s: 3636 rss: 78Mb L: 1023/12901 MS: 5 CrossOver-ChangeASCIIInt-ChangeBinInt-InsertByte-CrossOver-
#283806	REDUCE cov: 1467 ft: 4334 corp: 728/921Kb lim: 12901 exec/s: 3638 rss: 78Mb L: 394/12901 MS: 2 PersAutoDict-EraseBytes- DE: "LTca"-
#284535	REDUCE cov: 1467 ft: 4334 corp: 728/921Kb lim: 12901 exec/s: 3647 rss: 78Mb L: 126/12901 MS: 4 ChangeBit-InsertRepeatedBytes-CopyPart-EraseBytes-
#284611	REDUCE cov: 1467 ft: 4335 corp: 729/921Kb lim: 12901 exec/s: 3648 rss: 78Mb L: 148/12901 MS: 1 CMP- DE: "\001\000\000\000"-
#284772	REDUCE cov: 1467 ft: 4335 corp: 729/921Kb lim: 12901 exec/s: 3650 rss: 78Mb L: 69/12901 MS: 1 EraseBytes-
#286948	REDUCE cov: 1467 ft: 4335 corp: 729/921Kb lim: 12901 exec/s: 3632 rss: 78Mb L: 88/12901 MS: 1 EraseBytes-
#287074	REDUCE cov: 1468 ft: 4336 corp: 730/921Kb lim: 12901 exec/s: 3633 rss: 78Mb L: 548/12901 MS: 1 ShuffleBytes-
#287625	REDUCE cov: 1468 ft: 4336 corp: 730/921Kb lim: 12901 exec/s: 3640 rss: 78Mb L: 149/12901 MS: 1 EraseBytes-
#287788	REDUCE cov: 1468 ft: 4336 corp: 730/921Kb lim: 12901 exec/s: 3642 rss: 78Mb L: 144/12901 MS: 3 InsertByte-ChangeBinInt-EraseBytes-
#287995	REDUCE cov: 1468 ft: 4336 corp: 730/921Kb lim: 12901 exec/s: 3645 rss: 78Mb L: 113/12901 MS: 2 CopyPart-EraseBytes-
#288626	REDUCE cov: 1468 ft: 4336 corp: 730/921Kb lim: 12901 exec/s: 3653 rss: 78Mb L: 40/12901 MS: 1 EraseBytes-
#289322	REDUCE cov: 1468 ft: 4336 corp: 730/921Kb lim: 12901 exec/s: 3662 rss: 78Mb L: 2174/12901 MS: 1 EraseBytes-
#289435	REDUCE cov: 1468 ft: 4336 corp: 730/921Kb lim: 12901 exec/s: 3663 rss: 78Mb L: 2006/12901 MS: 3 ChangeASCIIInt-ChangeBit-EraseBytes-
#289829	REDUCE cov: 1468 ft: 4336 corp: 730/921Kb lim: 12901 exec/s: 3668 rss: 78Mb L: 8612/12901 MS: 4 CopyPart-ChangeASCIIInt-CrossOver-InsertRepeatedBytes-
#290615	REDUCE cov: 1469 ft: 4337 corp: 731/921Kb lim: 12901 exec/s: 3632 rss: 78Mb L: 258/12901 MS: 1 ShuffleBytes-
#290786	NEW    cov: 1469 ft: 4340 corp: 732/921Kb lim: 12901 exec/s: 3634 rss: 78Mb L: 135/12901 MS: 1 PersAutoDict- DE: "\006\000\000\000"-
#291247	REDUCE cov: 1469 ft: 4340 corp: 732/921Kb lim: 12901 exec/s: 3640 rss: 78Mb L: 774/12901 MS: 1 EraseBytes-
#291464	REDUCE cov: 1469 ft: 4340 corp: 732/921Kb lim: 12901 exec/s: 3643 rss: 78Mb L: 1061/12901 MS: 2 ChangeByte-EraseBytes-
#291507	REDUCE cov: 1469 ft: 4341 corp: 733/922Kb lim: 12901 exec/s: 3643 rss: 78Mb L: 722/12901 MS: 3 ChangeBinInt-ChangeASCIIInt-PersAutoDict- DE: "+\000"-
#291538	REDUCE cov: 1469 ft: 4341 corp: 733/922Kb lim: 12901 exec/s: 3644 rss: 78Mb L: 87/12901 MS: 1 EraseBytes-
#291651	REDUCE cov: 1469 ft: 4341 corp: 733/921Kb lim: 12901 exec/s: 3645 rss: 78Mb L: 1553/12901 MS: 3 ChangeASCIIInt-InsertRepeatedBytes-EraseBytes-
#291823	REDUCE cov: 1469 ft: 4341 corp: 733/921Kb lim: 12901 exec/s: 3647 rss: 78Mb L: 832/12901 MS: 2 ChangeByte-EraseBytes-
#292185	REDUCE cov: 1469 ft: 4341 corp: 733/921Kb lim: 12901 exec/s: 3652 rss: 78Mb L: 95/12901 MS: 2 ChangeByte-EraseBytes-
#292246	REDUCE cov: 1469 ft: 4341 corp: 733/921Kb lim: 12901 exec/s: 3653 rss: 78Mb L: 1936/12901 MS: 1 EraseBytes-
#292749	REDUCE cov: 1469 ft: 4341 corp: 733/921Kb lim: 12901 exec/s: 3659 rss: 78Mb L: 597/12901 MS: 3 ChangeByte-ChangeBit-EraseBytes-
#292862	REDUCE cov: 1469 ft: 4341 corp: 733/921Kb lim: 12901 exec/s: 3660 rss: 78Mb L: 107/12901 MS: 3 ShuffleBytes-ChangeBinInt-EraseBytes-
#293668	REDUCE cov: 1469 ft: 4341 corp: 733/921Kb lim: 12901 exec/s: 3670 rss: 78Mb L: 766/12901 MS: 1 EraseBytes-
#293866	REDUCE cov: 1469 ft: 4341 corp: 733/921Kb lim: 12901 exec/s: 3627 rss: 78Mb L: 372/12901 MS: 3 ChangeBinInt-ChangeByte-EraseBytes-
#294414	REDUCE cov: 1469 ft: 4341 corp: 733/921Kb lim: 12901 exec/s: 3634 rss: 78Mb L: 425/12901 MS: 3 ChangeBit-CMP-EraseBytes- DE: "HEND"-
#294635	REDUCE cov: 1469 ft: 4341 corp: 733/921Kb lim: 12901 exec/s: 3637 rss: 78Mb L: 76/12901 MS: 1 EraseBytes-
#295143	REDUCE cov: 1469 ft: 4341 corp: 733/921Kb lim: 12901 exec/s: 3643 rss: 78Mb L: 65/12901 MS: 3 InsertByte-InsertByte-EraseBytes-
#295759	REDUCE cov: 1469 ft: 4341 corp: 733/920Kb lim: 12901 exec/s: 3651 rss: 78Mb L: 269/12901 MS: 1 EraseBytes-
#296440	REDUCE cov: 1469 ft: 4341 corp: 733/920Kb lim: 12901 exec/s: 3659 rss: 78Mb L: 427/12901 MS: 1 EraseBytes-
#296496	REDUCE cov: 1469 ft: 4341 corp: 733/920Kb lim: 12901 exec/s: 3660 rss: 78Mb L: 64/12901 MS: 1 EraseBytes-
#296948	REDUCE cov: 1469 ft: 4341 corp: 733/920Kb lim: 12901 exec/s: 3666 rss: 78Mb L: 986/12901 MS: 2 ChangeByte-EraseBytes-
#297639	REDUCE cov: 1469 ft: 4341 corp: 733/920Kb lim: 12901 exec/s: 3629 rss: 78Mb L: 544/12901 MS: 1 EraseBytes-
#297945	REDUCE cov: 1469 ft: 4341 corp: 733/920Kb lim: 12901 exec/s: 3633 rss: 78Mb L: 78/12901 MS: 1 EraseBytes-
#299446	REDUCE cov: 1469 ft: 4341 corp: 733/920Kb lim: 12901 exec/s: 3651 rss: 78Mb L: 85/12901 MS: 1 EraseBytes-
#299571	REDUCE cov: 1469 ft: 4341 corp: 733/920Kb lim: 12901 exec/s: 3653 rss: 78Mb L: 48/12901 MS: 5 ChangeByte-CMP-ShuffleBytes-ChangeBinInt-EraseBytes- DE: "\302\000\000\000\000\000\000\000"-
#299813	REDUCE cov: 1469 ft: 4341 corp: 733/920Kb lim: 12901 exec/s: 3656 rss: 78Mb L: 1467/12901 MS: 2 ShuffleBytes-EraseBytes-
#300020	REDUCE cov: 1469 ft: 4341 corp: 733/920Kb lim: 12901 exec/s: 3658 rss: 78Mb L: 1445/12901 MS: 2 CopyPart-EraseBytes-
#300948	REDUCE cov: 1470 ft: 4342 corp: 734/920Kb lim: 12901 exec/s: 3670 rss: 78Mb L: 515/12901 MS: 3 ChangeASCIIInt-CopyPart-CopyPart-
#302414	REDUCE cov: 1470 ft: 4342 corp: 734/920Kb lim: 12901 exec/s: 3643 rss: 78Mb L: 394/12901 MS: 1 EraseBytes-
#302756	REDUCE cov: 1470 ft: 4342 corp: 734/920Kb lim: 12901 exec/s: 3647 rss: 78Mb L: 327/12901 MS: 2 PersAutoDict-EraseBytes- DE: "\377\377\377Y"-
#303083	REDUCE cov: 1470 ft: 4342 corp: 734/920Kb lim: 12901 exec/s: 3651 rss: 78Mb L: 931/12901 MS: 2 ChangeASCIIInt-EraseBytes-
#303344	NEW    cov: 1470 ft: 4346 corp: 735/920Kb lim: 12901 exec/s: 3654 rss: 78Mb L: 621/12901 MS: 1 CopyPart-
#303532	REDUCE cov: 1470 ft: 4346 corp: 735/920Kb lim: 12901 exec/s: 3657 rss: 78Mb L: 867/12901 MS: 3 CopyPart-CopyPart-EraseBytes-
#303593	REDUCE cov: 1471 ft: 4347 corp: 736/921Kb lim: 12901 exec/s: 3657 rss: 78Mb L: 454/12901 MS: 1 ShuffleBytes-
#303829	NEW    cov: 1471 ft: 4348 corp: 737/929Kb lim: 12901 exec/s: 3660 rss: 78Mb L: 8835/12901 MS: 1 CMP- DE: "sBIT"-
#304295	REDUCE cov: 1471 ft: 4348 corp: 737/929Kb lim: 12901 exec/s: 3666 rss: 78Mb L: 241/12901 MS: 1 EraseBytes-
#304421	REDUCE cov: 1471 ft: 4348 corp: 737/929Kb lim: 12901 exec/s: 3667 rss: 78Mb L: 35/12901 MS: 1 EraseBytes-
#304422	NEW    cov: 1471 ft: 4349 corp: 738/929Kb lim: 12901 exec/s: 3667 rss: 78Mb L: 135/12901 MS: 1 ShuffleBytes-
#304653	REDUCE cov: 1471 ft: 4349 corp: 738/929Kb lim: 12901 exec/s: 3670 rss: 78Mb L: 94/12901 MS: 1 EraseBytes-
#304654	REDUCE cov: 1471 ft: 4349 corp: 738/929Kb lim: 12901 exec/s: 3670 rss: 78Mb L: 540/12901 MS: 1 EraseBytes-
#305071	REDUCE cov: 1471 ft: 4349 corp: 738/929Kb lim: 12901 exec/s: 3675 rss: 78Mb L: 2097/12901 MS: 2 PersAutoDict-EraseBytes- DE: "\020\000"-
#305572	REDUCE cov: 1471 ft: 4349 corp: 738/929Kb lim: 12901 exec/s: 3681 rss: 78Mb L: 1525/12901 MS: 1 EraseBytes-
#306444	REDUCE cov: 1471 ft: 4349 corp: 738/929Kb lim: 12901 exec/s: 3648 rss: 78Mb L: 129/12901 MS: 2 CrossOver-EraseBytes-
#306807	REDUCE cov: 1471 ft: 4349 corp: 738/929Kb lim: 12901 exec/s: 3652 rss: 78Mb L: 2828/12901 MS: 3 InsertByte-ChangeASCIIInt-EraseBytes-
#306898	NEW    cov: 1471 ft: 4350 corp: 739/930Kb lim: 12901 exec/s: 3653 rss: 78Mb L: 454/12901 MS: 1 ChangeASCIIInt-
#308183	REDUCE cov: 1471 ft: 4350 corp: 739/929Kb lim: 12901 exec/s: 3668 rss: 78Mb L: 1349/12901 MS: 5 InsertByte-ChangeByte-PersAutoDict-ChangeASCIIInt-EraseBytes- DE: "\377\377\377\377\377\377\377\027"-
#308627	REDUCE cov: 1471 ft: 4351 corp: 740/939Kb lim: 12901 exec/s: 3674 rss: 78Mb L: 10035/12901 MS: 4 CrossOver-CMP-ChangeASCIIInt-InsertRepeatedBytes- DE: "hIST"-
#308849	NEW    cov: 1471 ft: 4352 corp: 741/939Kb lim: 12901 exec/s: 3676 rss: 78Mb L: 249/12901 MS: 2 InsertRepeatedBytes-ChangeByte-
#309106	REDUCE cov: 1471 ft: 4352 corp: 741/939Kb lim: 12901 exec/s: 3679 rss: 78Mb L: 677/12901 MS: 2 InsertRepeatedBytes-EraseBytes-
#309514	NEW    cov: 1471 ft: 4354 corp: 742/951Kb lim: 12901 exec/s: 3641 rss: 78Mb L: 11851/12901 MS: 3 ChangeASCIIInt-CrossOver-CopyPart-
#309571	REDUCE cov: 1471 ft: 4354 corp: 742/951Kb lim: 12901 exec/s: 3642 rss: 78Mb L: 55/12901 MS: 2 PersAutoDict-EraseBytes- DE: "\000\000\000\000\000\000\010r"-
#309628	REDUCE cov: 1471 ft: 4354 corp: 742/951Kb lim: 12901 exec/s: 3642 rss: 78Mb L: 207/12901 MS: 2 ChangeByte-EraseBytes-
#309729	REDUCE cov: 1471 ft: 4354 corp: 742/951Kb lim: 12901 exec/s: 3643 rss: 78Mb L: 33/12901 MS: 1 EraseBytes-
#310500	REDUCE cov: 1471 ft: 4354 corp: 742/951Kb lim: 12901 exec/s: 3652 rss: 78Mb L: 783/12901 MS: 1 EraseBytes-
#310523	REDUCE cov: 1471 ft: 4354 corp: 742/950Kb lim: 12901 exec/s: 3653 rss: 78Mb L: 679/12901 MS: 3 CopyPart-ChangeBinInt-EraseBytes-
#310611	REDUCE cov: 1471 ft: 4354 corp: 742/950Kb lim: 12901 exec/s: 3654 rss: 78Mb L: 131/12901 MS: 3 ChangeASCIIInt-ChangeBit-EraseBytes-
#310924	REDUCE cov: 1471 ft: 4354 corp: 742/950Kb lim: 12901 exec/s: 3657 rss: 78Mb L: 81/12901 MS: 3 ChangeASCIIInt-PersAutoDict-EraseBytes- DE: "\001\000\000\000\000\000\000\303"-
#311195	NEW    cov: 1471 ft: 4355 corp: 743/951Kb lim: 12901 exec/s: 3661 rss: 78Mb L: 454/12901 MS: 1 ChangeByte-
#311742	NEW    cov: 1473 ft: 4357 corp: 744/951Kb lim: 12901 exec/s: 3667 rss: 78Mb L: 762/12901 MS: 2 InsertRepeatedBytes-PersAutoDict- DE: "sPLT"-
#311860	REDUCE cov: 1473 ft: 4357 corp: 744/951Kb lim: 12901 exec/s: 3668 rss: 78Mb L: 260/12901 MS: 3 ChangeByte-ChangeBinInt-EraseBytes-
#312546	REDUCE cov: 1473 ft: 4357 corp: 744/951Kb lim: 12901 exec/s: 3677 rss: 78Mb L: 50/12901 MS: 1 EraseBytes-
#312667	REDUCE cov: 1473 ft: 4357 corp: 744/951Kb lim: 12901 exec/s: 3678 rss: 78Mb L: 117/12901 MS: 1 EraseBytes-
#312669	REDUCE cov: 1473 ft: 4357 corp: 744/951Kb lim: 12901 exec/s: 3678 rss: 78Mb L: 9307/12901 MS: 2 EraseBytes-CrossOver-
#313167	REDUCE cov: 1473 ft: 4357 corp: 744/951Kb lim: 12901 exec/s: 3641 rss: 78Mb L: 99/12901 MS: 3 PersAutoDict-CrossOver-EraseBytes- DE: "\000\000\000\000\000\000\010r"-
#313298	REDUCE cov: 1473 ft: 4357 corp: 744/951Kb lim: 12901 exec/s: 3643 rss: 78Mb L: 1436/12901 MS: 1 EraseBytes-
#313938	REDUCE cov: 1473 ft: 4357 corp: 744/951Kb lim: 12901 exec/s: 3650 rss: 78Mb L: 746/12901 MS: 5 ChangeBit-ShuffleBytes-ShuffleBytes-ShuffleBytes-EraseBytes-
#313973	REDUCE cov: 1473 ft: 4357 corp: 744/951Kb lim: 12901 exec/s: 3650 rss: 78Mb L: 583/12901 MS: 5 ShuffleBytes-PersAutoDict-ChangeBinInt-ChangeBit-EraseBytes- DE: "\001\000\000\000\000\000\000\026"-
#314043	NEW    cov: 1473 ft: 4358 corp: 745/951Kb lim: 12901 exec/s: 3651 rss: 78Mb L: 462/12901 MS: 5 PersAutoDict-ChangeASCIIInt-CMP-ChangeBinInt-EraseBytes- DE: "\026\000\000\000\000\000\000\000"-"\377e"-
#314164	REDUCE cov: 1473 ft: 4358 corp: 745/951Kb lim: 12901 exec/s: 3653 rss: 78Mb L: 58/12901 MS: 1 EraseBytes-
#314547	REDUCE cov: 1473 ft: 4358 corp: 745/951Kb lim: 12901 exec/s: 3657 rss: 78Mb L: 2280/12901 MS: 3 ShuffleBytes-ChangeBit-EraseBytes-
#314723	REDUCE cov: 1473 ft: 4358 corp: 745/951Kb lim: 12901 exec/s: 3659 rss: 78Mb L: 2008/12901 MS: 1 EraseBytes-
#314764	REDUCE cov: 1473 ft: 4358 corp: 745/951Kb lim: 12901 exec/s: 3660 rss: 78Mb L: 56/12901 MS: 1 EraseBytes-
#315210	REDUCE cov: 1473 ft: 4358 corp: 745/951Kb lim: 12901 exec/s: 3665 rss: 78Mb L: 131/12901 MS: 1 EraseBytes-
#315386	REDUCE cov: 1473 ft: 4358 corp: 745/951Kb lim: 12901 exec/s: 3667 rss: 78Mb L: 216/12901 MS: 1 EraseBytes-
#315793	NEW    cov: 1473 ft: 4359 corp: 746/952Kb lim: 12901 exec/s: 3672 rss: 78Mb L: 221/12901 MS: 2 CMP-InsertRepeatedBytes- DE: "\205\002\000\000\000\000\000\000"-
#315845	REDUCE cov: 1473 ft: 4359 corp: 746/952Kb lim: 12901 exec/s: 3672 rss: 78Mb L: 48/12901 MS: 2 InsertRepeatedBytes-EraseBytes-
#315946	REDUCE cov: 1473 ft: 4359 corp: 746/951Kb lim: 12901 exec/s: 3673 rss: 78Mb L: 409/12901 MS: 1 EraseBytes-
#316249	REDUCE cov: 1473 ft: 4359 corp: 746/951Kb lim: 12901 exec/s: 3677 rss: 78Mb L: 224/12901 MS: 3 ChangeBinInt-ChangeByte-EraseBytes-
#316356	REDUCE cov: 1473 ft: 4359 corp: 746/951Kb lim: 12901 exec/s: 3678 rss: 78Mb L: 126/12901 MS: 2 ShuffleBytes-EraseBytes-
#316387	REDUCE cov: 1473 ft: 4359 corp: 746/951Kb lim: 12901 exec/s: 3678 rss: 78Mb L: 400/12901 MS: 1 EraseBytes-
#316514	REDUCE cov: 1473 ft: 4359 corp: 746/951Kb lim: 12901 exec/s: 3680 rss: 78Mb L: 1330/12901 MS: 2 ChangeByte-EraseBytes-
#317113	REDUCE cov: 1473 ft: 4359 corp: 746/951Kb lim: 12901 exec/s: 3644 rss: 78Mb L: 194/12901 MS: 4 CopyPart-InsertByte-ShuffleBytes-EraseBytes-
#317154	REDUCE cov: 1473 ft: 4359 corp: 746/951Kb lim: 12901 exec/s: 3645 rss: 78Mb L: 81/12901 MS: 1 EraseBytes-
#317558	REDUCE cov: 1473 ft: 4359 corp: 746/951Kb lim: 12901 exec/s: 3650 rss: 78Mb L: 2187/12901 MS: 4 ShuffleBytes-PersAutoDict-ChangeBinInt-EraseBytes- DE: "\000\000\000\000\000\000\000\011"-
#317615	REDUCE cov: 1473 ft: 4359 corp: 746/951Kb lim: 12901 exec/s: 3650 rss: 78Mb L: 466/12901 MS: 2 ShuffleBytes-EraseBytes-
#318376	REDUCE cov: 1473 ft: 4359 corp: 746/951Kb lim: 12901 exec/s: 3659 rss: 79Mb L: 646/12901 MS: 1 EraseBytes-
#318598	REDUCE cov: 1473 ft: 4359 corp: 746/951Kb lim: 12901 exec/s: 3662 rss: 79Mb L: 128/12901 MS: 2 PersAutoDict-EraseBytes- DE: "\000\000\000\031"-
#318749	REDUCE cov: 1473 ft: 4359 corp: 746/951Kb lim: 12901 exec/s: 3663 rss: 79Mb L: 58/12901 MS: 1 EraseBytes-
#319068	REDUCE cov: 1473 ft: 4359 corp: 746/945Kb lim: 12901 exec/s: 3667 rss: 79Mb L: 2759/12901 MS: 4 ChangeASCIIInt-ShuffleBytes-CopyPart-CrossOver-
#319395	REDUCE cov: 1473 ft: 4359 corp: 746/945Kb lim: 12901 exec/s: 3671 rss: 79Mb L: 158/12901 MS: 2 ChangeBinInt-EraseBytes-
#319766	REDUCE cov: 1473 ft: 4359 corp: 746/944Kb lim: 12901 exec/s: 3675 rss: 79Mb L: 523/12901 MS: 1 EraseBytes-
#320429	REDUCE cov: 1473 ft: 4359 corp: 746/944Kb lim: 12901 exec/s: 3641 rss: 79Mb L: 495/12901 MS: 3 ChangeByte-ShuffleBytes-EraseBytes-
#320600	REDUCE cov: 1473 ft: 4359 corp: 746/944Kb lim: 12901 exec/s: 3643 rss: 79Mb L: 346/12901 MS: 1 EraseBytes-
#320837	REDUCE cov: 1473 ft: 4359 corp: 746/944Kb lim: 12901 exec/s: 3645 rss: 79Mb L: 311/12901 MS: 2 ChangeBit-EraseBytes-
#320948	REDUCE cov: 1473 ft: 4359 corp: 746/944Kb lim: 12901 exec/s: 3647 rss: 79Mb L: 410/12901 MS: 1 EraseBytes-
#321244	REDUCE cov: 1473 ft: 4359 corp: 746/944Kb lim: 12901 exec/s: 3650 rss: 79Mb L: 177/12901 MS: 1 EraseBytes-
#322005	REDUCE cov: 1473 ft: 4359 corp: 746/944Kb lim: 12901 exec/s: 3659 rss: 79Mb L: 423/12901 MS: 1 EraseBytes-
#322166	REDUCE cov: 1473 ft: 4359 corp: 746/944Kb lim: 12901 exec/s: 3660 rss: 79Mb L: 425/12901 MS: 1 EraseBytes-
#322442	REDUCE cov: 1473 ft: 4360 corp: 747/944Kb lim: 12901 exec/s: 3664 rss: 79Mb L: 293/12901 MS: 1 CopyPart-
#322506	REDUCE cov: 1473 ft: 4360 corp: 747/944Kb lim: 12901 exec/s: 3664 rss: 79Mb L: 1529/12901 MS: 4 CMP-ShuffleBytes-InsertRepeatedBytes-EraseBytes- DE: "\001\002"-
#322723	REDUCE cov: 1473 ft: 4360 corp: 747/944Kb lim: 12901 exec/s: 3667 rss: 79Mb L: 380/12901 MS: 2 InsertByte-EraseBytes-
#323004	REDUCE cov: 1473 ft: 4360 corp: 747/944Kb lim: 12901 exec/s: 3670 rss: 79Mb L: 710/12901 MS: 1 EraseBytes-
#323702	REDUCE cov: 1473 ft: 4360 corp: 747/943Kb lim: 12901 exec/s: 3678 rss: 79Mb L: 8986/12901 MS: 3 ChangeASCIIInt-CopyPart-EraseBytes-
#323764	REDUCE cov: 1473 ft: 4360 corp: 747/943Kb lim: 12901 exec/s: 3679 rss: 79Mb L: 460/12901 MS: 2 ChangeBit-EraseBytes-
#325766	NEW    cov: 1474 ft: 4361 corp: 748/955Kb lim: 12901 exec/s: 3660 rss: 79Mb L: 12677/12901 MS: 2 CrossOver-ChangeByte-
#325767	REDUCE cov: 1474 ft: 4361 corp: 748/955Kb lim: 12901 exec/s: 3660 rss: 79Mb L: 553/12901 MS: 1 EraseBytes-
#326105	REDUCE cov: 1474 ft: 4361 corp: 748/954Kb lim: 12901 exec/s: 3664 rss: 79Mb L: 7354/12901 MS: 3 ChangeBit-CrossOver-EraseBytes-
#326264	REDUCE cov: 1474 ft: 4362 corp: 749/954Kb lim: 12901 exec/s: 3665 rss: 79Mb L: 183/12901 MS: 4 ChangeByte-CopyPart-ShuffleBytes-CopyPart-
#326498	REDUCE cov: 1474 ft: 4362 corp: 749/954Kb lim: 12901 exec/s: 3668 rss: 79Mb L: 931/12901 MS: 4 ShuffleBytes-ChangeBit-InsertRepeatedBytes-EraseBytes-
#326760	REDUCE cov: 1474 ft: 4362 corp: 749/954Kb lim: 12901 exec/s: 3671 rss: 79Mb L: 20/12901 MS: 2 ChangeBit-EraseBytes-
#326803	NEW    cov: 1474 ft: 4363 corp: 750/955Kb lim: 12901 exec/s: 3671 rss: 79Mb L: 750/12901 MS: 3 ShuffleBytes-ChangeASCIIInt-CopyPart-
#326939	REDUCE cov: 1474 ft: 4363 corp: 750/955Kb lim: 12901 exec/s: 3673 rss: 79Mb L: 112/12901 MS: 1 EraseBytes-
#327779	REDUCE cov: 1474 ft: 4363 corp: 750/955Kb lim: 12901 exec/s: 3641 rss: 79Mb L: 679/12901 MS: 5 InsertRepeatedBytes-CrossOver-EraseBytes-CrossOver-CopyPart-
#327987	REDUCE cov: 1474 ft: 4363 corp: 750/954Kb lim: 12901 exec/s: 3644 rss: 79Mb L: 552/12901 MS: 3 CMP-CrossOver-EraseBytes- DE: "pCAL"-
#328174	REDUCE cov: 1474 ft: 4363 corp: 750/954Kb lim: 12901 exec/s: 3646 rss: 79Mb L: 88/12901 MS: 2 ChangeBit-EraseBytes-
#328550	REDUCE cov: 1474 ft: 4363 corp: 750/954Kb lim: 12901 exec/s: 3650 rss: 79Mb L: 82/12901 MS: 1 EraseBytes-
#328613	REDUCE cov: 1474 ft: 4363 corp: 750/954Kb lim: 12901 exec/s: 3651 rss: 79Mb L: 16/12901 MS: 3 ChangeBinInt-InsertByte-EraseBytes-
#328692	REDUCE cov: 1474 ft: 4363 corp: 750/953Kb lim: 12901 exec/s: 3652 rss: 79Mb L: 1393/12901 MS: 4 ShuffleBytes-InsertRepeatedBytes-PersAutoDict-CrossOver- DE: "\001\000\000\000\000\000\000?"-
#328841	NEW    cov: 1475 ft: 4366 corp: 751/954Kb lim: 12901 exec/s: 3653 rss: 79Mb L: 1450/12901 MS: 4 CopyPart-InsertByte-ChangeASCIIInt-PersAutoDict- DE: "\006\000\000\000"-
#328973	REDUCE cov: 1475 ft: 4366 corp: 751/954Kb lim: 12901 exec/s: 3655 rss: 79Mb L: 206/12901 MS: 2 ChangeBinInt-EraseBytes-
#330009	REDUCE cov: 1475 ft: 4366 corp: 751/954Kb lim: 12901 exec/s: 3666 rss: 79Mb L: 220/12901 MS: 1 EraseBytes-
#330145	REDUCE cov: 1475 ft: 4366 corp: 751/954Kb lim: 12901 exec/s: 3668 rss: 79Mb L: 133/12901 MS: 1 EraseBytes-
#330216	NEW    cov: 1475 ft: 4373 corp: 752/955Kb lim: 12901 exec/s: 3669 rss: 79Mb L: 448/12901 MS: 1 ShuffleBytes-
#330438	REDUCE cov: 1475 ft: 4373 corp: 752/955Kb lim: 12901 exec/s: 3671 rss: 79Mb L: 37/12901 MS: 2 PersAutoDict-EraseBytes- DE: "pCAL"-
#331924	REDUCE cov: 1475 ft: 4373 corp: 752/955Kb lim: 12901 exec/s: 3647 rss: 79Mb L: 139/12901 MS: 1 EraseBytes-
#332347	REDUCE cov: 1475 ft: 4373 corp: 752/955Kb lim: 12901 exec/s: 3652 rss: 79Mb L: 1521/12901 MS: 3 CMP-ChangeBinInt-EraseBytes- DE: "\211PNG\015\012\032\212"-
#332748	REDUCE cov: 1475 ft: 4373 corp: 752/955Kb lim: 12901 exec/s: 3656 rss: 79Mb L: 313/12901 MS: 1 EraseBytes-
#333374	REDUCE cov: 1475 ft: 4373 corp: 752/951Kb lim: 12901 exec/s: 3663 rss: 79Mb L: 3317/12901 MS: 1 CrossOver-
#334460	REDUCE cov: 1475 ft: 4373 corp: 752/951Kb lim: 12901 exec/s: 3675 rss: 79Mb L: 33/12901 MS: 1 EraseBytes-
#335097	REDUCE cov: 1475 ft: 4373 corp: 752/951Kb lim: 12901 exec/s: 3682 rss: 79Mb L: 1434/12901 MS: 2 ChangeBit-EraseBytes-
#335493	REDUCE cov: 1475 ft: 4373 corp: 752/951Kb lim: 12901 exec/s: 3686 rss: 79Mb L: 17/12901 MS: 1 EraseBytes-
#335759	REDUCE cov: 1475 ft: 4373 corp: 752/951Kb lim: 12901 exec/s: 3649 rss: 79Mb L: 79/12901 MS: 1 EraseBytes-
#337256	REDUCE cov: 1475 ft: 4373 corp: 752/951Kb lim: 12901 exec/s: 3665 rss: 79Mb L: 498/12901 MS: 2 ChangeASCIIInt-EraseBytes-
#339072	REDUCE cov: 1475 ft: 4373 corp: 752/951Kb lim: 12901 exec/s: 3645 rss: 79Mb L: 169/12901 MS: 1 EraseBytes-
#339236	REDUCE cov: 1475 ft: 4373 corp: 752/951Kb lim: 12901 exec/s: 3647 rss: 79Mb L: 60/12901 MS: 4 InsertRepeatedBytes-CMP-ChangeASCIIInt-EraseBytes- DE: "iCCP"-
#339243	REDUCE cov: 1475 ft: 4373 corp: 752/950Kb lim: 12901 exec/s: 3647 rss: 79Mb L: 218/12901 MS: 2 EraseBytes-EraseBytes-
#339641	REDUCE cov: 1475 ft: 4373 corp: 752/950Kb lim: 12901 exec/s: 3652 rss: 79Mb L: 204/12901 MS: 3 ChangeBit-ShuffleBytes-EraseBytes-
#339889	REDUCE cov: 1475 ft: 4373 corp: 752/950Kb lim: 12901 exec/s: 3654 rss: 79Mb L: 239/12901 MS: 3 ChangeASCIIInt-ChangeByte-EraseBytes-
#340000	NEW    cov: 1475 ft: 4374 corp: 753/951Kb lim: 12901 exec/s: 3655 rss: 79Mb L: 166/12901 MS: 1 InsertRepeatedBytes-
#340215	REDUCE cov: 1475 ft: 4374 corp: 753/951Kb lim: 12901 exec/s: 3658 rss: 79Mb L: 9345/12901 MS: 5 CMP-ChangeByte-InsertRepeatedBytes-EraseBytes-CopyPart- DE: "sPLT"-
#340479	REDUCE cov: 1475 ft: 4374 corp: 753/951Kb lim: 12901 exec/s: 3661 rss: 79Mb L: 192/12901 MS: 4 ChangeBit-CopyPart-InsertByte-EraseBytes-
#340810	REDUCE cov: 1475 ft: 4374 corp: 753/950Kb lim: 12901 exec/s: 3664 rss: 79Mb L: 473/12901 MS: 1 EraseBytes-
#340932	REDUCE cov: 1475 ft: 4375 corp: 754/961Kb lim: 12901 exec/s: 3665 rss: 79Mb L: 11220/12901 MS: 2 ChangeBinInt-CrossOver-
#341333	REDUCE cov: 1475 ft: 4375 corp: 754/961Kb lim: 12901 exec/s: 3670 rss: 79Mb L: 291/12901 MS: 1 EraseBytes-
#342060	REDUCE cov: 1475 ft: 4375 corp: 754/959Kb lim: 12901 exec/s: 3638 rss: 79Mb L: 10197/12901 MS: 2 InsertByte-EraseBytes-
#343370	REDUCE cov: 1475 ft: 4375 corp: 754/959Kb lim: 12901 exec/s: 3652 rss: 79Mb L: 131/12901 MS: 5 CrossOver-PersAutoDict-ChangeBit-ChangeBinInt-EraseBytes- DE: "{\000\000\000"-
#343636	REDUCE cov: 1475 ft: 4375 corp: 754/959Kb lim: 12901 exec/s: 3655 rss: 79Mb L: 779/12901 MS: 1 EraseBytes-
#343919	REDUCE cov: 1475 ft: 4375 corp: 754/959Kb lim: 12901 exec/s: 3658 rss: 79Mb L: 1523/12901 MS: 3 ShuffleBytes-PersAutoDict-EraseBytes- DE: "\221\000"-
#344380	REDUCE cov: 1475 ft: 4375 corp: 754/959Kb lim: 12901 exec/s: 3663 rss: 79Mb L: 23/12901 MS: 1 EraseBytes-
#344796	REDUCE cov: 1475 ft: 4375 corp: 754/959Kb lim: 12901 exec/s: 3668 rss: 79Mb L: 227/12901 MS: 1 EraseBytes-
#345102	NEW    cov: 1475 ft: 4377 corp: 755/959Kb lim: 12901 exec/s: 3671 rss: 79Mb L: 135/12901 MS: 1 ChangeBit-
#346113	REDUCE cov: 1475 ft: 4377 corp: 755/959Kb lim: 12901 exec/s: 3643 rss: 79Mb L: 91/12901 MS: 1 EraseBytes-
#346789	REDUCE cov: 1475 ft: 4377 corp: 755/959Kb lim: 12901 exec/s: 3650 rss: 79Mb L: 27/12901 MS: 1 EraseBytes-
#346932	REDUCE cov: 1475 ft: 4377 corp: 755/959Kb lim: 12901 exec/s: 3651 rss: 79Mb L: 130/12901 MS: 3 CopyPart-ChangeBit-EraseBytes-
#350057	REDUCE cov: 1475 ft: 4377 corp: 755/959Kb lim: 12901 exec/s: 3646 rss: 79Mb L: 1255/12901 MS: 5 InsertByte-ShuffleBytes-CopyPart-PersAutoDict-EraseBytes- DE: "\377\377\377\377\377\377\377\027"-
#350213	REDUCE cov: 1475 ft: 4377 corp: 755/959Kb lim: 12901 exec/s: 3648 rss: 79Mb L: 737/12901 MS: 1 EraseBytes-
#350227	REDUCE cov: 1475 ft: 4377 corp: 755/959Kb lim: 12901 exec/s: 3648 rss: 79Mb L: 122/12901 MS: 4 InsertRepeatedBytes-InsertByte-ChangeBinInt-EraseBytes-
#350478	REDUCE cov: 1475 ft: 4377 corp: 755/959Kb lim: 12901 exec/s: 3650 rss: 79Mb L: 125/12901 MS: 1 EraseBytes-
#350861	REDUCE cov: 1475 ft: 4377 corp: 755/959Kb lim: 12901 exec/s: 3654 rss: 79Mb L: 186/12901 MS: 3 EraseBytes-ChangeBit-PersAutoDict- DE: "cHRM"-
#351310	REDUCE cov: 1475 ft: 4377 corp: 755/959Kb lim: 12901 exec/s: 3659 rss: 79Mb L: 2683/12901 MS: 4 ShuffleBytes-CopyPart-InsertRepeatedBytes-CrossOver-
#351344	REDUCE cov: 1475 ft: 4377 corp: 755/959Kb lim: 12901 exec/s: 3659 rss: 79Mb L: 559/12901 MS: 4 InsertByte-ChangeBit-PersAutoDict-EraseBytes- DE: "\376\377\377\377\000\000\000\000"-
#351965	REDUCE cov: 1475 ft: 4377 corp: 755/959Kb lim: 12901 exec/s: 3666 rss: 79Mb L: 302/12901 MS: 1 EraseBytes-
#352216	REDUCE cov: 1475 ft: 4377 corp: 755/959Kb lim: 12901 exec/s: 3668 rss: 79Mb L: 126/12901 MS: 1 EraseBytes-
#352300	REDUCE cov: 1475 ft: 4377 corp: 755/958Kb lim: 12901 exec/s: 3669 rss: 79Mb L: 210/12901 MS: 4 ChangeByte-ChangeASCIIInt-InsertByte-EraseBytes-
#352394	REDUCE cov: 1475 ft: 4377 corp: 755/958Kb lim: 12901 exec/s: 3670 rss: 79Mb L: 1444/12901 MS: 4 ShuffleBytes-EraseBytes-PersAutoDict-CrossOver- DE: "\001\000\000\000\377\377\377\377"-
#353375	REDUCE cov: 1475 ft: 4377 corp: 755/958Kb lim: 12901 exec/s: 3643 rss: 79Mb L: 132/12901 MS: 1 EraseBytes-
#353392	REDUCE cov: 1475 ft: 4377 corp: 755/958Kb lim: 12901 exec/s: 3643 rss: 79Mb L: 457/12901 MS: 2 ChangeBinInt-EraseBytes-
#354204	REDUCE cov: 1475 ft: 4377 corp: 755/958Kb lim: 12901 exec/s: 3651 rss: 79Mb L: 391/12901 MS: 2 ChangeASCIIInt-EraseBytes-
#354387	REDUCE cov: 1475 ft: 4377 corp: 755/958Kb lim: 12901 exec/s: 3653 rss: 79Mb L: 115/12901 MS: 3 ChangeASCIIInt-ChangeASCIIInt-EraseBytes-
#354533	REDUCE cov: 1475 ft: 4377 corp: 755/958Kb lim: 12901 exec/s: 3654 rss: 79Mb L: 90/12901 MS: 1 EraseBytes-
#355011	REDUCE cov: 1475 ft: 4377 corp: 755/958Kb lim: 12901 exec/s: 3659 rss: 79Mb L: 129/12901 MS: 3 InsertByte-CMP-EraseBytes- DE: "\005\000\000\000\000\000\000\000"-
#355097	REDUCE cov: 1475 ft: 4378 corp: 756/958Kb lim: 12901 exec/s: 3660 rss: 79Mb L: 130/12901 MS: 1 ChangeBit-
#356539	NEW    cov: 1475 ft: 4380 corp: 757/959Kb lim: 12901 exec/s: 3638 rss: 79Mb L: 1023/12901 MS: 2 ChangeBit-CMP- DE: "pCAL"-
#356785	REDUCE cov: 1476 ft: 4381 corp: 758/960Kb lim: 12901 exec/s: 3640 rss: 79Mb L: 258/12901 MS: 1 ChangeBinInt-
#357548	REDUCE cov: 1476 ft: 4381 corp: 758/960Kb lim: 12901 exec/s: 3648 rss: 79Mb L: 26/12901 MS: 3 ChangeByte-InsertByte-EraseBytes-
#357774	REDUCE cov: 1476 ft: 4381 corp: 758/960Kb lim: 12901 exec/s: 3650 rss: 79Mb L: 49/12901 MS: 1 EraseBytes-
#358857	REDUCE cov: 1476 ft: 4381 corp: 758/960Kb lim: 12901 exec/s: 3624 rss: 79Mb L: 165/12901 MS: 3 ChangeBit-ChangeASCIIInt-EraseBytes-
#358896	REDUCE cov: 1476 ft: 4381 corp: 758/959Kb lim: 12901 exec/s: 3625 rss: 79Mb L: 9462/12901 MS: 4 CMP-ShuffleBytes-InsertByte-EraseBytes- DE: "\377\377\377\377\377\377\377\302"-
#359407	REDUCE cov: 1476 ft: 4381 corp: 758/959Kb lim: 12901 exec/s: 3630 rss: 79Mb L: 28/12901 MS: 1 EraseBytes-
#360198	REDUCE cov: 1476 ft: 4381 corp: 758/959Kb lim: 12901 exec/s: 3638 rss: 79Mb L: 162/12901 MS: 1 EraseBytes-
#360215	REDUCE cov: 1476 ft: 4381 corp: 758/959Kb lim: 12901 exec/s: 3638 rss: 79Mb L: 311/12901 MS: 2 InsertRepeatedBytes-EraseBytes-
==14== libFuzzer: run interrupted; exiting
All 3 fuzz runs complete.
